[01m[K/home/bobdobchob/osu-uwrt/development/software/src/mercury_autonomy/mercury_autonomy/src/bt_actions/compute_frame_alignment.cpp:[m[K In member function ‘[01m[Kvirtual BT::NodeStatus mercury_autonomy::ComputeFrameAlignment::onRunning()[m[K’:
[01m[K/home/bobdobchob/osu-uwrt/development/software/src/mercury_autonomy/mercury_autonomy/src/bt_actions/compute_frame_alignment.cpp:45:37:[m[K [01;31m[Kerror: [m[K‘[01m[K::geometryMsgsToTf2Transform[m[K’ has not been declared
   45 |     const tf2::Transform tf_ttb = ::[01;31m[KgeometryMsgsToTf2Transform[m[K(geom_ttb_);
      |                                     [01;31m[K^~~~~~~~~~~~~~~~~~~~~~~~~~[m[K
[01m[K/home/bobdobchob/osu-uwrt/development/software/src/mercury_autonomy/mercury_autonomy/src/bt_actions/compute_frame_alignment.cpp:46:37:[m[K [01;31m[Kerror: [m[K‘[01m[K::geometryMsgsToTf2Transform[m[K’ has not been declared
   46 |     const tf2::Transform tf_twr = ::[01;31m[KgeometryMsgsToTf2Transform[m[K(geom_twr_);
      |                                     [01;31m[K^~~~~~~~~~~~~~~~~~~~~~~~~~[m[K
[01m[K/home/bobdobchob/osu-uwrt/development/software/src/mercury_autonomy/mercury_autonomy/src/bt_actions/compute_frame_alignment.cpp:47:37:[m[K [01;31m[Kerror: [m[K‘[01m[K::geometryMsgsToTf2Transform[m[K’ has not been declared
   47 |     const tf2::Transform tf_trt = ::[01;31m[KgeometryMsgsToTf2Transform[m[K(input_pose_);
      |                                     [01;31m[K^~~~~~~~~~~~~~~~~~~~~~~~~~[m[K
[01m[K/home/bobdobchob/osu-uwrt/development/software/src/mercury_autonomy/mercury_autonomy/src/bt_actions/compute_frame_alignment.cpp:50:24:[m[K [01;31m[Kerror: [m[K‘[01m[K::tf2TransformToGeometryMsgs[m[K’ has not been declared
   50 |     const auto out = ::[01;31m[Ktf2TransformToGeometryMsgs[m[K(tf_twb);
      |                        [01;31m[K^~~~~~~~~~~~~~~~~~~~~~~~~~[m[K
In file included from [01m[K/home/bobdobchob/osu-uwrt/development/software/src/mercury_autonomy/mercury_autonomy/src/bt_actions/publish_int8.cpp:3[m[K:
[01m[K/home/bobdobchob/osu-uwrt/development/software/src/mercury_autonomy/mercury_autonomy/include/mercury_autonomy/bt_actions/publish_int8.hpp:32:36:[m[K [01;31m[Kerror: [m[K‘[01m[KUInt16[m[K’ is not a member of ‘[01m[Kstd_msgs::msg[m[K’
   32 |   rclcpp::Publisher<std_msgs::msg::[01;31m[KUInt16[m[K>::SharedPtr pub_;
      |                                    [01;31m[K^~~~~~[m[K
[01m[K/home/bobdobchob/osu-uwrt/development/software/src/mercury_autonomy/mercury_autonomy/include/mercury_autonomy/bt_actions/publish_int8.hpp:32:42:[m[K [01;31m[Kerror: [m[Ktemplate argument 1 is invalid
   32 |   rclcpp::Publisher<std_msgs::msg::UInt16[01;31m[K>[m[K::SharedPtr pub_;
      |                                          [01;31m[K^[m[K
[01m[K/home/bobdobchob/osu-uwrt/development/software/src/mercury_autonomy/mercury_autonomy/include/mercury_autonomy/bt_actions/publish_int8.hpp:32:45:[m[K [01;31m[Kerror: [m[Kexpected ‘[01m[K;[m[K’ at end of member declaration
   32 |   rclcpp::Publisher<std_msgs::msg::UInt16>::[01;31m[KSharedPtr[m[K pub_;
      |                                             [01;31m[K^~~~~~~~~[m[K
      |                                                      [32m[K;[m[K
[01m[K/home/bobdobchob/osu-uwrt/development/software/src/mercury_autonomy/mercury_autonomy/include/mercury_autonomy/bt_actions/publish_int8.hpp:32:55:[m[K [01;31m[Kerror: [m[K‘[01m[Kpub_[m[K’ does not name a type
   32 |   rclcpp::Publisher<std_msgs::msg::UInt16>::SharedPtr [01;31m[Kpub_[m[K;
      |                                                       [01;31m[K^~~~[m[K
[01m[K/home/bobdobchob/osu-uwrt/development/software/src/mercury_autonomy/mercury_autonomy/src/bt_actions/publish_int8.cpp:[m[K In member function ‘[01m[Kvirtual BT::NodeStatus mercury_autonomy::PublishInt8::onStart()[m[K’:
[01m[K/home/bobdobchob/osu-uwrt/development/software/src/mercury_autonomy/mercury_autonomy/src/bt_actions/publish_int8.cpp:20:8:[m[K [01;31m[Kerror: [m[K‘[01m[Kpub_[m[K’ was not declared in this scope
   20 |   if (![01;31m[Kpub_[m[K || topic.value() != last_topic_) {
      |        [01;31m[K^~~~[m[K
[01m[K/home/bobdobchob/osu-uwrt/development/software/src/mercury_autonomy/mercury_autonomy/src/bt_actions/publish_int8.cpp:21:55:[m[K [01;31m[Kerror: [m[K‘[01m[KUInt16[m[K’ is not a member of ‘[01m[Kstd_msgs::msg[m[K’
   21 |     pub_ = rosNode()->create_publisher<std_msgs::msg::[01;31m[KUInt16[m[K>(topic.value(), 10);
      |                                                       [01;31m[K^~~~~~[m[K
[01m[K/home/bobdobchob/osu-uwrt/development/software/src/mercury_autonomy/mercury_autonomy/src/bt_actions/publish_int8.cpp:21:62:[m[K [01;31m[Kerror: [m[Kno matching function for call to ‘[01m[Krclcpp::Node::create_publisher<<expression error> >(nonstd::expected_lite::expected<std::__cxx11::basic_string<char>, std::__cxx11::basic_string<char> >::value_type&, int)[m[K’
   21 |     pub_ = [01;31m[KrosNode()->create_publisher<std_msgs::msg::UInt16>(topic.value(), 10)[m[K;
      |            [01;31m[K~~~~~~~~~~~~~~~~~~~~~~~~~~~~~~~~~~~~~~~~~~~~~~~~~~^~~~~~~~~~~~~~~~~~~[m[K
In file included from [01m[K/opt/ros/humble/include/rclcpp/rclcpp/executors/single_threaded_executor.hpp:28[m[K,
                 from [01m[K/opt/ros/humble/include/rclcpp/rclcpp/executors.hpp:22[m[K,
                 from [01m[K/opt/ros/humble/include/rclcpp/rclcpp/rclcpp.hpp:155[m[K,
                 from [01m[K/home/bobdobchob/osu-uwrt/development/software/src/mercury_autonomy/mercury_autonomy/include/mercury_autonomy/autonomy_base.hpp:20[m[K,
                 from [01m[K/home/bobdobchob/osu-uwrt/development/software/src/mercury_autonomy/mercury_autonomy/include/mercury_autonomy/autonomy_lib.hpp:6[m[K,
                 from [01m[K/home/bobdobchob/osu-uwrt/development/software/src/mercury_autonomy/mercury_autonomy/include/mercury_autonomy/bt_actions/publish_int8.hpp:5[m[K,
                 from [01m[K/home/bobdobchob/osu-uwrt/development/software/src/mercury_autonomy/mercury_autonomy/src/bt_actions/publish_int8.cpp:3[m[K:
[01m[K/opt/ros/humble/include/rclcpp/rclcpp/node.hpp:195:3:[m[K [01;36m[Knote: [m[Kcandidate: ‘[01m[Ktemplate<class MessageT, class AllocatorT, class PublisherT> std::shared_ptr<PublisherT> rclcpp::Node::create_publisher(const string&, const rclcpp::QoS&, const rclcpp::PublisherOptionsWithAllocator<AllocatorT>&)[m[K’
  195 |   [01;36m[Kcreate_publisher[m[K(
      |   [01;36m[K^~~~~~~~~~~~~~~~[m[K
[01m[K/opt/ros/humble/include/rclcpp/rclcpp/node.hpp:195:3:[m[K [01;36m[Knote: [m[K  template argument deduction/substitution failed:
[01m[K/home/bobdobchob/osu-uwrt/development/software/src/mercury_autonomy/mercury_autonomy/src/bt_actions/publish_int8.cpp:21:62:[m[K [01;31m[Kerror: [m[Ktemplate argument 1 is invalid
   21 |     pub_ = [01;31m[KrosNode()->create_publisher<std_msgs::msg::UInt16>(topic.value(), 10)[m[K;
      |            [01;31m[K~~~~~~~~~~~~~~~~~~~~~~~~~~~~~~~~~~~~~~~~~~~~~~~~~~^~~~~~~~~~~~~~~~~~~[m[K
[01m[K/home/bobdobchob/osu-uwrt/development/software/src/mercury_autonomy/mercury_autonomy/src/bt_actions/publish_int8.cpp:28:18:[m[K [01;31m[Kerror: [m[K‘[01m[KUInt16[m[K’ is not a member of ‘[01m[Kstd_msgs::msg[m[K’
   28 |   std_msgs::msg::[01;31m[KUInt16[m[K msg;
      |                  [01;31m[K^~~~~~[m[K
[01m[K/home/bobdobchob/osu-uwrt/development/software/src/mercury_autonomy/mercury_autonomy/src/bt_actions/publish_int8.cpp:29:3:[m[K [01;31m[Kerror: [m[K‘[01m[Kmsg[m[K’ was not declared in this scope
   29 |   [01;31m[Kmsg[m[K.data = static_cast<uint16_t>(data);
      |   [01;31m[K^~~[m[K
[01m[K/home/bobdobchob/osu-uwrt/development/software/src/mercury_autonomy/mercury_autonomy/src/bt_actions/publish_int8.cpp:29:3:[m[K [01;36m[Knote: [m[Ksuggested alternatives:
In file included from [01m[K/opt/ros/humble/include/builtin_interfaces/builtin_interfaces/msg/duration.hpp:7[m[K,
                 from [01m[K/opt/ros/humble/include/rclcpp/rclcpp/duration.hpp:20[m[K,
                 from [01m[K/opt/ros/humble/include/rclcpp/rclcpp/qos.hpp:20[m[K,
                 from [01m[K/opt/ros/humble/include/rclcpp/rclcpp/node_interfaces/node_graph_interface.hpp:32[m[K,
                 from [01m[K/opt/ros/humble/include/rclcpp/rclcpp/client.hpp:42[m[K,
                 from [01m[K/opt/ros/humble/include/rclcpp/rclcpp/callback_group.hpp:24[m[K,
                 from [01m[K/opt/ros/humble/include/rclcpp/rclcpp/any_executable.hpp:20[m[K,
                 from [01m[K/opt/ros/humble/include/rclcpp/rclcpp/memory_strategy.hpp:25[m[K,
                 from [01m[K/opt/ros/humble/include/rclcpp/rclcpp/memory_strategies.hpp:18[m[K,
                 from [01m[K/opt/ros/humble/include/rclcpp/rclcpp/executor_options.hpp:20[m[K,
                 from [01m[K/opt/ros/humble/include/rclcpp/rclcpp/executor.hpp:37[m[K,
                 from [01m[K/opt/ros/humble/include/rclcpp/rclcpp/executors/multi_threaded_executor.hpp:25[m[K,
                 from [01m[K/opt/ros/humble/include/rclcpp/rclcpp/executors.hpp:21[m[K,
                 from [01m[K/opt/ros/humble/include/rclcpp/rclcpp/rclcpp.hpp:155[m[K,
                 from [01m[K/home/bobdobchob/osu-uwrt/development/software/src/mercury_autonomy/mercury_autonomy/include/mercury_autonomy/autonomy_base.hpp:20[m[K,
                 from [01m[K/home/bobdobchob/osu-uwrt/development/software/src/mercury_autonomy/mercury_autonomy/include/mercury_autonomy/autonomy_lib.hpp:6[m[K,
                 from [01m[K/home/bobdobchob/osu-uwrt/development/software/src/mercury_autonomy/mercury_autonomy/include/mercury_autonomy/bt_actions/publish_int8.hpp:5[m[K,
                 from [01m[K/home/bobdobchob/osu-uwrt/development/software/src/mercury_autonomy/mercury_autonomy/src/bt_actions/publish_int8.cpp:3[m[K:
[01m[K/opt/ros/humble/include/builtin_interfaces/builtin_interfaces/msg/detail/duration__struct.hpp:27:11:[m[K [01;36m[Knote: [m[K  ‘[01m[Kbuiltin_interfaces::msg[m[K’
   27 | namespace [01;36m[Kmsg[m[K
      |           [01;36m[K^~~[m[K
In file included from [01m[K/opt/ros/humble/include/rcl_interfaces/rcl_interfaces/msg/set_parameters_result.hpp:7[m[K,
                 from [01m[K/opt/ros/humble/include/rclcpp/rclcpp/qos_overriding_options.hpp:28[m[K,
                 from [01m[K/opt/ros/humble/include/rclcpp/rclcpp/subscription_options.hpp:30[m[K,
                 from [01m[K/opt/ros/humble/include/rclcpp/rclcpp/subscription.hpp:45[m[K,
                 from [01m[K/opt/ros/humble/include/rclcpp/rclcpp/any_executable.hpp:25[m[K,
                 from [01m[K/opt/ros/humble/include/rclcpp/rclcpp/memory_strategy.hpp:25[m[K,
                 from [01m[K/opt/ros/humble/include/rclcpp/rclcpp/memory_strategies.hpp:18[m[K,
                 from [01m[K/opt/ros/humble/include/rclcpp/rclcpp/executor_options.hpp:20[m[K,
                 from [01m[K/opt/ros/humble/include/rclcpp/rclcpp/executor.hpp:37[m[K,
                 from [01m[K/opt/ros/humble/include/rclcpp/rclcpp/executors/multi_threaded_executor.hpp:25[m[K,
                 from [01m[K/opt/ros/humble/include/rclcpp/rclcpp/executors.hpp:21[m[K,
                 from [01m[K/opt/ros/humble/include/rclcpp/rclcpp/rclcpp.hpp:155[m[K,
                 from [01m[K/home/bobdobchob/osu-uwrt/development/software/src/mercury_autonomy/mercury_autonomy/include/mercury_autonomy/autonomy_base.hpp:20[m[K,
                 from [01m[K/home/bobdobchob/osu-uwrt/development/software/src/mercury_autonomy/mercury_autonomy/include/mercury_autonomy/autonomy_lib.hpp:6[m[K,
                 from [01m[K/home/bobdobchob/osu-uwrt/development/software/src/mercury_autonomy/mercury_autonomy/include/mercury_autonomy/bt_actions/publish_int8.hpp:5[m[K,
                 from [01m[K/home/bobdobchob/osu-uwrt/development/software/src/mercury_autonomy/mercury_autonomy/src/bt_actions/publish_int8.cpp:3[m[K:
[01m[K/opt/ros/humble/include/rcl_interfaces/rcl_interfaces/msg/detail/set_parameters_result__struct.hpp:27:11:[m[K [01;36m[Knote: [m[K  ‘[01m[Krcl_interfaces::msg[m[K’
   27 | namespace [01;36m[Kmsg[m[K
      |           [01;36m[K^~~[m[K
In file included from [01m[K/opt/ros/humble/include/statistics_msgs/statistics_msgs/msg/detail/metrics_message__struct.hpp:23[m[K,
                 from [01m[K/opt/ros/humble/include/statistics_msgs/statistics_msgs/msg/metrics_message.hpp:7[m[K,
                 from [01m[K/opt/ros/humble/include/libstatistics_collector/libstatistics_collector/collector/generate_statistics_message.hpp:21[m[K,
                 from [01m[K/opt/ros/humble/include/rclcpp/rclcpp/topic_statistics/subscription_topic_statistics.hpp:23[m[K,
                 from [01m[K/opt/ros/humble/include/rclcpp/rclcpp/subscription.hpp:50[m[K,
                 from [01m[K/opt/ros/humble/include/rclcpp/rclcpp/any_executable.hpp:25[m[K,
                 from [01m[K/opt/ros/humble/include/rclcpp/rclcpp/memory_strategy.hpp:25[m[K,
                 from [01m[K/opt/ros/humble/include/rclcpp/rclcpp/memory_strategies.hpp:18[m[K,
                 from [01m[K/opt/ros/humble/include/rclcpp/rclcpp/executor_options.hpp:20[m[K,
                 from [01m[K/opt/ros/humble/include/rclcpp/rclcpp/executor.hpp:37[m[K,
                 from [01m[K/opt/ros/humble/include/rclcpp/rclcpp/executors/multi_threaded_executor.hpp:25[m[K,
                 from [01m[K/opt/ros/humble/include/rclcpp/rclcpp/executors.hpp:21[m[K,
                 from [01m[K/opt/ros/humble/include/rclcpp/rclcpp/rclcpp.hpp:155[m[K,
                 from [01m[K/home/bobdobchob/osu-uwrt/development/software/src/mercury_autonomy/mercury_autonomy/include/mercury_autonomy/autonomy_base.hpp:20[m[K,
                 from [01m[K/home/bobdobchob/osu-uwrt/development/software/src/mercury_autonomy/mercury_autonomy/include/mercury_autonomy/autonomy_lib.hpp:6[m[K,
                 from [01m[K/home/bobdobchob/osu-uwrt/development/software/src/mercury_autonomy/mercury_autonomy/include/mercury_autonomy/bt_actions/publish_int8.hpp:5[m[K,
                 from [01m[K/home/bobdobchob/osu-uwrt/development/software/src/mercury_autonomy/mercury_autonomy/src/bt_actions/publish_int8.cpp:3[m[K:
[01m[K/opt/ros/humble/include/statistics_msgs/statistics_msgs/msg/detail/statistic_data_point__struct.hpp:27:11:[m[K [01;36m[Knote: [m[K  ‘[01m[Kstatistics_msgs::msg[m[K’
   27 | namespace [01;36m[Kmsg[m[K
      |           [01;36m[K^~~[m[K
In file included from [01m[K/opt/ros/humble/include/action_msgs/action_msgs/msg/detail/goal_info__struct.hpp:20[m[K,
                 from [01m[K/opt/ros/humble/include/action_msgs/action_msgs/msg/detail/goal_status__struct.hpp:20[m[K,
                 from [01m[K/opt/ros/humble/include/action_msgs/action_msgs/msg/goal_status.hpp:7[m[K,
                 from [01m[K/opt/ros/humble/include/rclcpp_action/rclcpp_action/client_goal_handle.hpp:25[m[K,
                 from [01m[K/opt/ros/humble/include/rclcpp_action/rclcpp_action/client.hpp:43[m[K,
                 from [01m[K/opt/ros/humble/include/rclcpp_action/rclcpp_action/rclcpp_action.hpp:36[m[K,
                 from [01m[K/home/bobdobchob/osu-uwrt/development/software/src/mercury_autonomy/mercury_autonomy/include/mercury_autonomy/autonomy_base.hpp:21[m[K,
                 from [01m[K/home/bobdobchob/osu-uwrt/development/software/src/mercury_autonomy/mercury_autonomy/include/mercury_autonomy/autonomy_lib.hpp:6[m[K,
                 from [01m[K/home/bobdobchob/osu-uwrt/development/software/src/mercury_autonomy/mercury_autonomy/include/mercury_autonomy/bt_actions/publish_int8.hpp:5[m[K,
                 from [01m[K/home/bobdobchob/osu-uwrt/development/software/src/mercury_autonomy/mercury_autonomy/src/bt_actions/publish_int8.cpp:3[m[K:
[01m[K/opt/ros/humble/include/unique_identifier_msgs/unique_identifier_msgs/msg/detail/uuid__struct.hpp:27:11:[m[K [01;36m[Knote: [m[K  ‘[01m[Kunique_identifier_msgs::msg[m[K’
   27 | namespace [01;36m[Kmsg[m[K
      |           [01;36m[K^~~[m[K
In file included from [01m[K/opt/ros/humble/include/action_msgs/action_msgs/msg/detail/goal_status__struct.hpp:20[m[K,
                 from [01m[K/opt/ros/humble/include/action_msgs/action_msgs/msg/goal_status.hpp:7[m[K,
                 from [01m[K/opt/ros/humble/include/rclcpp_action/rclcpp_action/client_goal_handle.hpp:25[m[K,
                 from [01m[K/opt/ros/humble/include/rclcpp_action/rclcpp_action/client.hpp:43[m[K,
                 from [01m[K/opt/ros/humble/include/rclcpp_action/rclcpp_action/rclcpp_action.hpp:36[m[K,
                 from [01m[K/home/bobdobchob/osu-uwrt/development/software/src/mercury_autonomy/mercury_autonomy/include/mercury_autonomy/autonomy_base.hpp:21[m[K,
                 from [01m[K/home/bobdobchob/osu-uwrt/development/software/src/mercury_autonomy/mercury_autonomy/include/mercury_autonomy/autonomy_lib.hpp:6[m[K,
                 from [01m[K/home/bobdobchob/osu-uwrt/development/software/src/mercury_autonomy/mercury_autonomy/include/mercury_autonomy/bt_actions/publish_int8.hpp:5[m[K,
                 from [01m[K/home/bobdobchob/osu-uwrt/development/software/src/mercury_autonomy/mercury_autonomy/src/bt_actions/publish_int8.cpp:3[m[K:
[01m[K/opt/ros/humble/include/action_msgs/action_msgs/msg/detail/goal_info__struct.hpp:33:11:[m[K [01;36m[Knote: [m[K  ‘[01m[Kaction_msgs::msg[m[K’
   33 | namespace [01;36m[Kmsg[m[K
      |           [01;36m[K^~~[m[K
In file included from [01m[K/opt/ros/humble/include/geometry_msgs/geometry_msgs/msg/detail/transform_stamped__struct.hpp:20[m[K,
                 from [01m[K/opt/ros/humble/include/geometry_msgs/geometry_msgs/msg/transform_stamped.hpp:7[m[K,
                 from [01m[K/opt/ros/humble/include/tf2/tf2/buffer_core.hpp:48[m[K,
                 from [01m[K/opt/ros/humble/include/tf2_ros/tf2_ros/async_buffer_interface.h:39[m[K,
                 from [01m[K/opt/ros/humble/include/tf2_ros/tf2_ros/buffer.h:41[m[K,
                 from [01m[K/home/bobdobchob/osu-uwrt/development/software/src/mercury_autonomy/mercury_autonomy/include/mercury_autonomy/autonomy_base.hpp:28[m[K,
                 from [01m[K/home/bobdobchob/osu-uwrt/development/software/src/mercury_autonomy/mercury_autonomy/include/mercury_autonomy/autonomy_lib.hpp:6[m[K,
                 from [01m[K/home/bobdobchob/osu-uwrt/development/software/src/mercury_autonomy/mercury_autonomy/include/mercury_autonomy/bt_actions/publish_int8.hpp:5[m[K,
                 from [01m[K/home/bobdobchob/osu-uwrt/development/software/src/mercury_autonomy/mercury_autonomy/src/bt_actions/publish_int8.cpp:3[m[K:
[01m[K/opt/ros/humble/include/std_msgs/std_msgs/msg/detail/header__struct.hpp:31:11:[m[K [01;36m[Knote: [m[K  ‘[01m[Kstd_msgs::msg[m[K’
   31 | namespace [01;36m[Kmsg[m[K
      |           [01;36m[K^~~[m[K
In file included from [01m[K/opt/ros/humble/include/geometry_msgs/geometry_msgs/msg/detail/transform__struct.hpp:20[m[K,
                 from [01m[K/opt/ros/humble/include/geometry_msgs/geometry_msgs/msg/detail/transform_stamped__struct.hpp:22[m[K,
                 from [01m[K/opt/ros/humble/include/geometry_msgs/geometry_msgs/msg/transform_stamped.hpp:7[m[K,
                 from [01m[K/opt/ros/humble/include/tf2/tf2/buffer_core.hpp:48[m[K,
                 from [01m[K/opt/ros/humble/include/tf2_ros/tf2_ros/async_buffer_interface.h:39[m[K,
                 from [01m[K/opt/ros/humble/include/tf2_ros/tf2_ros/buffer.h:41[m[K,
                 from [01m[K/home/bobdobchob/osu-uwrt/development/software/src/mercury_autonomy/mercury_autonomy/include/mercury_autonomy/autonomy_base.hpp:28[m[K,
                 from [01m[K/home/bobdobchob/osu-uwrt/development/software/src/mercury_autonomy/mercury_autonomy/include/mercury_autonomy/autonomy_lib.hpp:6[m[K,
                 from [01m[K/home/bobdobchob/osu-uwrt/development/software/src/mercury_autonomy/mercury_autonomy/include/mercury_autonomy/bt_actions/publish_int8.hpp:5[m[K,
                 from [01m[K/home/bobdobchob/osu-uwrt/development/software/src/mercury_autonomy/mercury_autonomy/src/bt_actions/publish_int8.cpp:3[m[K:
[01m[K/opt/ros/humble/include/geometry_msgs/geometry_msgs/msg/detail/vector3__struct.hpp:27:11:[m[K [01;36m[Knote: [m[K  ‘[01m[Kgeometry_msgs::msg[m[K’
   27 | namespace [01;36m[Kmsg[m[K
      |           [01;36m[K^~~[m[K
In file included from [01m[K/opt/ros/humble/include/tf2_msgs/tf2_msgs/msg/tf_message.hpp:7[m[K,
                 from [01m[K/opt/ros/humble/include/tf2_ros/tf2_ros/transform_listener.h:44[m[K,
                 from [01m[K/home/bobdobchob/osu-uwrt/development/software/src/mercury_autonomy/mercury_autonomy/include/mercury_autonomy/autonomy_base.hpp:29[m[K,
                 from [01m[K/home/bobdobchob/osu-uwrt/development/software/src/mercury_autonomy/mercury_autonomy/include/mercury_autonomy/autonomy_lib.hpp:6[m[K,
                 from [01m[K/home/bobdobchob/osu-uwrt/development/software/src/mercury_autonomy/mercury_autonomy/include/mercury_autonomy/bt_actions/publish_int8.hpp:5[m[K,
                 from [01m[K/home/bobdobchob/osu-uwrt/development/software/src/mercury_autonomy/mercury_autonomy/src/bt_actions/publish_int8.cpp:3[m[K:
[01m[K/opt/ros/humble/include/tf2_msgs/tf2_msgs/msg/detail/tf_message__struct.hpp:31:11:[m[K [01;36m[Knote: [m[K  ‘[01m[Ktf2_msgs::msg[m[K’
   31 | namespace [01;36m[Kmsg[m[K
      |           [01;36m[K^~~[m[K
In file included from [01m[K/opt/ros/humble/include/nav_msgs/nav_msgs/msg/odometry.hpp:7[m[K,
                 from [01m[K/home/bobdobchob/osu-uwrt/development/software/src/mercury_autonomy/mercury_autonomy/include/mercury_autonomy/autonomy_base.hpp:39[m[K,
                 from [01m[K/home/bobdobchob/osu-uwrt/development/software/src/mercury_autonomy/mercury_autonomy/include/mercury_autonomy/autonomy_lib.hpp:6[m[K,
                 from [01m[K/home/bobdobchob/osu-uwrt/development/software/src/mercury_autonomy/mercury_autonomy/include/mercury_autonomy/bt_actions/publish_int8.hpp:5[m[K,
                 from [01m[K/home/bobdobchob/osu-uwrt/development/software/src/mercury_autonomy/mercury_autonomy/src/bt_actions/publish_int8.cpp:3[m[K:
[01m[K/opt/ros/humble/include/nav_msgs/nav_msgs/msg/detail/odometry__struct.hpp:35:11:[m[K [01;36m[Knote: [m[K  ‘[01m[Knav_msgs::msg[m[K’
   35 | namespace [01;36m[Kmsg[m[K
      |           [01;36m[K^~~[m[K
In file included from [01m[K/opt/ros/humble/include/sensor_msgs/sensor_msgs/msg/imu.hpp:7[m[K,
                 from [01m[K/home/bobdobchob/osu-uwrt/development/software/src/mercury_autonomy/mercury_autonomy/include/mercury_autonomy/autonomy_base.hpp:40[m[K,
                 from [01m[K/home/bobdobchob/osu-uwrt/development/software/src/mercury_autonomy/mercury_autonomy/include/mercury_autonomy/autonomy_lib.hpp:6[m[K,
                 from [01m[K/home/bobdobchob/osu-uwrt/development/software/src/mercury_autonomy/mercury_autonomy/include/mercury_autonomy/bt_actions/publish_int8.hpp:5[m[K,
                 from [01m[K/home/bobdobchob/osu-uwrt/development/software/src/mercury_autonomy/mercury_autonomy/src/bt_actions/publish_int8.cpp:3[m[K:
[01m[K/opt/ros/humble/include/sensor_msgs/sensor_msgs/msg/detail/imu__struct.hpp:36:11:[m[K [01;36m[Knote: [m[K  ‘[01m[Ksensor_msgs::msg[m[K’
   36 | namespace [01;36m[Kmsg[m[K
      |           [01;36m[K^~~[m[K
[01m[K/home/bobdobchob/osu-uwrt/development/software/src/mercury_autonomy/mercury_autonomy/src/bt_actions/publish_int8.cpp:30:3:[m[K [01;31m[Kerror: [m[K‘[01m[Kpub_[m[K’ was not declared in this scope
   30 |   [01;31m[Kpub_[m[K->publish(msg);
      |   [01;31m[K^~~~[m[K
In file included from [01m[K/home/bobdobchob/osu-uwrt/development/software/src/mercury_autonomy/mercury_autonomy/src/bt_actions/set_controller_safe_mode.cpp:3[m[K:
[01m[K/home/bobdobchob/osu-uwrt/development/software/src/mercury_autonomy/mercury_autonomy/include/mercury_autonomy/bt_actions/set_controller_safe_mode.hpp:[m[K In static member function ‘[01m[Kstatic BT::PortsList mercury_autonomy::SetControllerSafeMode::providedPorts()[m[K’:
[01m[K/home/bobdobchob/osu-uwrt/development/software/src/mercury_autonomy/mercury_autonomy/include/mercury_autonomy/bt_actions/set_controller_safe_mode.hpp:20:26:[m[K [01;31m[Kerror: [m[Kno matching function for call to ‘[01m[KInputPort<bool>(const char [5], bool)[m[K’
   20 |       [01;31m[KBT::InputPort<bool>("safe", true)[m[K,
      |       [01;31m[K~~~~~~~~~~~~~~~~~~~^~~~~~~~~~~~~~[m[K
In file included from [01m[K/home/bobdobchob/osu-uwrt/development/software/install/behaviortree_cpp/include/behaviortree_cpp/tree_node.h:16[m[K,
                 from [01m[K/home/bobdobchob/osu-uwrt/development/software/install/behaviortree_cpp/include/behaviortree_cpp/leaf_node.h:17[m[K,
                 from [01m[K/home/bobdobchob/osu-uwrt/development/software/install/behaviortree_cpp/include/behaviortree_cpp/action_node.h:17[m[K,
                 from [01m[K/home/bobdobchob/osu-uwrt/development/software/install/behaviortree_cpp/include/behaviortree_cpp/behavior_tree.h:16[m[K,
                 from [01m[K/home/bobdobchob/osu-uwrt/development/software/src/mercury_autonomy/mercury_autonomy/include/mercury_autonomy/autonomy_base.hpp:15[m[K,
                 from [01m[K/home/bobdobchob/osu-uwrt/development/software/src/mercury_autonomy/mercury_autonomy/include/mercury_autonomy/autonomy_lib.hpp:6[m[K,
                 from [01m[K/home/bobdobchob/osu-uwrt/development/software/src/mercury_autonomy/mercury_autonomy/include/mercury_autonomy/bt_actions/set_controller_safe_mode.hpp:5[m[K,
                 from [01m[K/home/bobdobchob/osu-uwrt/development/software/src/mercury_autonomy/mercury_autonomy/src/bt_actions/set_controller_safe_mode.cpp:3[m[K:
[01m[K/home/bobdobchob/osu-uwrt/development/software/install/behaviortree_cpp/include/behaviortree_cpp/basic_types.h:484:1:[m[K [01;36m[Knote: [m[Kcandidate: ‘[01m[Kstd::pair<std::__cxx11::basic_string<char>, BT::PortInfo> BT::InputPort(BT::StringView, BT::StringView) [with T = bool; BT::StringView = std::basic_string_view<char>][m[K’
  484 | [01;36m[KInputPort[m[K(StringView name, StringView description = {})
      | [01;36m[K^~~~~~~~~[m[K
[01m[K/home/bobdobchob/osu-uwrt/development/software/install/behaviortree_cpp/include/behaviortree_cpp/basic_types.h:484:39:[m[K [01;36m[Knote: [m[K  no known conversion for argument 2 from ‘[01m[Kbool[m[K’ to ‘[01m[KBT::StringView[m[K’ {aka ‘[01m[Kstd::basic_string_view<char>[m[K’}
  484 | InputPort(StringView name, [01;36m[KStringView description = {}[m[K)
      |                            [01;36m[K~~~~~~~~~~~^~~~~~~~~~~~~~~~[m[K
[01m[K/home/bobdobchob/osu-uwrt/development/software/install/behaviortree_cpp/include/behaviortree_cpp/basic_types.h:554:1:[m[K [01;36m[Knote: [m[Kcandidate: ‘[01m[Ktemplate<class T, class DefaultT> std::pair<std::__cxx11::basic_string<char>, BT::PortInfo> BT::InputPort(BT::StringView, const DefaultT&, BT::StringView)[m[K’
  554 | [01;36m[KInputPort[m[K(StringView name, const DefaultT& default_value, StringView description)
      | [01;36m[K^~~~~~~~~[m[K
[01m[K/home/bobdobchob/osu-uwrt/development/software/install/behaviortree_cpp/include/behaviortree_cpp/basic_types.h:554:1:[m[K [01;36m[Knote: [m[K  template argument deduction/substitution failed:
In file included from [01m[K/home/bobdobchob/osu-uwrt/development/software/src/mercury_autonomy/mercury_autonomy/src/bt_actions/set_controller_safe_mode.cpp:3[m[K:
[01m[K/home/bobdobchob/osu-uwrt/development/software/src/mercury_autonomy/mercury_autonomy/include/mercury_autonomy/bt_actions/set_controller_safe_mode.hpp:20:26:[m[K [01;36m[Knote: [m[K  candidate expects 3 arguments, 2 provided
   20 |       [01;36m[KBT::InputPort<bool>("safe", true)[m[K,
      |       [01;36m[K~~~~~~~~~~~~~~~~~~~^~~~~~~~~~~~~~[m[K
[01m[K/home/bobdobchob/osu-uwrt/development/software/src/mercury_autonomy/mercury_autonomy/include/mercury_autonomy/bt_actions/set_controller_safe_mode.hpp:21:28:[m[K [01;31m[Kerror: [m[Kno matching function for call to ‘[01m[KInputPort<double>(const char [13], double)[m[K’
   21 |       [01;31m[KBT::InputPort<double>("timeout_secs", 0.0)[m[K,
      |       [01;31m[K~~~~~~~~~~~~~~~~~~~~~^~~~~~~~~~~~~~~~~~~~~[m[K
In file included from [01m[K/home/bobdobchob/osu-uwrt/development/software/install/behaviortree_cpp/include/behaviortree_cpp/tree_node.h:16[m[K,
                 from [01m[K/home/bobdobchob/osu-uwrt/development/software/install/behaviortree_cpp/include/behaviortree_cpp/leaf_node.h:17[m[K,
                 from [01m[K/home/bobdobchob/osu-uwrt/development/software/install/behaviortree_cpp/include/behaviortree_cpp/action_node.h:17[m[K,
                 from [01m[K/home/bobdobchob/osu-uwrt/development/software/install/behaviortree_cpp/include/behaviortree_cpp/behavior_tree.h:16[m[K,
                 from [01m[K/home/bobdobchob/osu-uwrt/development/software/src/mercury_autonomy/mercury_autonomy/include/mercury_autonomy/autonomy_base.hpp:15[m[K,
                 from [01m[K/home/bobdobchob/osu-uwrt/development/software/src/mercury_autonomy/mercury_autonomy/include/mercury_autonomy/autonomy_lib.hpp:6[m[K,
                 from [01m[K/home/bobdobchob/osu-uwrt/development/software/src/mercury_autonomy/mercury_autonomy/include/mercury_autonomy/bt_actions/set_controller_safe_mode.hpp:5[m[K,
                 from [01m[K/home/bobdobchob/osu-uwrt/development/software/src/mercury_autonomy/mercury_autonomy/src/bt_actions/set_controller_safe_mode.cpp:3[m[K:
[01m[K/home/bobdobchob/osu-uwrt/development/software/install/behaviortree_cpp/include/behaviortree_cpp/basic_types.h:484:1:[m[K [01;36m[Knote: [m[Kcandidate: ‘[01m[Kstd::pair<std::__cxx11::basic_string<char>, BT::PortInfo> BT::InputPort(BT::StringView, BT::StringView) [with T = double; BT::StringView = std::basic_string_view<char>][m[K’
  484 | [01;36m[KInputPort[m[K(StringView name, StringView description = {})
      | [01;36m[K^~~~~~~~~[m[K
[01m[K/home/bobdobchob/osu-uwrt/development/software/install/behaviortree_cpp/include/behaviortree_cpp/basic_types.h:484:39:[m[K [01;36m[Knote: [m[K  no known conversion for argument 2 from ‘[01m[Kdouble[m[K’ to ‘[01m[KBT::StringView[m[K’ {aka ‘[01m[Kstd::basic_string_view<char>[m[K’}
  484 | InputPort(StringView name, [01;36m[KStringView description = {}[m[K)
      |                            [01;36m[K~~~~~~~~~~~^~~~~~~~~~~~~~~~[m[K
[01m[K/home/bobdobchob/osu-uwrt/development/software/install/behaviortree_cpp/include/behaviortree_cpp/basic_types.h:554:1:[m[K [01;36m[Knote: [m[Kcandidate: ‘[01m[Ktemplate<class T, class DefaultT> std::pair<std::__cxx11::basic_string<char>, BT::PortInfo> BT::InputPort(BT::StringView, const DefaultT&, BT::StringView)[m[K’
  554 | [01;36m[KInputPort[m[K(StringView name, const DefaultT& default_value, StringView description)
      | [01;36m[K^~~~~~~~~[m[K
[01m[K/home/bobdobchob/osu-uwrt/development/software/install/behaviortree_cpp/include/behaviortree_cpp/basic_types.h:554:1:[m[K [01;36m[Knote: [m[K  template argument deduction/substitution failed:
In file included from [01m[K/home/bobdobchob/osu-uwrt/development/software/src/mercury_autonomy/mercury_autonomy/src/bt_actions/set_controller_safe_mode.cpp:3[m[K:
[01m[K/home/bobdobchob/osu-uwrt/development/software/src/mercury_autonomy/mercury_autonomy/include/mercury_autonomy/bt_actions/set_controller_safe_mode.hpp:21:28:[m[K [01;36m[Knote: [m[K  candidate expects 3 arguments, 2 provided
   21 |       [01;36m[KBT::InputPort<double>("timeout_secs", 0.0)[m[K,
      |       [01;36m[K~~~~~~~~~~~~~~~~~~~~~^~~~~~~~~~~~~~~~~~~~~[m[K
[01m[K/home/bobdobchob/osu-uwrt/development/software/src/mercury_autonomy/mercury_autonomy/include/mercury_autonomy/bt_actions/set_controller_safe_mode.hpp:22:5:[m[K [01;31m[Kerror: [m[Kcould not convert ‘[01m[K{<expression error>, <expression error>}[m[K’ from ‘[01m[K<brace-enclosed initializer list>[m[K’ to ‘[01m[KBT::PortsList[m[K’ {aka ‘[01m[Kstd::unordered_map<std::__cxx11::basic_string<char>, BT::PortInfo>[m[K’}
   22 |     [01;31m[K}[m[K;
      |     [01;31m[K^[m[K
      |     [01;31m[K|[m[K
      |     [01;31m[K<brace-enclosed initializer list>[m[K
[01m[K/home/bobdobchob/osu-uwrt/development/software/src/mercury_autonomy/mercury_autonomy/src/bt_actions/set_mapping_target.cpp:[m[K In member function ‘[01m[Kvirtual BT::NodeStatus mercury_autonomy::SetMappingTarget::onStart()[m[K’:
[01m[K/home/bobdobchob/osu-uwrt/development/software/src/mercury_autonomy/mercury_autonomy/src/bt_actions/set_mapping_target.cpp:39:48:[m[K [01;35m[Kwarning: [m[K‘[01m[Krclcpp::Client<ServiceT>::FutureAndRequestId::operator rclcpp::Client<ServiceT>::SharedFuture() [with ServiceT = mercury_msgs::srv::MappingTarget; rclcpp::Client<ServiceT>::SharedFuture = std::shared_future<std::shared_ptr<mercury_msgs::srv::MappingTarget_Response_<std::allocator<void> > > >][m[K’ is deprecated: FutureAndRequestId: use .future.share() instead of an implicit conversion [[01;35m[K]8;;https://gcc.gnu.org/onlinedocs/gcc/Warning-Options.html#index-Wdeprecated-declarations-Wdeprecated-declarations]8;;[m[K]
   39 |   future_ = client_->async_send_request(request[01;35m[K)[m[K;
      |                                                [01;35m[K^[m[K
In file included from [01m[K/opt/ros/humble/include/rclcpp/rclcpp/callback_group.hpp:24[m[K,
                 from [01m[K/opt/ros/humble/include/rclcpp/rclcpp/any_executable.hpp:20[m[K,
                 from [01m[K/opt/ros/humble/include/rclcpp/rclcpp/memory_strategy.hpp:25[m[K,
                 from [01m[K/opt/ros/humble/include/rclcpp/rclcpp/memory_strategies.hpp:18[m[K,
                 from [01m[K/opt/ros/humble/include/rclcpp/rclcpp/executor_options.hpp:20[m[K,
                 from [01m[K/opt/ros/humble/include/rclcpp/rclcpp/executor.hpp:37[m[K,
                 from [01m[K/opt/ros/humble/include/rclcpp/rclcpp/executors/multi_threaded_executor.hpp:25[m[K,
                 from [01m[K/opt/ros/humble/include/rclcpp/rclcpp/executors.hpp:21[m[K,
                 from [01m[K/opt/ros/humble/include/rclcpp/rclcpp/rclcpp.hpp:155[m[K,
                 from [01m[K/home/bobdobchob/osu-uwrt/development/software/src/mercury_autonomy/mercury_autonomy/include/mercury_autonomy/autonomy_base.hpp:20[m[K,
                 from [01m[K/home/bobdobchob/osu-uwrt/development/software/src/mercury_autonomy/mercury_autonomy/include/mercury_autonomy/autonomy_lib.hpp:6[m[K,
                 from [01m[K/home/bobdobchob/osu-uwrt/development/software/src/mercury_autonomy/mercury_autonomy/include/mercury_autonomy/bt_actions/set_mapping_target.hpp:5[m[K,
                 from [01m[K/home/bobdobchob/osu-uwrt/development/software/src/mercury_autonomy/mercury_autonomy/src/bt_actions/set_mapping_target.cpp:3[m[K:
[01m[K/opt/ros/humble/include/rclcpp/rclcpp/client.hpp:415:5:[m[K [01;36m[Knote: [m[Kdeclared here
  415 |     [01;36m[Koperator[m[K SharedFuture() {return this->future.share();}
      |     [01;36m[K^~~~~~~~[m[K
In file included from [01m[K/home/bobdobchob/osu-uwrt/development/software/src/mercury_autonomy/mercury_autonomy/src/bt_actions/publish_to_controller.cpp:3[m[K:
[01m[K/home/bobdobchob/osu-uwrt/development/software/src/mercury_autonomy/mercury_autonomy/include/mercury_autonomy/bt_actions/publish_to_controller.hpp:[m[K In static member function ‘[01m[Kstatic BT::PortsList mercury_autonomy::PublishToController::providedPorts()[m[K’:
[01m[K/home/bobdobchob/osu-uwrt/development/software/src/mercury_autonomy/mercury_autonomy/include/mercury_autonomy/bt_actions/publish_to_controller.hpp:21:26:[m[K [01;31m[Kerror: [m[Kno matching function for call to ‘[01m[KInputPort<bool>(const char [14], bool)[m[K’
   21 |       [01;31m[KBT::InputPort<bool>("isOrientation", false)[m[K,
      |       [01;31m[K~~~~~~~~~~~~~~~~~~~^~~~~~~~~~~~~~~~~~~~~~~~[m[K
In file included from [01m[K/home/bobdobchob/osu-uwrt/development/software/install/behaviortree_cpp/include/behaviortree_cpp/tree_node.h:16[m[K,
                 from [01m[K/home/bobdobchob/osu-uwrt/development/software/install/behaviortree_cpp/include/behaviortree_cpp/leaf_node.h:17[m[K,
                 from [01m[K/home/bobdobchob/osu-uwrt/development/software/install/behaviortree_cpp/include/behaviortree_cpp/action_node.h:17[m[K,
                 from [01m[K/home/bobdobchob/osu-uwrt/development/software/install/behaviortree_cpp/include/behaviortree_cpp/behavior_tree.h:16[m[K,
                 from [01m[K/home/bobdobchob/osu-uwrt/development/software/src/mercury_autonomy/mercury_autonomy/include/mercury_autonomy/autonomy_base.hpp:15[m[K,
                 from [01m[K/home/bobdobchob/osu-uwrt/development/software/src/mercury_autonomy/mercury_autonomy/include/mercury_autonomy/autonomy_lib.hpp:6[m[K,
                 from [01m[K/home/bobdobchob/osu-uwrt/development/software/src/mercury_autonomy/mercury_autonomy/include/mercury_autonomy/bt_actions/publish_to_controller.hpp:5[m[K,
                 from [01m[K/home/bobdobchob/osu-uwrt/development/software/src/mercury_autonomy/mercury_autonomy/src/bt_actions/publish_to_controller.cpp:3[m[K:
[01m[K/home/bobdobchob/osu-uwrt/development/software/install/behaviortree_cpp/include/behaviortree_cpp/basic_types.h:484:1:[m[K [01;36m[Knote: [m[Kcandidate: ‘[01m[Kstd::pair<std::__cxx11::basic_string<char>, BT::PortInfo> BT::InputPort(BT::StringView, BT::StringView) [with T = bool; BT::StringView = std::basic_string_view<char>][m[K’
  484 | [01;36m[KInputPort[m[K(StringView name, StringView description = {})
      | [01;36m[K^~~~~~~~~[m[K
[01m[K/home/bobdobchob/osu-uwrt/development/software/install/behaviortree_cpp/include/behaviortree_cpp/basic_types.h:484:39:[m[K [01;36m[Knote: [m[K  no known conversion for argument 2 from ‘[01m[Kbool[m[K’ to ‘[01m[KBT::StringView[m[K’ {aka ‘[01m[Kstd::basic_string_view<char>[m[K’}
  484 | InputPort(StringView name, [01;36m[KStringView description = {}[m[K)
      |                            [01;36m[K~~~~~~~~~~~^~~~~~~~~~~~~~~~[m[K
[01m[K/home/bobdobchob/osu-uwrt/development/software/install/behaviortree_cpp/include/behaviortree_cpp/basic_types.h:554:1:[m[K [01;36m[Knote: [m[Kcandidate: ‘[01m[Ktemplate<class T, class DefaultT> std::pair<std::__cxx11::basic_string<char>, BT::PortInfo> BT::InputPort(BT::StringView, const DefaultT&, BT::StringView)[m[K’
  554 | [01;36m[KInputPort[m[K(StringView name, const DefaultT& default_value, StringView description)
      | [01;36m[K^~~~~~~~~[m[K
[01m[K/home/bobdobchob/osu-uwrt/development/software/install/behaviortree_cpp/include/behaviortree_cpp/basic_types.h:554:1:[m[K [01;36m[Knote: [m[K  template argument deduction/substitution failed:
In file included from [01m[K/home/bobdobchob/osu-uwrt/development/software/src/mercury_autonomy/mercury_autonomy/src/bt_actions/publish_to_controller.cpp:3[m[K:
[01m[K/home/bobdobchob/osu-uwrt/development/software/src/mercury_autonomy/mercury_autonomy/include/mercury_autonomy/bt_actions/publish_to_controller.hpp:21:26:[m[K [01;36m[Knote: [m[K  candidate expects 3 arguments, 2 provided
   21 |       [01;36m[KBT::InputPort<bool>("isOrientation", false)[m[K,
      |       [01;36m[K~~~~~~~~~~~~~~~~~~~^~~~~~~~~~~~~~~~~~~~~~~~[m[K
[01m[K/home/bobdobchob/osu-uwrt/development/software/src/mercury_autonomy/mercury_autonomy/include/mercury_autonomy/bt_actions/publish_to_controller.hpp:22:25:[m[K [01;31m[Kerror: [m[Kno matching function for call to ‘[01m[KInputPort<int>(const char [5], int)[m[K’
   22 |       [01;31m[KBT::InputPort<int>("mode", 3)[m[K,
      |       [01;31m[K~~~~~~~~~~~~~~~~~~^~~~~~~~~~~[m[K
In file included from [01m[K/home/bobdobchob/osu-uwrt/development/software/install/behaviortree_cpp/include/behaviortree_cpp/tree_node.h:16[m[K,
                 from [01m[K/home/bobdobchob/osu-uwrt/development/software/install/behaviortree_cpp/include/behaviortree_cpp/leaf_node.h:17[m[K,
                 from [01m[K/home/bobdobchob/osu-uwrt/development/software/install/behaviortree_cpp/include/behaviortree_cpp/action_node.h:17[m[K,
                 from [01m[K/home/bobdobchob/osu-uwrt/development/software/install/behaviortree_cpp/include/behaviortree_cpp/behavior_tree.h:16[m[K,
                 from [01m[K/home/bobdobchob/osu-uwrt/development/software/src/mercury_autonomy/mercury_autonomy/include/mercury_autonomy/autonomy_base.hpp:15[m[K,
                 from [01m[K/home/bobdobchob/osu-uwrt/development/software/src/mercury_autonomy/mercury_autonomy/include/mercury_autonomy/autonomy_lib.hpp:6[m[K,
                 from [01m[K/home/bobdobchob/osu-uwrt/development/software/src/mercury_autonomy/mercury_autonomy/include/mercury_autonomy/bt_actions/publish_to_controller.hpp:5[m[K,
                 from [01m[K/home/bobdobchob/osu-uwrt/development/software/src/mercury_autonomy/mercury_autonomy/src/bt_actions/publish_to_controller.cpp:3[m[K:
[01m[K/home/bobdobchob/osu-uwrt/development/software/install/behaviortree_cpp/include/behaviortree_cpp/basic_types.h:484:1:[m[K [01;36m[Knote: [m[Kcandidate: ‘[01m[Kstd::pair<std::__cxx11::basic_string<char>, BT::PortInfo> BT::InputPort(BT::StringView, BT::StringView) [with T = int; BT::StringView = std::basic_string_view<char>][m[K’ (near match)
  484 | [01;36m[KInputPort[m[K(StringView name, StringView description = {})
      | [01;36m[K^~~~~~~~~[m[K
[01m[K/home/bobdobchob/osu-uwrt/development/software/install/behaviortree_cpp/include/behaviortree_cpp/basic_types.h:484:1:[m[K [01;36m[Knote: [m[K  conversion of argument 2 would be ill-formed:
In file included from [01m[K/home/bobdobchob/osu-uwrt/development/software/src/mercury_autonomy/mercury_autonomy/src/bt_actions/publish_to_controller.cpp:3[m[K:
[01m[K/home/bobdobchob/osu-uwrt/development/software/src/mercury_autonomy/mercury_autonomy/include/mercury_autonomy/bt_actions/publish_to_controller.hpp:22:34:[m[K [01;31m[Kerror: [m[Kinvalid conversion from ‘[01m[Kint[m[K’ to ‘[01m[Kconst char*[m[K’ [[01;31m[K]8;;https://gcc.gnu.org/onlinedocs/gcc/Warning-Options.html#index-fpermissive-fpermissive]8;;[m[K]
   22 |       BT::InputPort<int>("mode", [01;31m[K3[m[K),
      |                                  [01;31m[K^[m[K
      |                                  [01;31m[K|[m[K
      |                                  [01;31m[Kint[m[K
In file included from [01m[K/usr/include/c++/11/bits/basic_string.h:48[m[K,
                 from [01m[K/usr/include/c++/11/string:55[m[K,
                 from [01m[K/home/bobdobchob/osu-uwrt/development/software/src/mercury_autonomy/mercury_autonomy/include/mercury_autonomy/autonomy_base.hpp:11[m[K,
                 from [01m[K/home/bobdobchob/osu-uwrt/development/software/src/mercury_autonomy/mercury_autonomy/include/mercury_autonomy/autonomy_lib.hpp:6[m[K,
                 from [01m[K/home/bobdobchob/osu-uwrt/development/software/src/mercury_autonomy/mercury_autonomy/include/mercury_autonomy/bt_actions/publish_to_controller.hpp:5[m[K,
                 from [01m[K/home/bobdobchob/osu-uwrt/development/software/src/mercury_autonomy/mercury_autonomy/src/bt_actions/publish_to_controller.cpp:3[m[K:
[01m[K/usr/include/c++/11/string_view:131:39:[m[K [01;36m[Knote: [m[K  initializing argument 1 of ‘[01m[Kconstexpr std::basic_string_view<_CharT, _Traits>::basic_string_view(const _CharT*) [with _CharT = char; _Traits = std::char_traits<char>][m[K’
  131 |       basic_string_view([01;36m[Kconst _CharT* __str[m[K) noexcept
      |                         [01;36m[K~~~~~~~~~~~~~~^~~~~[m[K
In file included from [01m[K/home/bobdobchob/osu-uwrt/development/software/install/behaviortree_cpp/include/behaviortree_cpp/tree_node.h:16[m[K,
                 from [01m[K/home/bobdobchob/osu-uwrt/development/software/install/behaviortree_cpp/include/behaviortree_cpp/leaf_node.h:17[m[K,
                 from [01m[K/home/bobdobchob/osu-uwrt/development/software/install/behaviortree_cpp/include/behaviortree_cpp/action_node.h:17[m[K,
                 from [01m[K/home/bobdobchob/osu-uwrt/development/software/install/behaviortree_cpp/include/behaviortree_cpp/behavior_tree.h:16[m[K,
                 from [01m[K/home/bobdobchob/osu-uwrt/development/software/src/mercury_autonomy/mercury_autonomy/include/mercury_autonomy/autonomy_base.hpp:15[m[K,
                 from [01m[K/home/bobdobchob/osu-uwrt/development/software/src/mercury_autonomy/mercury_autonomy/include/mercury_autonomy/autonomy_lib.hpp:6[m[K,
                 from [01m[K/home/bobdobchob/osu-uwrt/development/software/src/mercury_autonomy/mercury_autonomy/include/mercury_autonomy/bt_actions/publish_to_controller.hpp:5[m[K,
                 from [01m[K/home/bobdobchob/osu-uwrt/development/software/src/mercury_autonomy/mercury_autonomy/src/bt_actions/publish_to_controller.cpp:3[m[K:
[01m[K/home/bobdobchob/osu-uwrt/development/software/install/behaviortree_cpp/include/behaviortree_cpp/basic_types.h:554:1:[m[K [01;36m[Knote: [m[Kcandidate: ‘[01m[Ktemplate<class T, class DefaultT> std::pair<std::__cxx11::basic_string<char>, BT::PortInfo> BT::InputPort(BT::StringView, const DefaultT&, BT::StringView)[m[K’
  554 | [01;36m[KInputPort[m[K(StringView name, const DefaultT& default_value, StringView description)
      | [01;36m[K^~~~~~~~~[m[K
[01m[K/home/bobdobchob/osu-uwrt/development/software/install/behaviortree_cpp/include/behaviortree_cpp/basic_types.h:554:1:[m[K [01;36m[Knote: [m[K  template argument deduction/substitution failed:
In file included from [01m[K/home/bobdobchob/osu-uwrt/development/software/src/mercury_autonomy/mercury_autonomy/src/bt_actions/publish_to_controller.cpp:3[m[K:
[01m[K/home/bobdobchob/osu-uwrt/development/software/src/mercury_autonomy/mercury_autonomy/include/mercury_autonomy/bt_actions/publish_to_controller.hpp:22:25:[m[K [01;36m[Knote: [m[K  candidate expects 3 arguments, 2 provided
   22 |       [01;36m[KBT::InputPort<int>("mode", 3)[m[K,
      |       [01;36m[K~~~~~~~~~~~~~~~~~~^~~~~~~~~~~[m[K
[01m[K/home/bobdobchob/osu-uwrt/development/software/src/mercury_autonomy/mercury_autonomy/include/mercury_autonomy/bt_actions/publish_to_controller.hpp:23:28:[m[K [01;31m[Kerror: [m[Kno matching function for call to ‘[01m[KInputPort<double>(const char [2], double)[m[K’
   23 |       [01;31m[KBT::InputPort<double>("x", 0.0)[m[K,
      |       [01;31m[K~~~~~~~~~~~~~~~~~~~~~^~~~~~~~~~[m[K
In file included from [01m[K/home/bobdobchob/osu-uwrt/development/software/install/behaviortree_cpp/include/behaviortree_cpp/tree_node.h:16[m[K,
                 from [01m[K/home/bobdobchob/osu-uwrt/development/software/install/behaviortree_cpp/include/behaviortree_cpp/leaf_node.h:17[m[K,
                 from [01m[K/home/bobdobchob/osu-uwrt/development/software/install/behaviortree_cpp/include/behaviortree_cpp/action_node.h:17[m[K,
                 from [01m[K/home/bobdobchob/osu-uwrt/development/software/install/behaviortree_cpp/include/behaviortree_cpp/behavior_tree.h:16[m[K,
                 from [01m[K/home/bobdobchob/osu-uwrt/development/software/src/mercury_autonomy/mercury_autonomy/include/mercury_autonomy/autonomy_base.hpp:15[m[K,
                 from [01m[K/home/bobdobchob/osu-uwrt/development/software/src/mercury_autonomy/mercury_autonomy/include/mercury_autonomy/autonomy_lib.hpp:6[m[K,
                 from [01m[K/home/bobdobchob/osu-uwrt/development/software/src/mercury_autonomy/mercury_autonomy/include/mercury_autonomy/bt_actions/publish_to_controller.hpp:5[m[K,
                 from [01m[K/home/bobdobchob/osu-uwrt/development/software/src/mercury_autonomy/mercury_autonomy/src/bt_actions/publish_to_controller.cpp:3[m[K:
[01m[K/home/bobdobchob/osu-uwrt/development/software/install/behaviortree_cpp/include/behaviortree_cpp/basic_types.h:484:1:[m[K [01;36m[Knote: [m[Kcandidate: ‘[01m[Kstd::pair<std::__cxx11::basic_string<char>, BT::PortInfo> BT::InputPort(BT::StringView, BT::StringView) [with T = double; BT::StringView = std::basic_string_view<char>][m[K’
  484 | [01;36m[KInputPort[m[K(StringView name, StringView description = {})
      | [01;36m[K^~~~~~~~~[m[K
[01m[K/home/bobdobchob/osu-uwrt/development/software/install/behaviortree_cpp/include/behaviortree_cpp/basic_types.h:484:39:[m[K [01;36m[Knote: [m[K  no known conversion for argument 2 from ‘[01m[Kdouble[m[K’ to ‘[01m[KBT::StringView[m[K’ {aka ‘[01m[Kstd::basic_string_view<char>[m[K’}
  484 | InputPort(StringView name, [01;36m[KStringView description = {}[m[K)
      |                            [01;36m[K~~~~~~~~~~~^~~~~~~~~~~~~~~~[m[K
[01m[K/home/bobdobchob/osu-uwrt/development/software/install/behaviortree_cpp/include/behaviortree_cpp/basic_types.h:554:1:[m[K [01;36m[Knote: [m[Kcandidate: ‘[01m[Ktemplate<class T, class DefaultT> std::pair<std::__cxx11::basic_string<char>, BT::PortInfo> BT::InputPort(BT::StringView, const DefaultT&, BT::StringView)[m[K’
  554 | [01;36m[KInputPort[m[K(StringView name, const DefaultT& default_value, StringView description)
      | [01;36m[K^~~~~~~~~[m[K
[01m[K/home/bobdobchob/osu-uwrt/development/software/install/behaviortree_cpp/include/behaviortree_cpp/basic_types.h:554:1:[m[K [01;36m[Knote: [m[K  template argument deduction/substitution failed:
In file included from [01m[K/home/bobdobchob/osu-uwrt/development/software/src/mercury_autonomy/mercury_autonomy/src/bt_actions/publish_to_controller.cpp:3[m[K:
[01m[K/home/bobdobchob/osu-uwrt/development/software/src/mercury_autonomy/mercury_autonomy/include/mercury_autonomy/bt_actions/publish_to_controller.hpp:23:28:[m[K [01;36m[Knote: [m[K  candidate expects 3 arguments, 2 provided
   23 |       [01;36m[KBT::InputPort<double>("x", 0.0)[m[K,
      |       [01;36m[K~~~~~~~~~~~~~~~~~~~~~^~~~~~~~~~[m[K
[01m[K/home/bobdobchob/osu-uwrt/development/software/src/mercury_autonomy/mercury_autonomy/include/mercury_autonomy/bt_actions/publish_to_controller.hpp:24:28:[m[K [01;31m[Kerror: [m[Kno matching function for call to ‘[01m[KInputPort<double>(const char [2], double)[m[K’
   24 |       [01;31m[KBT::InputPort<double>("y", 0.0)[m[K,
      |       [01;31m[K~~~~~~~~~~~~~~~~~~~~~^~~~~~~~~~[m[K
In file included from [01m[K/home/bobdobchob/osu-uwrt/development/software/install/behaviortree_cpp/include/behaviortree_cpp/tree_node.h:16[m[K,
                 from [01m[K/home/bobdobchob/osu-uwrt/development/software/install/behaviortree_cpp/include/behaviortree_cpp/leaf_node.h:17[m[K,
                 from [01m[K/home/bobdobchob/osu-uwrt/development/software/install/behaviortree_cpp/include/behaviortree_cpp/action_node.h:17[m[K,
                 from [01m[K/home/bobdobchob/osu-uwrt/development/software/install/behaviortree_cpp/include/behaviortree_cpp/behavior_tree.h:16[m[K,
                 from [01m[K/home/bobdobchob/osu-uwrt/development/software/src/mercury_autonomy/mercury_autonomy/include/mercury_autonomy/autonomy_base.hpp:15[m[K,
                 from [01m[K/home/bobdobchob/osu-uwrt/development/software/src/mercury_autonomy/mercury_autonomy/include/mercury_autonomy/autonomy_lib.hpp:6[m[K,
                 from [01m[K/home/bobdobchob/osu-uwrt/development/software/src/mercury_autonomy/mercury_autonomy/include/mercury_autonomy/bt_actions/publish_to_controller.hpp:5[m[K,
                 from [01m[K/home/bobdobchob/osu-uwrt/development/software/src/mercury_autonomy/mercury_autonomy/src/bt_actions/publish_to_controller.cpp:3[m[K:
[01m[K/home/bobdobchob/osu-uwrt/development/software/install/behaviortree_cpp/include/behaviortree_cpp/basic_types.h:484:1:[m[K [01;36m[Knote: [m[Kcandidate: ‘[01m[Kstd::pair<std::__cxx11::basic_string<char>, BT::PortInfo> BT::InputPort(BT::StringView, BT::StringView) [with T = double; BT::StringView = std::basic_string_view<char>][m[K’
  484 | [01;36m[KInputPort[m[K(StringView name, StringView description = {})
      | [01;36m[K^~~~~~~~~[m[K
[01m[K/home/bobdobchob/osu-uwrt/development/software/install/behaviortree_cpp/include/behaviortree_cpp/basic_types.h:484:39:[m[K [01;36m[Knote: [m[K  no known conversion for argument 2 from ‘[01m[Kdouble[m[K’ to ‘[01m[KBT::StringView[m[K’ {aka ‘[01m[Kstd::basic_string_view<char>[m[K’}
  484 | InputPort(StringView name, [01;36m[KStringView description = {}[m[K)
      |                            [01;36m[K~~~~~~~~~~~^~~~~~~~~~~~~~~~[m[K
[01m[K/home/bobdobchob/osu-uwrt/development/software/install/behaviortree_cpp/include/behaviortree_cpp/basic_types.h:554:1:[m[K [01;36m[Knote: [m[Kcandidate: ‘[01m[Ktemplate<class T, class DefaultT> std::pair<std::__cxx11::basic_string<char>, BT::PortInfo> BT::InputPort(BT::StringView, const DefaultT&, BT::StringView)[m[K’
  554 | [01;36m[KInputPort[m[K(StringView name, const DefaultT& default_value, StringView description)
      | [01;36m[K^~~~~~~~~[m[K
[01m[K/home/bobdobchob/osu-uwrt/development/software/install/behaviortree_cpp/include/behaviortree_cpp/basic_types.h:554:1:[m[K [01;36m[Knote: [m[K  template argument deduction/substitution failed:
In file included from [01m[K/home/bobdobchob/osu-uwrt/development/software/src/mercury_autonomy/mercury_autonomy/src/bt_actions/publish_to_controller.cpp:3[m[K:
[01m[K/home/bobdobchob/osu-uwrt/development/software/src/mercury_autonomy/mercury_autonomy/include/mercury_autonomy/bt_actions/publish_to_controller.hpp:24:28:[m[K [01;36m[Knote: [m[K  candidate expects 3 arguments, 2 provided
   24 |       [01;36m[KBT::InputPort<double>("y", 0.0)[m[K,
      |       [01;36m[K~~~~~~~~~~~~~~~~~~~~~^~~~~~~~~~[m[K
[01m[K/home/bobdobchob/osu-uwrt/development/software/src/mercury_autonomy/mercury_autonomy/include/mercury_autonomy/bt_actions/publish_to_controller.hpp:25:28:[m[K [01;31m[Kerror: [m[Kno matching function for call to ‘[01m[KInputPort<double>(const char [2], double)[m[K’
   25 |       [01;31m[KBT::InputPort<double>("z", 0.0)[m[K,
      |       [01;31m[K~~~~~~~~~~~~~~~~~~~~~^~~~~~~~~~[m[K
In file included from [01m[K/home/bobdobchob/osu-uwrt/development/software/install/behaviortree_cpp/include/behaviortree_cpp/tree_node.h:16[m[K,
                 from [01m[K/home/bobdobchob/osu-uwrt/development/software/install/behaviortree_cpp/include/behaviortree_cpp/leaf_node.h:17[m[K,
                 from [01m[K/home/bobdobchob/osu-uwrt/development/software/install/behaviortree_cpp/include/behaviortree_cpp/action_node.h:17[m[K,
                 from [01m[K/home/bobdobchob/osu-uwrt/development/software/install/behaviortree_cpp/include/behaviortree_cpp/behavior_tree.h:16[m[K,
                 from [01m[K/home/bobdobchob/osu-uwrt/development/software/src/mercury_autonomy/mercury_autonomy/include/mercury_autonomy/autonomy_base.hpp:15[m[K,
                 from [01m[K/home/bobdobchob/osu-uwrt/development/software/src/mercury_autonomy/mercury_autonomy/include/mercury_autonomy/autonomy_lib.hpp:6[m[K,
                 from [01m[K/home/bobdobchob/osu-uwrt/development/software/src/mercury_autonomy/mercury_autonomy/include/mercury_autonomy/bt_actions/publish_to_controller.hpp:5[m[K,
                 from [01m[K/home/bobdobchob/osu-uwrt/development/software/src/mercury_autonomy/mercury_autonomy/src/bt_actions/publish_to_controller.cpp:3[m[K:
[01m[K/home/bobdobchob/osu-uwrt/development/software/install/behaviortree_cpp/include/behaviortree_cpp/basic_types.h:484:1:[m[K [01;36m[Knote: [m[Kcandidate: ‘[01m[Kstd::pair<std::__cxx11::basic_string<char>, BT::PortInfo> BT::InputPort(BT::StringView, BT::StringView) [with T = double; BT::StringView = std::basic_string_view<char>][m[K’
  484 | [01;36m[KInputPort[m[K(StringView name, StringView description = {})
      | [01;36m[K^~~~~~~~~[m[K
[01m[K/home/bobdobchob/osu-uwrt/development/software/install/behaviortree_cpp/include/behaviortree_cpp/basic_types.h:484:39:[m[K [01;36m[Knote: [m[K  no known conversion for argument 2 from ‘[01m[Kdouble[m[K’ to ‘[01m[KBT::StringView[m[K’ {aka ‘[01m[Kstd::basic_string_view<char>[m[K’}
  484 | InputPort(StringView name, [01;36m[KStringView description = {}[m[K)
      |                            [01;36m[K~~~~~~~~~~~^~~~~~~~~~~~~~~~[m[K
[01m[K/home/bobdobchob/osu-uwrt/development/software/install/behaviortree_cpp/include/behaviortree_cpp/basic_types.h:554:1:[m[K [01;36m[Knote: [m[Kcandidate: ‘[01m[Ktemplate<class T, class DefaultT> std::pair<std::__cxx11::basic_string<char>, BT::PortInfo> BT::InputPort(BT::StringView, const DefaultT&, BT::StringView)[m[K’
  554 | [01;36m[KInputPort[m[K(StringView name, const DefaultT& default_value, StringView description)
      | [01;36m[K^~~~~~~~~[m[K
[01m[K/home/bobdobchob/osu-uwrt/development/software/install/behaviortree_cpp/include/behaviortree_cpp/basic_types.h:554:1:[m[K [01;36m[Knote: [m[K  template argument deduction/substitution failed:
In file included from [01m[K/home/bobdobchob/osu-uwrt/development/software/src/mercury_autonomy/mercury_autonomy/src/bt_actions/publish_to_controller.cpp:3[m[K:
[01m[K/home/bobdobchob/osu-uwrt/development/software/src/mercury_autonomy/mercury_autonomy/include/mercury_autonomy/bt_actions/publish_to_controller.hpp:25:28:[m[K [01;36m[Knote: [m[K  candidate expects 3 arguments, 2 provided
   25 |       [01;36m[KBT::InputPort<double>("z", 0.0)[m[K,
      |       [01;36m[K~~~~~~~~~~~~~~~~~~~~~^~~~~~~~~~[m[K
[01m[K/home/bobdobchob/osu-uwrt/development/software/src/mercury_autonomy/mercury_autonomy/include/mercury_autonomy/bt_actions/publish_to_controller.hpp:26:5:[m[K [01;31m[Kerror: [m[Kcould not convert ‘[01m[K{<expression error>, <expression error>, <expression error>, <expression error>, <expression error>}[m[K’ from ‘[01m[K<brace-enclosed initializer list>[m[K’ to ‘[01m[KBT::PortsList[m[K’ {aka ‘[01m[Kstd::unordered_map<std::__cxx11::basic_string<char>, BT::PortInfo>[m[K’}
   26 |     [01;31m[K}[m[K;
      |     [01;31m[K^[m[K
      |     [01;31m[K|[m[K
      |     [01;31m[K<brace-enclosed initializer list>[m[K
In file included from [01m[K/home/bobdobchob/osu-uwrt/development/software/src/mercury_autonomy/mercury_autonomy/src/bt_actions/publish_ekf_pose.cpp:3[m[K:
[01m[K/home/bobdobchob/osu-uwrt/development/software/src/mercury_autonomy/mercury_autonomy/include/mercury_autonomy/bt_actions/publish_ekf_pose.hpp:[m[K In static member function ‘[01m[Kstatic BT::PortsList mercury_autonomy::PublishEKFPose::providedPorts()[m[K’:
[01m[K/home/bobdobchob/osu-uwrt/development/software/src/mercury_autonomy/mercury_autonomy/include/mercury_autonomy/bt_actions/publish_ekf_pose.hpp:21:28:[m[K [01;31m[Kerror: [m[Kno matching function for call to ‘[01m[KInputPort<double>(const char [2], double)[m[K’
   21 |       [01;31m[KBT::InputPort<double>("x", 0.0)[m[K,
      |       [01;31m[K~~~~~~~~~~~~~~~~~~~~~^~~~~~~~~~[m[K
In file included from [01m[K/home/bobdobchob/osu-uwrt/development/software/install/behaviortree_cpp/include/behaviortree_cpp/tree_node.h:16[m[K,
                 from [01m[K/home/bobdobchob/osu-uwrt/development/software/install/behaviortree_cpp/include/behaviortree_cpp/leaf_node.h:17[m[K,
                 from [01m[K/home/bobdobchob/osu-uwrt/development/software/install/behaviortree_cpp/include/behaviortree_cpp/action_node.h:17[m[K,
                 from [01m[K/home/bobdobchob/osu-uwrt/development/software/install/behaviortree_cpp/include/behaviortree_cpp/behavior_tree.h:16[m[K,
                 from [01m[K/home/bobdobchob/osu-uwrt/development/software/src/mercury_autonomy/mercury_autonomy/include/mercury_autonomy/autonomy_base.hpp:15[m[K,
                 from [01m[K/home/bobdobchob/osu-uwrt/development/software/src/mercury_autonomy/mercury_autonomy/include/mercury_autonomy/autonomy_lib.hpp:6[m[K,
                 from [01m[K/home/bobdobchob/osu-uwrt/development/software/src/mercury_autonomy/mercury_autonomy/include/mercury_autonomy/bt_actions/publish_ekf_pose.hpp:5[m[K,
                 from [01m[K/home/bobdobchob/osu-uwrt/development/software/src/mercury_autonomy/mercury_autonomy/src/bt_actions/publish_ekf_pose.cpp:3[m[K:
[01m[K/home/bobdobchob/osu-uwrt/development/software/install/behaviortree_cpp/include/behaviortree_cpp/basic_types.h:484:1:[m[K [01;36m[Knote: [m[Kcandidate: ‘[01m[Kstd::pair<std::__cxx11::basic_string<char>, BT::PortInfo> BT::InputPort(BT::StringView, BT::StringView) [with T = double; BT::StringView = std::basic_string_view<char>][m[K’
  484 | [01;36m[KInputPort[m[K(StringView name, StringView description = {})
      | [01;36m[K^~~~~~~~~[m[K
[01m[K/home/bobdobchob/osu-uwrt/development/software/install/behaviortree_cpp/include/behaviortree_cpp/basic_types.h:484:39:[m[K [01;36m[Knote: [m[K  no known conversion for argument 2 from ‘[01m[Kdouble[m[K’ to ‘[01m[KBT::StringView[m[K’ {aka ‘[01m[Kstd::basic_string_view<char>[m[K’}
  484 | InputPort(StringView name, [01;36m[KStringView description = {}[m[K)
      |                            [01;36m[K~~~~~~~~~~~^~~~~~~~~~~~~~~~[m[K
[01m[K/home/bobdobchob/osu-uwrt/development/software/install/behaviortree_cpp/include/behaviortree_cpp/basic_types.h:554:1:[m[K [01;36m[Knote: [m[Kcandidate: ‘[01m[Ktemplate<class T, class DefaultT> std::pair<std::__cxx11::basic_string<char>, BT::PortInfo> BT::InputPort(BT::StringView, const DefaultT&, BT::StringView)[m[K’
  554 | [01;36m[KInputPort[m[K(StringView name, const DefaultT& default_value, StringView description)
      | [01;36m[K^~~~~~~~~[m[K
[01m[K/home/bobdobchob/osu-uwrt/development/software/install/behaviortree_cpp/include/behaviortree_cpp/basic_types.h:554:1:[m[K [01;36m[Knote: [m[K  template argument deduction/substitution failed:
In file included from [01m[K/home/bobdobchob/osu-uwrt/development/software/src/mercury_autonomy/mercury_autonomy/src/bt_actions/publish_ekf_pose.cpp:3[m[K:
[01m[K/home/bobdobchob/osu-uwrt/development/software/src/mercury_autonomy/mercury_autonomy/include/mercury_autonomy/bt_actions/publish_ekf_pose.hpp:21:28:[m[K [01;36m[Knote: [m[K  candidate expects 3 arguments, 2 provided
   21 |       [01;36m[KBT::InputPort<double>("x", 0.0)[m[K,
      |       [01;36m[K~~~~~~~~~~~~~~~~~~~~~^~~~~~~~~~[m[K
[01m[K/home/bobdobchob/osu-uwrt/development/software/src/mercury_autonomy/mercury_autonomy/include/mercury_autonomy/bt_actions/publish_ekf_pose.hpp:22:26:[m[K [01;31m[Kerror: [m[Kno matching function for call to ‘[01m[KInputPort<bool>(const char [5], bool)[m[K’
   22 |       [01;31m[KBT::InputPort<bool>("setX", false)[m[K,
      |       [01;31m[K~~~~~~~~~~~~~~~~~~~^~~~~~~~~~~~~~~[m[K
In file included from [01m[K/home/bobdobchob/osu-uwrt/development/software/install/behaviortree_cpp/include/behaviortree_cpp/tree_node.h:16[m[K,
                 from [01m[K/home/bobdobchob/osu-uwrt/development/software/install/behaviortree_cpp/include/behaviortree_cpp/leaf_node.h:17[m[K,
                 from [01m[K/home/bobdobchob/osu-uwrt/development/software/install/behaviortree_cpp/include/behaviortree_cpp/action_node.h:17[m[K,
                 from [01m[K/home/bobdobchob/osu-uwrt/development/software/install/behaviortree_cpp/include/behaviortree_cpp/behavior_tree.h:16[m[K,
                 from [01m[K/home/bobdobchob/osu-uwrt/development/software/src/mercury_autonomy/mercury_autonomy/include/mercury_autonomy/autonomy_base.hpp:15[m[K,
                 from [01m[K/home/bobdobchob/osu-uwrt/development/software/src/mercury_autonomy/mercury_autonomy/include/mercury_autonomy/autonomy_lib.hpp:6[m[K,
                 from [01m[K/home/bobdobchob/osu-uwrt/development/software/src/mercury_autonomy/mercury_autonomy/include/mercury_autonomy/bt_actions/publish_ekf_pose.hpp:5[m[K,
                 from [01m[K/home/bobdobchob/osu-uwrt/development/software/src/mercury_autonomy/mercury_autonomy/src/bt_actions/publish_ekf_pose.cpp:3[m[K:
[01m[K/home/bobdobchob/osu-uwrt/development/software/install/behaviortree_cpp/include/behaviortree_cpp/basic_types.h:484:1:[m[K [01;36m[Knote: [m[Kcandidate: ‘[01m[Kstd::pair<std::__cxx11::basic_string<char>, BT::PortInfo> BT::InputPort(BT::StringView, BT::StringView) [with T = bool; BT::StringView = std::basic_string_view<char>][m[K’
  484 | [01;36m[KInputPort[m[K(StringView name, StringView description = {})
      | [01;36m[K^~~~~~~~~[m[K
[01m[K/home/bobdobchob/osu-uwrt/development/software/install/behaviortree_cpp/include/behaviortree_cpp/basic_types.h:484:39:[m[K [01;36m[Knote: [m[K  no known conversion for argument 2 from ‘[01m[Kbool[m[K’ to ‘[01m[KBT::StringView[m[K’ {aka ‘[01m[Kstd::basic_string_view<char>[m[K’}
  484 | InputPort(StringView name, [01;36m[KStringView description = {}[m[K)
      |                            [01;36m[K~~~~~~~~~~~^~~~~~~~~~~~~~~~[m[K
[01m[K/home/bobdobchob/osu-uwrt/development/software/install/behaviortree_cpp/include/behaviortree_cpp/basic_types.h:554:1:[m[K [01;36m[Knote: [m[Kcandidate: ‘[01m[Ktemplate<class T, class DefaultT> std::pair<std::__cxx11::basic_string<char>, BT::PortInfo> BT::InputPort(BT::StringView, const DefaultT&, BT::StringView)[m[K’
  554 | [01;36m[KInputPort[m[K(StringView name, const DefaultT& default_value, StringView description)
      | [01;36m[K^~~~~~~~~[m[K
[01m[K/home/bobdobchob/osu-uwrt/development/software/install/behaviortree_cpp/include/behaviortree_cpp/basic_types.h:554:1:[m[K [01;36m[Knote: [m[K  template argument deduction/substitution failed:
In file included from [01m[K/home/bobdobchob/osu-uwrt/development/software/src/mercury_autonomy/mercury_autonomy/src/bt_actions/publish_ekf_pose.cpp:3[m[K:
[01m[K/home/bobdobchob/osu-uwrt/development/software/src/mercury_autonomy/mercury_autonomy/include/mercury_autonomy/bt_actions/publish_ekf_pose.hpp:22:26:[m[K [01;36m[Knote: [m[K  candidate expects 3 arguments, 2 provided
   22 |       [01;36m[KBT::InputPort<bool>("setX", false)[m[K,
      |       [01;36m[K~~~~~~~~~~~~~~~~~~~^~~~~~~~~~~~~~~[m[K
[01m[K/home/bobdobchob/osu-uwrt/development/software/src/mercury_autonomy/mercury_autonomy/include/mercury_autonomy/bt_actions/publish_ekf_pose.hpp:23:28:[m[K [01;31m[Kerror: [m[Kno matching function for call to ‘[01m[KInputPort<double>(const char [2], double)[m[K’
   23 |       [01;31m[KBT::InputPort<double>("y", 0.0)[m[K,
      |       [01;31m[K~~~~~~~~~~~~~~~~~~~~~^~~~~~~~~~[m[K
In file included from [01m[K/home/bobdobchob/osu-uwrt/development/software/install/behaviortree_cpp/include/behaviortree_cpp/tree_node.h:16[m[K,
                 from [01m[K/home/bobdobchob/osu-uwrt/development/software/install/behaviortree_cpp/include/behaviortree_cpp/leaf_node.h:17[m[K,
                 from [01m[K/home/bobdobchob/osu-uwrt/development/software/install/behaviortree_cpp/include/behaviortree_cpp/action_node.h:17[m[K,
                 from [01m[K/home/bobdobchob/osu-uwrt/development/software/install/behaviortree_cpp/include/behaviortree_cpp/behavior_tree.h:16[m[K,
                 from [01m[K/home/bobdobchob/osu-uwrt/development/software/src/mercury_autonomy/mercury_autonomy/include/mercury_autonomy/autonomy_base.hpp:15[m[K,
                 from [01m[K/home/bobdobchob/osu-uwrt/development/software/src/mercury_autonomy/mercury_autonomy/include/mercury_autonomy/autonomy_lib.hpp:6[m[K,
                 from [01m[K/home/bobdobchob/osu-uwrt/development/software/src/mercury_autonomy/mercury_autonomy/include/mercury_autonomy/bt_actions/publish_ekf_pose.hpp:5[m[K,
                 from [01m[K/home/bobdobchob/osu-uwrt/development/software/src/mercury_autonomy/mercury_autonomy/src/bt_actions/publish_ekf_pose.cpp:3[m[K:
[01m[K/home/bobdobchob/osu-uwrt/development/software/install/behaviortree_cpp/include/behaviortree_cpp/basic_types.h:484:1:[m[K [01;36m[Knote: [m[Kcandidate: ‘[01m[Kstd::pair<std::__cxx11::basic_string<char>, BT::PortInfo> BT::InputPort(BT::StringView, BT::StringView) [with T = double; BT::StringView = std::basic_string_view<char>][m[K’
  484 | [01;36m[KInputPort[m[K(StringView name, StringView description = {})
      | [01;36m[K^~~~~~~~~[m[K
[01m[K/home/bobdobchob/osu-uwrt/development/software/install/behaviortree_cpp/include/behaviortree_cpp/basic_types.h:484:39:[m[K [01;36m[Knote: [m[K  no known conversion for argument 2 from ‘[01m[Kdouble[m[K’ to ‘[01m[KBT::StringView[m[K’ {aka ‘[01m[Kstd::basic_string_view<char>[m[K’}
  484 | InputPort(StringView name, [01;36m[KStringView description = {}[m[K)
      |                            [01;36m[K~~~~~~~~~~~^~~~~~~~~~~~~~~~[m[K
[01m[K/home/bobdobchob/osu-uwrt/development/software/install/behaviortree_cpp/include/behaviortree_cpp/basic_types.h:554:1:[m[K [01;36m[Knote: [m[Kcandidate: ‘[01m[Ktemplate<class T, class DefaultT> std::pair<std::__cxx11::basic_string<char>, BT::PortInfo> BT::InputPort(BT::StringView, const DefaultT&, BT::StringView)[m[K’
  554 | [01;36m[KInputPort[m[K(StringView name, const DefaultT& default_value, StringView description)
      | [01;36m[K^~~~~~~~~[m[K
[01m[K/home/bobdobchob/osu-uwrt/development/software/install/behaviortree_cpp/include/behaviortree_cpp/basic_types.h:554:1:[m[K [01;36m[Knote: [m[K  template argument deduction/substitution failed:
In file included from [01m[K/home/bobdobchob/osu-uwrt/development/software/src/mercury_autonomy/mercury_autonomy/src/bt_actions/publish_ekf_pose.cpp:3[m[K:
[01m[K/home/bobdobchob/osu-uwrt/development/software/src/mercury_autonomy/mercury_autonomy/include/mercury_autonomy/bt_actions/publish_ekf_pose.hpp:23:28:[m[K [01;36m[Knote: [m[K  candidate expects 3 arguments, 2 provided
   23 |       [01;36m[KBT::InputPort<double>("y", 0.0)[m[K,
      |       [01;36m[K~~~~~~~~~~~~~~~~~~~~~^~~~~~~~~~[m[K
[01m[K/home/bobdobchob/osu-uwrt/development/software/src/mercury_autonomy/mercury_autonomy/include/mercury_autonomy/bt_actions/publish_ekf_pose.hpp:24:26:[m[K [01;31m[Kerror: [m[Kno matching function for call to ‘[01m[KInputPort<bool>(const char [5], bool)[m[K’
   24 |       [01;31m[KBT::InputPort<bool>("setY", false)[m[K,
      |       [01;31m[K~~~~~~~~~~~~~~~~~~~^~~~~~~~~~~~~~~[m[K
In file included from [01m[K/home/bobdobchob/osu-uwrt/development/software/install/behaviortree_cpp/include/behaviortree_cpp/tree_node.h:16[m[K,
                 from [01m[K/home/bobdobchob/osu-uwrt/development/software/install/behaviortree_cpp/include/behaviortree_cpp/leaf_node.h:17[m[K,
                 from [01m[K/home/bobdobchob/osu-uwrt/development/software/install/behaviortree_cpp/include/behaviortree_cpp/action_node.h:17[m[K,
                 from [01m[K/home/bobdobchob/osu-uwrt/development/software/install/behaviortree_cpp/include/behaviortree_cpp/behavior_tree.h:16[m[K,
                 from [01m[K/home/bobdobchob/osu-uwrt/development/software/src/mercury_autonomy/mercury_autonomy/include/mercury_autonomy/autonomy_base.hpp:15[m[K,
                 from [01m[K/home/bobdobchob/osu-uwrt/development/software/src/mercury_autonomy/mercury_autonomy/include/mercury_autonomy/autonomy_lib.hpp:6[m[K,
                 from [01m[K/home/bobdobchob/osu-uwrt/development/software/src/mercury_autonomy/mercury_autonomy/include/mercury_autonomy/bt_actions/publish_ekf_pose.hpp:5[m[K,
                 from [01m[K/home/bobdobchob/osu-uwrt/development/software/src/mercury_autonomy/mercury_autonomy/src/bt_actions/publish_ekf_pose.cpp:3[m[K:
[01m[K/home/bobdobchob/osu-uwrt/development/software/install/behaviortree_cpp/include/behaviortree_cpp/basic_types.h:484:1:[m[K [01;36m[Knote: [m[Kcandidate: ‘[01m[Kstd::pair<std::__cxx11::basic_string<char>, BT::PortInfo> BT::InputPort(BT::StringView, BT::StringView) [with T = bool; BT::StringView = std::basic_string_view<char>][m[K’
  484 | [01;36m[KInputPort[m[K(StringView name, StringView description = {})
      | [01;36m[K^~~~~~~~~[m[K
[01m[K/home/bobdobchob/osu-uwrt/development/software/install/behaviortree_cpp/include/behaviortree_cpp/basic_types.h:484:39:[m[K [01;36m[Knote: [m[K  no known conversion for argument 2 from ‘[01m[Kbool[m[K’ to ‘[01m[KBT::StringView[m[K’ {aka ‘[01m[Kstd::basic_string_view<char>[m[K’}
  484 | InputPort(StringView name, [01;36m[KStringView description = {}[m[K)
      |                            [01;36m[K~~~~~~~~~~~^~~~~~~~~~~~~~~~[m[K
[01m[K/home/bobdobchob/osu-uwrt/development/software/install/behaviortree_cpp/include/behaviortree_cpp/basic_types.h:554:1:[m[K [01;36m[Knote: [m[Kcandidate: ‘[01m[Ktemplate<class T, class DefaultT> std::pair<std::__cxx11::basic_string<char>, BT::PortInfo> BT::InputPort(BT::StringView, const DefaultT&, BT::StringView)[m[K’
  554 | [01;36m[KInputPort[m[K(StringView name, const DefaultT& default_value, StringView description)
      | [01;36m[K^~~~~~~~~[m[K
[01m[K/home/bobdobchob/osu-uwrt/development/software/install/behaviortree_cpp/include/behaviortree_cpp/basic_types.h:554:1:[m[K [01;36m[Knote: [m[K  template argument deduction/substitution failed:
In file included from [01m[K/home/bobdobchob/osu-uwrt/development/software/src/mercury_autonomy/mercury_autonomy/src/bt_actions/publish_ekf_pose.cpp:3[m[K:
[01m[K/home/bobdobchob/osu-uwrt/development/software/src/mercury_autonomy/mercury_autonomy/include/mercury_autonomy/bt_actions/publish_ekf_pose.hpp:24:26:[m[K [01;36m[Knote: [m[K  candidate expects 3 arguments, 2 provided
   24 |       [01;36m[KBT::InputPort<bool>("setY", false)[m[K,
      |       [01;36m[K~~~~~~~~~~~~~~~~~~~^~~~~~~~~~~~~~~[m[K
[01m[K/home/bobdobchob/osu-uwrt/development/software/src/mercury_autonomy/mercury_autonomy/include/mercury_autonomy/bt_actions/publish_ekf_pose.hpp:25:28:[m[K [01;31m[Kerror: [m[Kno matching function for call to ‘[01m[KInputPort<double>(const char [2], double)[m[K’
   25 |       [01;31m[KBT::InputPort<double>("z", 0.0)[m[K,
      |       [01;31m[K~~~~~~~~~~~~~~~~~~~~~^~~~~~~~~~[m[K
In file included from [01m[K/home/bobdobchob/osu-uwrt/development/software/install/behaviortree_cpp/include/behaviortree_cpp/tree_node.h:16[m[K,
                 from [01m[K/home/bobdobchob/osu-uwrt/development/software/install/behaviortree_cpp/include/behaviortree_cpp/leaf_node.h:17[m[K,
                 from [01m[K/home/bobdobchob/osu-uwrt/development/software/install/behaviortree_cpp/include/behaviortree_cpp/action_node.h:17[m[K,
                 from [01m[K/home/bobdobchob/osu-uwrt/development/software/install/behaviortree_cpp/include/behaviortree_cpp/behavior_tree.h:16[m[K,
                 from [01m[K/home/bobdobchob/osu-uwrt/development/software/src/mercury_autonomy/mercury_autonomy/include/mercury_autonomy/autonomy_base.hpp:15[m[K,
                 from [01m[K/home/bobdobchob/osu-uwrt/development/software/src/mercury_autonomy/mercury_autonomy/include/mercury_autonomy/autonomy_lib.hpp:6[m[K,
                 from [01m[K/home/bobdobchob/osu-uwrt/development/software/src/mercury_autonomy/mercury_autonomy/include/mercury_autonomy/bt_actions/publish_ekf_pose.hpp:5[m[K,
                 from [01m[K/home/bobdobchob/osu-uwrt/development/software/src/mercury_autonomy/mercury_autonomy/src/bt_actions/publish_ekf_pose.cpp:3[m[K:
[01m[K/home/bobdobchob/osu-uwrt/development/software/install/behaviortree_cpp/include/behaviortree_cpp/basic_types.h:484:1:[m[K [01;36m[Knote: [m[Kcandidate: ‘[01m[Kstd::pair<std::__cxx11::basic_string<char>, BT::PortInfo> BT::InputPort(BT::StringView, BT::StringView) [with T = double; BT::StringView = std::basic_string_view<char>][m[K’
  484 | [01;36m[KInputPort[m[K(StringView name, StringView description = {})
      | [01;36m[K^~~~~~~~~[m[K
[01m[K/home/bobdobchob/osu-uwrt/development/software/install/behaviortree_cpp/include/behaviortree_cpp/basic_types.h:484:39:[m[K [01;36m[Knote: [m[K  no known conversion for argument 2 from ‘[01m[Kdouble[m[K’ to ‘[01m[KBT::StringView[m[K’ {aka ‘[01m[Kstd::basic_string_view<char>[m[K’}
  484 | InputPort(StringView name, [01;36m[KStringView description = {}[m[K)
      |                            [01;36m[K~~~~~~~~~~~^~~~~~~~~~~~~~~~[m[K
[01m[K/home/bobdobchob/osu-uwrt/development/software/install/behaviortree_cpp/include/behaviortree_cpp/basic_types.h:554:1:[m[K [01;36m[Knote: [m[Kcandidate: ‘[01m[Ktemplate<class T, class DefaultT> std::pair<std::__cxx11::basic_string<char>, BT::PortInfo> BT::InputPort(BT::StringView, const DefaultT&, BT::StringView)[m[K’
  554 | [01;36m[KInputPort[m[K(StringView name, const DefaultT& default_value, StringView description)
      | [01;36m[K^~~~~~~~~[m[K
[01m[K/home/bobdobchob/osu-uwrt/development/software/install/behaviortree_cpp/include/behaviortree_cpp/basic_types.h:554:1:[m[K [01;36m[Knote: [m[K  template argument deduction/substitution failed:
In file included from [01m[K/home/bobdobchob/osu-uwrt/development/software/src/mercury_autonomy/mercury_autonomy/src/bt_actions/publish_ekf_pose.cpp:3[m[K:
[01m[K/home/bobdobchob/osu-uwrt/development/software/src/mercury_autonomy/mercury_autonomy/include/mercury_autonomy/bt_actions/publish_ekf_pose.hpp:25:28:[m[K [01;36m[Knote: [m[K  candidate expects 3 arguments, 2 provided
   25 |       [01;36m[KBT::InputPort<double>("z", 0.0)[m[K,
      |       [01;36m[K~~~~~~~~~~~~~~~~~~~~~^~~~~~~~~~[m[K
[01m[K/home/bobdobchob/osu-uwrt/development/software/src/mercury_autonomy/mercury_autonomy/include/mercury_autonomy/bt_actions/publish_ekf_pose.hpp:26:26:[m[K [01;31m[Kerror: [m[Kno matching function for call to ‘[01m[KInputPort<bool>(const char [5], bool)[m[K’
   26 |       [01;31m[KBT::InputPort<bool>("setZ", false)[m[K,
      |       [01;31m[K~~~~~~~~~~~~~~~~~~~^~~~~~~~~~~~~~~[m[K
In file included from [01m[K/home/bobdobchob/osu-uwrt/development/software/install/behaviortree_cpp/include/behaviortree_cpp/tree_node.h:16[m[K,
                 from [01m[K/home/bobdobchob/osu-uwrt/development/software/install/behaviortree_cpp/include/behaviortree_cpp/leaf_node.h:17[m[K,
                 from [01m[K/home/bobdobchob/osu-uwrt/development/software/install/behaviortree_cpp/include/behaviortree_cpp/action_node.h:17[m[K,
                 from [01m[K/home/bobdobchob/osu-uwrt/development/software/install/behaviortree_cpp/include/behaviortree_cpp/behavior_tree.h:16[m[K,
                 from [01m[K/home/bobdobchob/osu-uwrt/development/software/src/mercury_autonomy/mercury_autonomy/include/mercury_autonomy/autonomy_base.hpp:15[m[K,
                 from [01m[K/home/bobdobchob/osu-uwrt/development/software/src/mercury_autonomy/mercury_autonomy/include/mercury_autonomy/autonomy_lib.hpp:6[m[K,
                 from [01m[K/home/bobdobchob/osu-uwrt/development/software/src/mercury_autonomy/mercury_autonomy/include/mercury_autonomy/bt_actions/publish_ekf_pose.hpp:5[m[K,
                 from [01m[K/home/bobdobchob/osu-uwrt/development/software/src/mercury_autonomy/mercury_autonomy/src/bt_actions/publish_ekf_pose.cpp:3[m[K:
[01m[K/home/bobdobchob/osu-uwrt/development/software/install/behaviortree_cpp/include/behaviortree_cpp/basic_types.h:484:1:[m[K [01;36m[Knote: [m[Kcandidate: ‘[01m[Kstd::pair<std::__cxx11::basic_string<char>, BT::PortInfo> BT::InputPort(BT::StringView, BT::StringView) [with T = bool; BT::StringView = std::basic_string_view<char>][m[K’
  484 | [01;36m[KInputPort[m[K(StringView name, StringView description = {})
      | [01;36m[K^~~~~~~~~[m[K
[01m[K/home/bobdobchob/osu-uwrt/development/software/install/behaviortree_cpp/include/behaviortree_cpp/basic_types.h:484:39:[m[K [01;36m[Knote: [m[K  no known conversion for argument 2 from ‘[01m[Kbool[m[K’ to ‘[01m[KBT::StringView[m[K’ {aka ‘[01m[Kstd::basic_string_view<char>[m[K’}
  484 | InputPort(StringView name, [01;36m[KStringView description = {}[m[K)
      |                            [01;36m[K~~~~~~~~~~~^~~~~~~~~~~~~~~~[m[K
[01m[K/home/bobdobchob/osu-uwrt/development/software/install/behaviortree_cpp/include/behaviortree_cpp/basic_types.h:554:1:[m[K [01;36m[Knote: [m[Kcandidate: ‘[01m[Ktemplate<class T, class DefaultT> std::pair<std::__cxx11::basic_string<char>, BT::PortInfo> BT::InputPort(BT::StringView, const DefaultT&, BT::StringView)[m[K’
  554 | [01;36m[KInputPort[m[K(StringView name, const DefaultT& default_value, StringView description)
      | [01;36m[K^~~~~~~~~[m[K
[01m[K/home/bobdobchob/osu-uwrt/development/software/install/behaviortree_cpp/include/behaviortree_cpp/basic_types.h:554:1:[m[K [01;36m[Knote: [m[K  template argument deduction/substitution failed:
In file included from [01m[K/home/bobdobchob/osu-uwrt/development/software/src/mercury_autonomy/mercury_autonomy/src/bt_actions/publish_ekf_pose.cpp:3[m[K:
[01m[K/home/bobdobchob/osu-uwrt/development/software/src/mercury_autonomy/mercury_autonomy/include/mercury_autonomy/bt_actions/publish_ekf_pose.hpp:26:26:[m[K [01;36m[Knote: [m[K  candidate expects 3 arguments, 2 provided
   26 |       [01;36m[KBT::InputPort<bool>("setZ", false)[m[K,
      |       [01;36m[K~~~~~~~~~~~~~~~~~~~^~~~~~~~~~~~~~~[m[K
[01m[K/home/bobdobchob/osu-uwrt/development/software/src/mercury_autonomy/mercury_autonomy/include/mercury_autonomy/bt_actions/publish_ekf_pose.hpp:27:28:[m[K [01;31m[Kerror: [m[Kno matching function for call to ‘[01m[KInputPort<double>(const char [5], double)[m[K’
   27 |       [01;31m[KBT::InputPort<double>("roll", 0.0)[m[K,
      |       [01;31m[K~~~~~~~~~~~~~~~~~~~~~^~~~~~~~~~~~~[m[K
In file included from [01m[K/home/bobdobchob/osu-uwrt/development/software/install/behaviortree_cpp/include/behaviortree_cpp/tree_node.h:16[m[K,
                 from [01m[K/home/bobdobchob/osu-uwrt/development/software/install/behaviortree_cpp/include/behaviortree_cpp/leaf_node.h:17[m[K,
                 from [01m[K/home/bobdobchob/osu-uwrt/development/software/install/behaviortree_cpp/include/behaviortree_cpp/action_node.h:17[m[K,
                 from [01m[K/home/bobdobchob/osu-uwrt/development/software/install/behaviortree_cpp/include/behaviortree_cpp/behavior_tree.h:16[m[K,
                 from [01m[K/home/bobdobchob/osu-uwrt/development/software/src/mercury_autonomy/mercury_autonomy/include/mercury_autonomy/autonomy_base.hpp:15[m[K,
                 from [01m[K/home/bobdobchob/osu-uwrt/development/software/src/mercury_autonomy/mercury_autonomy/include/mercury_autonomy/autonomy_lib.hpp:6[m[K,
                 from [01m[K/home/bobdobchob/osu-uwrt/development/software/src/mercury_autonomy/mercury_autonomy/include/mercury_autonomy/bt_actions/publish_ekf_pose.hpp:5[m[K,
                 from [01m[K/home/bobdobchob/osu-uwrt/development/software/src/mercury_autonomy/mercury_autonomy/src/bt_actions/publish_ekf_pose.cpp:3[m[K:
[01m[K/home/bobdobchob/osu-uwrt/development/software/install/behaviortree_cpp/include/behaviortree_cpp/basic_types.h:484:1:[m[K [01;36m[Knote: [m[Kcandidate: ‘[01m[Kstd::pair<std::__cxx11::basic_string<char>, BT::PortInfo> BT::InputPort(BT::StringView, BT::StringView) [with T = double; BT::StringView = std::basic_string_view<char>][m[K’
  484 | [01;36m[KInputPort[m[K(StringView name, StringView description = {})
      | [01;36m[K^~~~~~~~~[m[K
[01m[K/home/bobdobchob/osu-uwrt/development/software/install/behaviortree_cpp/include/behaviortree_cpp/basic_types.h:484:39:[m[K [01;36m[Knote: [m[K  no known conversion for argument 2 from ‘[01m[Kdouble[m[K’ to ‘[01m[KBT::StringView[m[K’ {aka ‘[01m[Kstd::basic_string_view<char>[m[K’}
  484 | InputPort(StringView name, [01;36m[KStringView description = {}[m[K)
      |                            [01;36m[K~~~~~~~~~~~^~~~~~~~~~~~~~~~[m[K
[01m[K/home/bobdobchob/osu-uwrt/development/software/install/behaviortree_cpp/include/behaviortree_cpp/basic_types.h:554:1:[m[K [01;36m[Knote: [m[Kcandidate: ‘[01m[Ktemplate<class T, class DefaultT> std::pair<std::__cxx11::basic_string<char>, BT::PortInfo> BT::InputPort(BT::StringView, const DefaultT&, BT::StringView)[m[K’
  554 | [01;36m[KInputPort[m[K(StringView name, const DefaultT& default_value, StringView description)
      | [01;36m[K^~~~~~~~~[m[K
[01m[K/home/bobdobchob/osu-uwrt/development/software/install/behaviortree_cpp/include/behaviortree_cpp/basic_types.h:554:1:[m[K [01;36m[Knote: [m[K  template argument deduction/substitution failed:
In file included from [01m[K/home/bobdobchob/osu-uwrt/development/software/src/mercury_autonomy/mercury_autonomy/src/bt_actions/publish_ekf_pose.cpp:3[m[K:
[01m[K/home/bobdobchob/osu-uwrt/development/software/src/mercury_autonomy/mercury_autonomy/include/mercury_autonomy/bt_actions/publish_ekf_pose.hpp:27:28:[m[K [01;36m[Knote: [m[K  candidate expects 3 arguments, 2 provided
   27 |       [01;36m[KBT::InputPort<double>("roll", 0.0)[m[K,
      |       [01;36m[K~~~~~~~~~~~~~~~~~~~~~^~~~~~~~~~~~~[m[K
[01m[K/home/bobdobchob/osu-uwrt/development/software/src/mercury_autonomy/mercury_autonomy/include/mercury_autonomy/bt_actions/publish_ekf_pose.hpp:28:28:[m[K [01;31m[Kerror: [m[Kno matching function for call to ‘[01m[KInputPort<double>(const char [6], double)[m[K’
   28 |       [01;31m[KBT::InputPort<double>("pitch", 0.0)[m[K,
      |       [01;31m[K~~~~~~~~~~~~~~~~~~~~~^~~~~~~~~~~~~~[m[K
In file included from [01m[K/home/bobdobchob/osu-uwrt/development/software/install/behaviortree_cpp/include/behaviortree_cpp/tree_node.h:16[m[K,
                 from [01m[K/home/bobdobchob/osu-uwrt/development/software/install/behaviortree_cpp/include/behaviortree_cpp/leaf_node.h:17[m[K,
                 from [01m[K/home/bobdobchob/osu-uwrt/development/software/install/behaviortree_cpp/include/behaviortree_cpp/action_node.h:17[m[K,
                 from [01m[K/home/bobdobchob/osu-uwrt/development/software/install/behaviortree_cpp/include/behaviortree_cpp/behavior_tree.h:16[m[K,
                 from [01m[K/home/bobdobchob/osu-uwrt/development/software/src/mercury_autonomy/mercury_autonomy/include/mercury_autonomy/autonomy_base.hpp:15[m[K,
                 from [01m[K/home/bobdobchob/osu-uwrt/development/software/src/mercury_autonomy/mercury_autonomy/include/mercury_autonomy/autonomy_lib.hpp:6[m[K,
                 from [01m[K/home/bobdobchob/osu-uwrt/development/software/src/mercury_autonomy/mercury_autonomy/include/mercury_autonomy/bt_actions/publish_ekf_pose.hpp:5[m[K,
                 from [01m[K/home/bobdobchob/osu-uwrt/development/software/src/mercury_autonomy/mercury_autonomy/src/bt_actions/publish_ekf_pose.cpp:3[m[K:
[01m[K/home/bobdobchob/osu-uwrt/development/software/install/behaviortree_cpp/include/behaviortree_cpp/basic_types.h:484:1:[m[K [01;36m[Knote: [m[Kcandidate: ‘[01m[Kstd::pair<std::__cxx11::basic_string<char>, BT::PortInfo> BT::InputPort(BT::StringView, BT::StringView) [with T = double; BT::StringView = std::basic_string_view<char>][m[K’
  484 | [01;36m[KInputPort[m[K(StringView name, StringView description = {})
      | [01;36m[K^~~~~~~~~[m[K
[01m[K/home/bobdobchob/osu-uwrt/development/software/install/behaviortree_cpp/include/behaviortree_cpp/basic_types.h:484:39:[m[K [01;36m[Knote: [m[K  no known conversion for argument 2 from ‘[01m[Kdouble[m[K’ to ‘[01m[KBT::StringView[m[K’ {aka ‘[01m[Kstd::basic_string_view<char>[m[K’}
  484 | InputPort(StringView name, [01;36m[KStringView description = {}[m[K)
      |                            [01;36m[K~~~~~~~~~~~^~~~~~~~~~~~~~~~[m[K
[01m[K/home/bobdobchob/osu-uwrt/development/software/install/behaviortree_cpp/include/behaviortree_cpp/basic_types.h:554:1:[m[K [01;36m[Knote: [m[Kcandidate: ‘[01m[Ktemplate<class T, class DefaultT> std::pair<std::__cxx11::basic_string<char>, BT::PortInfo> BT::InputPort(BT::StringView, const DefaultT&, BT::StringView)[m[K’
  554 | [01;36m[KInputPort[m[K(StringView name, const DefaultT& default_value, StringView description)
      | [01;36m[K^~~~~~~~~[m[K
[01m[K/home/bobdobchob/osu-uwrt/development/software/install/behaviortree_cpp/include/behaviortree_cpp/basic_types.h:554:1:[m[K [01;36m[Knote: [m[K  template argument deduction/substitution failed:
In file included from [01m[K/home/bobdobchob/osu-uwrt/development/software/src/mercury_autonomy/mercury_autonomy/src/bt_actions/publish_ekf_pose.cpp:3[m[K:
[01m[K/home/bobdobchob/osu-uwrt/development/software/src/mercury_autonomy/mercury_autonomy/include/mercury_autonomy/bt_actions/publish_ekf_pose.hpp:28:28:[m[K [01;36m[Knote: [m[K  candidate expects 3 arguments, 2 provided
   28 |       [01;36m[KBT::InputPort<double>("pitch", 0.0)[m[K,
      |       [01;36m[K~~~~~~~~~~~~~~~~~~~~~^~~~~~~~~~~~~~[m[K
[01m[K/home/bobdobchob/osu-uwrt/development/software/src/mercury_autonomy/mercury_autonomy/include/mercury_autonomy/bt_actions/publish_ekf_pose.hpp:29:28:[m[K [01;31m[Kerror: [m[Kno matching function for call to ‘[01m[KInputPort<double>(const char [4], double)[m[K’
   29 |       [01;31m[KBT::InputPort<double>("yaw", 0.0)[m[K,
      |       [01;31m[K~~~~~~~~~~~~~~~~~~~~~^~~~~~~~~~~~[m[K
In file included from [01m[K/home/bobdobchob/osu-uwrt/development/software/install/behaviortree_cpp/include/behaviortree_cpp/tree_node.h:16[m[K,
                 from [01m[K/home/bobdobchob/osu-uwrt/development/software/install/behaviortree_cpp/include/behaviortree_cpp/leaf_node.h:17[m[K,
                 from [01m[K/home/bobdobchob/osu-uwrt/development/software/install/behaviortree_cpp/include/behaviortree_cpp/action_node.h:17[m[K,
                 from [01m[K/home/bobdobchob/osu-uwrt/development/software/install/behaviortree_cpp/include/behaviortree_cpp/behavior_tree.h:16[m[K,
                 from [01m[K/home/bobdobchob/osu-uwrt/development/software/src/mercury_autonomy/mercury_autonomy/include/mercury_autonomy/autonomy_base.hpp:15[m[K,
                 from [01m[K/home/bobdobchob/osu-uwrt/development/software/src/mercury_autonomy/mercury_autonomy/include/mercury_autonomy/autonomy_lib.hpp:6[m[K,
                 from [01m[K/home/bobdobchob/osu-uwrt/development/software/src/mercury_autonomy/mercury_autonomy/include/mercury_autonomy/bt_actions/publish_ekf_pose.hpp:5[m[K,
                 from [01m[K/home/bobdobchob/osu-uwrt/development/software/src/mercury_autonomy/mercury_autonomy/src/bt_actions/publish_ekf_pose.cpp:3[m[K:
[01m[K/home/bobdobchob/osu-uwrt/development/software/install/behaviortree_cpp/include/behaviortree_cpp/basic_types.h:484:1:[m[K [01;36m[Knote: [m[Kcandidate: ‘[01m[Kstd::pair<std::__cxx11::basic_string<char>, BT::PortInfo> BT::InputPort(BT::StringView, BT::StringView) [with T = double; BT::StringView = std::basic_string_view<char>][m[K’
  484 | [01;36m[KInputPort[m[K(StringView name, StringView description = {})
      | [01;36m[K^~~~~~~~~[m[K
[01m[K/home/bobdobchob/osu-uwrt/development/software/install/behaviortree_cpp/include/behaviortree_cpp/basic_types.h:484:39:[m[K [01;36m[Knote: [m[K  no known conversion for argument 2 from ‘[01m[Kdouble[m[K’ to ‘[01m[KBT::StringView[m[K’ {aka ‘[01m[Kstd::basic_string_view<char>[m[K’}
  484 | InputPort(StringView name, [01;36m[KStringView description = {}[m[K)
      |                            [01;36m[K~~~~~~~~~~~^~~~~~~~~~~~~~~~[m[K
[01m[K/home/bobdobchob/osu-uwrt/development/software/install/behaviortree_cpp/include/behaviortree_cpp/basic_types.h:554:1:[m[K [01;36m[Knote: [m[Kcandidate: ‘[01m[Ktemplate<class T, class DefaultT> std::pair<std::__cxx11::basic_string<char>, BT::PortInfo> BT::InputPort(BT::StringView, const DefaultT&, BT::StringView)[m[K’
  554 | [01;36m[KInputPort[m[K(StringView name, const DefaultT& default_value, StringView description)
      | [01;36m[K^~~~~~~~~[m[K
[01m[K/home/bobdobchob/osu-uwrt/development/software/install/behaviortree_cpp/include/behaviortree_cpp/basic_types.h:554:1:[m[K [01;36m[Knote: [m[K  template argument deduction/substitution failed:
In file included from [01m[K/home/bobdobchob/osu-uwrt/development/software/src/mercury_autonomy/mercury_autonomy/src/bt_actions/publish_ekf_pose.cpp:3[m[K:
[01m[K/home/bobdobchob/osu-uwrt/development/software/src/mercury_autonomy/mercury_autonomy/include/mercury_autonomy/bt_actions/publish_ekf_pose.hpp:29:28:[m[K [01;36m[Knote: [m[K  candidate expects 3 arguments, 2 provided
   29 |       [01;36m[KBT::InputPort<double>("yaw", 0.0)[m[K,
      |       [01;36m[K~~~~~~~~~~~~~~~~~~~~~^~~~~~~~~~~~[m[K
[01m[K/home/bobdobchob/osu-uwrt/development/software/src/mercury_autonomy/mercury_autonomy/include/mercury_autonomy/bt_actions/publish_ekf_pose.hpp:30:26:[m[K [01;31m[Kerror: [m[Kno matching function for call to ‘[01m[KInputPort<bool>(const char [15], bool)[m[K’
   30 |       [01;31m[KBT::InputPort<bool>("setOrientation", false)[m[K,
      |       [01;31m[K~~~~~~~~~~~~~~~~~~~^~~~~~~~~~~~~~~~~~~~~~~~~[m[K
In file included from [01m[K/home/bobdobchob/osu-uwrt/development/software/install/behaviortree_cpp/include/behaviortree_cpp/tree_node.h:16[m[K,
                 from [01m[K/home/bobdobchob/osu-uwrt/development/software/install/behaviortree_cpp/include/behaviortree_cpp/leaf_node.h:17[m[K,
                 from [01m[K/home/bobdobchob/osu-uwrt/development/software/install/behaviortree_cpp/include/behaviortree_cpp/action_node.h:17[m[K,
                 from [01m[K/home/bobdobchob/osu-uwrt/development/software/install/behaviortree_cpp/include/behaviortree_cpp/behavior_tree.h:16[m[K,
                 from [01m[K/home/bobdobchob/osu-uwrt/development/software/src/mercury_autonomy/mercury_autonomy/include/mercury_autonomy/autonomy_base.hpp:15[m[K,
                 from [01m[K/home/bobdobchob/osu-uwrt/development/software/src/mercury_autonomy/mercury_autonomy/include/mercury_autonomy/autonomy_lib.hpp:6[m[K,
                 from [01m[K/home/bobdobchob/osu-uwrt/development/software/src/mercury_autonomy/mercury_autonomy/include/mercury_autonomy/bt_actions/publish_ekf_pose.hpp:5[m[K,
                 from [01m[K/home/bobdobchob/osu-uwrt/development/software/src/mercury_autonomy/mercury_autonomy/src/bt_actions/publish_ekf_pose.cpp:3[m[K:
[01m[K/home/bobdobchob/osu-uwrt/development/software/install/behaviortree_cpp/include/behaviortree_cpp/basic_types.h:484:1:[m[K [01;36m[Knote: [m[Kcandidate: ‘[01m[Kstd::pair<std::__cxx11::basic_string<char>, BT::PortInfo> BT::InputPort(BT::StringView, BT::StringView) [with T = bool; BT::StringView = std::basic_string_view<char>][m[K’
  484 | [01;36m[KInputPort[m[K(StringView name, StringView description = {})
      | [01;36m[K^~~~~~~~~[m[K
[01m[K/home/bobdobchob/osu-uwrt/development/software/install/behaviortree_cpp/include/behaviortree_cpp/basic_types.h:484:39:[m[K [01;36m[Knote: [m[K  no known conversion for argument 2 from ‘[01m[Kbool[m[K’ to ‘[01m[KBT::StringView[m[K’ {aka ‘[01m[Kstd::basic_string_view<char>[m[K’}
  484 | InputPort(StringView name, [01;36m[KStringView description = {}[m[K)
      |                            [01;36m[K~~~~~~~~~~~^~~~~~~~~~~~~~~~[m[K
[01m[K/home/bobdobchob/osu-uwrt/development/software/install/behaviortree_cpp/include/behaviortree_cpp/basic_types.h:554:1:[m[K [01;36m[Knote: [m[Kcandidate: ‘[01m[Ktemplate<class T, class DefaultT> std::pair<std::__cxx11::basic_string<char>, BT::PortInfo> BT::InputPort(BT::StringView, const DefaultT&, BT::StringView)[m[K’
  554 | [01;36m[KInputPort[m[K(StringView name, const DefaultT& default_value, StringView description)
      | [01;36m[K^~~~~~~~~[m[K
[01m[K/home/bobdobchob/osu-uwrt/development/software/install/behaviortree_cpp/include/behaviortree_cpp/basic_types.h:554:1:[m[K [01;36m[Knote: [m[K  template argument deduction/substitution failed:
In file included from [01m[K/home/bobdobchob/osu-uwrt/development/software/src/mercury_autonomy/mercury_autonomy/src/bt_actions/publish_ekf_pose.cpp:3[m[K:
[01m[K/home/bobdobchob/osu-uwrt/development/software/src/mercury_autonomy/mercury_autonomy/include/mercury_autonomy/bt_actions/publish_ekf_pose.hpp:30:26:[m[K [01;36m[Knote: [m[K  candidate expects 3 arguments, 2 provided
   30 |       [01;36m[KBT::InputPort<bool>("setOrientation", false)[m[K,
      |       [01;36m[K~~~~~~~~~~~~~~~~~~~^~~~~~~~~~~~~~~~~~~~~~~~~[m[K
[01m[K/home/bobdobchob/osu-uwrt/development/software/src/mercury_autonomy/mercury_autonomy/include/mercury_autonomy/bt_actions/publish_ekf_pose.hpp:31:5:[m[K [01;31m[Kerror: [m[Kcould not convert ‘[01m[K{<expression error>, <expression error>, <expression error>, <expression error>, <expression error>, <expression error>, <expression error>, <expression error>, <expression error>, <expression error>}[m[K’ from ‘[01m[K<brace-enclosed initializer list>[m[K’ to ‘[01m[KBT::PortsList[m[K’ {aka ‘[01m[Kstd::unordered_map<std::__cxx11::basic_string<char>, BT::PortInfo>[m[K’}
   31 |     [01;31m[K}[m[K;
      |     [01;31m[K^[m[K
      |     [01;31m[K|[m[K
      |     [01;31m[K<brace-enclosed initializer list>[m[K
In file included from [01m[K/home/bobdobchob/osu-uwrt/development/software/src/mercury_autonomy/mercury_autonomy/src/register_actions.cpp:17[m[K:
[01m[K/home/bobdobchob/osu-uwrt/development/software/src/mercury_autonomy/mercury_autonomy/include/mercury_autonomy/bt_actions/publish_ekf_pose.hpp:[m[K In static member function ‘[01m[Kstatic BT::PortsList mercury_autonomy::PublishEKFPose::providedPorts()[m[K’:
[01m[K/home/bobdobchob/osu-uwrt/development/software/src/mercury_autonomy/mercury_autonomy/include/mercury_autonomy/bt_actions/publish_ekf_pose.hpp:21:28:[m[K [01;31m[Kerror: [m[Kno matching function for call to ‘[01m[KInputPort<double>(const char [2], double)[m[K’
   21 |       [01;31m[KBT::InputPort<double>("x", 0.0)[m[K,
      |       [01;31m[K~~~~~~~~~~~~~~~~~~~~~^~~~~~~~~~[m[K
In file included from [01m[K/home/bobdobchob/osu-uwrt/development/software/install/behaviortree_cpp/include/behaviortree_cpp/tree_node.h:16[m[K,
                 from [01m[K/home/bobdobchob/osu-uwrt/development/software/install/behaviortree_cpp/include/behaviortree_cpp/leaf_node.h:17[m[K,
                 from [01m[K/home/bobdobchob/osu-uwrt/development/software/install/behaviortree_cpp/include/behaviortree_cpp/action_node.h:17[m[K,
                 from [01m[K/home/bobdobchob/osu-uwrt/development/software/install/behaviortree_cpp/include/behaviortree_cpp/behavior_tree.h:16[m[K,
                 from [01m[K/home/bobdobchob/osu-uwrt/development/software/src/mercury_autonomy/mercury_autonomy/include/mercury_autonomy/autonomy_base.hpp:15[m[K,
                 from [01m[K/home/bobdobchob/osu-uwrt/development/software/src/mercury_autonomy/mercury_autonomy/include/mercury_autonomy/autonomy_lib.hpp:6[m[K,
                 from [01m[K/home/bobdobchob/osu-uwrt/development/software/src/mercury_autonomy/mercury_autonomy/include/mercury_autonomy/bt_actions/example_action.hpp:14[m[K,
                 from [01m[K/home/bobdobchob/osu-uwrt/development/software/src/mercury_autonomy/mercury_autonomy/src/register_actions.cpp:4[m[K:
[01m[K/home/bobdobchob/osu-uwrt/development/software/install/behaviortree_cpp/include/behaviortree_cpp/basic_types.h:484:1:[m[K [01;36m[Knote: [m[Kcandidate: ‘[01m[Kstd::pair<std::__cxx11::basic_string<char>, BT::PortInfo> BT::InputPort(BT::StringView, BT::StringView) [with T = double; BT::StringView = std::basic_string_view<char>][m[K’
  484 | [01;36m[KInputPort[m[K(StringView name, StringView description = {})
      | [01;36m[K^~~~~~~~~[m[K
[01m[K/home/bobdobchob/osu-uwrt/development/software/install/behaviortree_cpp/include/behaviortree_cpp/basic_types.h:484:39:[m[K [01;36m[Knote: [m[K  no known conversion for argument 2 from ‘[01m[Kdouble[m[K’ to ‘[01m[KBT::StringView[m[K’ {aka ‘[01m[Kstd::basic_string_view<char>[m[K’}
  484 | InputPort(StringView name, [01;36m[KStringView description = {}[m[K)
      |                            [01;36m[K~~~~~~~~~~~^~~~~~~~~~~~~~~~[m[K
[01m[K/home/bobdobchob/osu-uwrt/development/software/install/behaviortree_cpp/include/behaviortree_cpp/basic_types.h:554:1:[m[K [01;36m[Knote: [m[Kcandidate: ‘[01m[Ktemplate<class T, class DefaultT> std::pair<std::__cxx11::basic_string<char>, BT::PortInfo> BT::InputPort(BT::StringView, const DefaultT&, BT::StringView)[m[K’
  554 | [01;36m[KInputPort[m[K(StringView name, const DefaultT& default_value, StringView description)
      | [01;36m[K^~~~~~~~~[m[K
[01m[K/home/bobdobchob/osu-uwrt/development/software/install/behaviortree_cpp/include/behaviortree_cpp/basic_types.h:554:1:[m[K [01;36m[Knote: [m[K  template argument deduction/substitution failed:
In file included from [01m[K/home/bobdobchob/osu-uwrt/development/software/src/mercury_autonomy/mercury_autonomy/src/register_actions.cpp:17[m[K:
[01m[K/home/bobdobchob/osu-uwrt/development/software/src/mercury_autonomy/mercury_autonomy/include/mercury_autonomy/bt_actions/publish_ekf_pose.hpp:21:28:[m[K [01;36m[Knote: [m[K  candidate expects 3 arguments, 2 provided
   21 |       [01;36m[KBT::InputPort<double>("x", 0.0)[m[K,
      |       [01;36m[K~~~~~~~~~~~~~~~~~~~~~^~~~~~~~~~[m[K
[01m[K/home/bobdobchob/osu-uwrt/development/software/src/mercury_autonomy/mercury_autonomy/include/mercury_autonomy/bt_actions/publish_ekf_pose.hpp:22:26:[m[K [01;31m[Kerror: [m[Kno matching function for call to ‘[01m[KInputPort<bool>(const char [5], bool)[m[K’
   22 |       [01;31m[KBT::InputPort<bool>("setX", false)[m[K,
      |       [01;31m[K~~~~~~~~~~~~~~~~~~~^~~~~~~~~~~~~~~[m[K
In file included from [01m[K/home/bobdobchob/osu-uwrt/development/software/install/behaviortree_cpp/include/behaviortree_cpp/tree_node.h:16[m[K,
                 from [01m[K/home/bobdobchob/osu-uwrt/development/software/install/behaviortree_cpp/include/behaviortree_cpp/leaf_node.h:17[m[K,
                 from [01m[K/home/bobdobchob/osu-uwrt/development/software/install/behaviortree_cpp/include/behaviortree_cpp/action_node.h:17[m[K,
                 from [01m[K/home/bobdobchob/osu-uwrt/development/software/install/behaviortree_cpp/include/behaviortree_cpp/behavior_tree.h:16[m[K,
                 from [01m[K/home/bobdobchob/osu-uwrt/development/software/src/mercury_autonomy/mercury_autonomy/include/mercury_autonomy/autonomy_base.hpp:15[m[K,
                 from [01m[K/home/bobdobchob/osu-uwrt/development/software/src/mercury_autonomy/mercury_autonomy/include/mercury_autonomy/autonomy_lib.hpp:6[m[K,
                 from [01m[K/home/bobdobchob/osu-uwrt/development/software/src/mercury_autonomy/mercury_autonomy/include/mercury_autonomy/bt_actions/example_action.hpp:14[m[K,
                 from [01m[K/home/bobdobchob/osu-uwrt/development/software/src/mercury_autonomy/mercury_autonomy/src/register_actions.cpp:4[m[K:
[01m[K/home/bobdobchob/osu-uwrt/development/software/install/behaviortree_cpp/include/behaviortree_cpp/basic_types.h:484:1:[m[K [01;36m[Knote: [m[Kcandidate: ‘[01m[Kstd::pair<std::__cxx11::basic_string<char>, BT::PortInfo> BT::InputPort(BT::StringView, BT::StringView) [with T = bool; BT::StringView = std::basic_string_view<char>][m[K’
  484 | [01;36m[KInputPort[m[K(StringView name, StringView description = {})
      | [01;36m[K^~~~~~~~~[m[K
[01m[K/home/bobdobchob/osu-uwrt/development/software/install/behaviortree_cpp/include/behaviortree_cpp/basic_types.h:484:39:[m[K [01;36m[Knote: [m[K  no known conversion for argument 2 from ‘[01m[Kbool[m[K’ to ‘[01m[KBT::StringView[m[K’ {aka ‘[01m[Kstd::basic_string_view<char>[m[K’}
  484 | InputPort(StringView name, [01;36m[KStringView description = {}[m[K)
      |                            [01;36m[K~~~~~~~~~~~^~~~~~~~~~~~~~~~[m[K
[01m[K/home/bobdobchob/osu-uwrt/development/software/install/behaviortree_cpp/include/behaviortree_cpp/basic_types.h:554:1:[m[K [01;36m[Knote: [m[Kcandidate: ‘[01m[Ktemplate<class T, class DefaultT> std::pair<std::__cxx11::basic_string<char>, BT::PortInfo> BT::InputPort(BT::StringView, const DefaultT&, BT::StringView)[m[K’
  554 | [01;36m[KInputPort[m[K(StringView name, const DefaultT& default_value, StringView description)
      | [01;36m[K^~~~~~~~~[m[K
[01m[K/home/bobdobchob/osu-uwrt/development/software/install/behaviortree_cpp/include/behaviortree_cpp/basic_types.h:554:1:[m[K [01;36m[Knote: [m[K  template argument deduction/substitution failed:
In file included from [01m[K/home/bobdobchob/osu-uwrt/development/software/src/mercury_autonomy/mercury_autonomy/src/register_actions.cpp:17[m[K:
[01m[K/home/bobdobchob/osu-uwrt/development/software/src/mercury_autonomy/mercury_autonomy/include/mercury_autonomy/bt_actions/publish_ekf_pose.hpp:22:26:[m[K [01;36m[Knote: [m[K  candidate expects 3 arguments, 2 provided
   22 |       [01;36m[KBT::InputPort<bool>("setX", false)[m[K,
      |       [01;36m[K~~~~~~~~~~~~~~~~~~~^~~~~~~~~~~~~~~[m[K
[01m[K/home/bobdobchob/osu-uwrt/development/software/src/mercury_autonomy/mercury_autonomy/include/mercury_autonomy/bt_actions/publish_ekf_pose.hpp:23:28:[m[K [01;31m[Kerror: [m[Kno matching function for call to ‘[01m[KInputPort<double>(const char [2], double)[m[K’
   23 |       [01;31m[KBT::InputPort<double>("y", 0.0)[m[K,
      |       [01;31m[K~~~~~~~~~~~~~~~~~~~~~^~~~~~~~~~[m[K
In file included from [01m[K/home/bobdobchob/osu-uwrt/development/software/install/behaviortree_cpp/include/behaviortree_cpp/tree_node.h:16[m[K,
                 from [01m[K/home/bobdobchob/osu-uwrt/development/software/install/behaviortree_cpp/include/behaviortree_cpp/leaf_node.h:17[m[K,
                 from [01m[K/home/bobdobchob/osu-uwrt/development/software/install/behaviortree_cpp/include/behaviortree_cpp/action_node.h:17[m[K,
                 from [01m[K/home/bobdobchob/osu-uwrt/development/software/install/behaviortree_cpp/include/behaviortree_cpp/behavior_tree.h:16[m[K,
                 from [01m[K/home/bobdobchob/osu-uwrt/development/software/src/mercury_autonomy/mercury_autonomy/include/mercury_autonomy/autonomy_base.hpp:15[m[K,
                 from [01m[K/home/bobdobchob/osu-uwrt/development/software/src/mercury_autonomy/mercury_autonomy/include/mercury_autonomy/autonomy_lib.hpp:6[m[K,
                 from [01m[K/home/bobdobchob/osu-uwrt/development/software/src/mercury_autonomy/mercury_autonomy/include/mercury_autonomy/bt_actions/example_action.hpp:14[m[K,
                 from [01m[K/home/bobdobchob/osu-uwrt/development/software/src/mercury_autonomy/mercury_autonomy/src/register_actions.cpp:4[m[K:
[01m[K/home/bobdobchob/osu-uwrt/development/software/install/behaviortree_cpp/include/behaviortree_cpp/basic_types.h:484:1:[m[K [01;36m[Knote: [m[Kcandidate: ‘[01m[Kstd::pair<std::__cxx11::basic_string<char>, BT::PortInfo> BT::InputPort(BT::StringView, BT::StringView) [with T = double; BT::StringView = std::basic_string_view<char>][m[K’
  484 | [01;36m[KInputPort[m[K(StringView name, StringView description = {})
      | [01;36m[K^~~~~~~~~[m[K
[01m[K/home/bobdobchob/osu-uwrt/development/software/install/behaviortree_cpp/include/behaviortree_cpp/basic_types.h:484:39:[m[K [01;36m[Knote: [m[K  no known conversion for argument 2 from ‘[01m[Kdouble[m[K’ to ‘[01m[KBT::StringView[m[K’ {aka ‘[01m[Kstd::basic_string_view<char>[m[K’}
  484 | InputPort(StringView name, [01;36m[KStringView description = {}[m[K)
      |                            [01;36m[K~~~~~~~~~~~^~~~~~~~~~~~~~~~[m[K
[01m[K/home/bobdobchob/osu-uwrt/development/software/install/behaviortree_cpp/include/behaviortree_cpp/basic_types.h:554:1:[m[K [01;36m[Knote: [m[Kcandidate: ‘[01m[Ktemplate<class T, class DefaultT> std::pair<std::__cxx11::basic_string<char>, BT::PortInfo> BT::InputPort(BT::StringView, const DefaultT&, BT::StringView)[m[K’
  554 | [01;36m[KInputPort[m[K(StringView name, const DefaultT& default_value, StringView description)
      | [01;36m[K^~~~~~~~~[m[K
[01m[K/home/bobdobchob/osu-uwrt/development/software/install/behaviortree_cpp/include/behaviortree_cpp/basic_types.h:554:1:[m[K [01;36m[Knote: [m[K  template argument deduction/substitution failed:
In file included from [01m[K/home/bobdobchob/osu-uwrt/development/software/src/mercury_autonomy/mercury_autonomy/src/register_actions.cpp:17[m[K:
[01m[K/home/bobdobchob/osu-uwrt/development/software/src/mercury_autonomy/mercury_autonomy/include/mercury_autonomy/bt_actions/publish_ekf_pose.hpp:23:28:[m[K [01;36m[Knote: [m[K  candidate expects 3 arguments, 2 provided
   23 |       [01;36m[KBT::InputPort<double>("y", 0.0)[m[K,
      |       [01;36m[K~~~~~~~~~~~~~~~~~~~~~^~~~~~~~~~[m[K
[01m[K/home/bobdobchob/osu-uwrt/development/software/src/mercury_autonomy/mercury_autonomy/include/mercury_autonomy/bt_actions/publish_ekf_pose.hpp:24:26:[m[K [01;31m[Kerror: [m[Kno matching function for call to ‘[01m[KInputPort<bool>(const char [5], bool)[m[K’
   24 |       [01;31m[KBT::InputPort<bool>("setY", false)[m[K,
      |       [01;31m[K~~~~~~~~~~~~~~~~~~~^~~~~~~~~~~~~~~[m[K
In file included from [01m[K/home/bobdobchob/osu-uwrt/development/software/install/behaviortree_cpp/include/behaviortree_cpp/tree_node.h:16[m[K,
                 from [01m[K/home/bobdobchob/osu-uwrt/development/software/install/behaviortree_cpp/include/behaviortree_cpp/leaf_node.h:17[m[K,
                 from [01m[K/home/bobdobchob/osu-uwrt/development/software/install/behaviortree_cpp/include/behaviortree_cpp/action_node.h:17[m[K,
                 from [01m[K/home/bobdobchob/osu-uwrt/development/software/install/behaviortree_cpp/include/behaviortree_cpp/behavior_tree.h:16[m[K,
                 from [01m[K/home/bobdobchob/osu-uwrt/development/software/src/mercury_autonomy/mercury_autonomy/include/mercury_autonomy/autonomy_base.hpp:15[m[K,
                 from [01m[K/home/bobdobchob/osu-uwrt/development/software/src/mercury_autonomy/mercury_autonomy/include/mercury_autonomy/autonomy_lib.hpp:6[m[K,
                 from [01m[K/home/bobdobchob/osu-uwrt/development/software/src/mercury_autonomy/mercury_autonomy/include/mercury_autonomy/bt_actions/example_action.hpp:14[m[K,
                 from [01m[K/home/bobdobchob/osu-uwrt/development/software/src/mercury_autonomy/mercury_autonomy/src/register_actions.cpp:4[m[K:
[01m[K/home/bobdobchob/osu-uwrt/development/software/install/behaviortree_cpp/include/behaviortree_cpp/basic_types.h:484:1:[m[K [01;36m[Knote: [m[Kcandidate: ‘[01m[Kstd::pair<std::__cxx11::basic_string<char>, BT::PortInfo> BT::InputPort(BT::StringView, BT::StringView) [with T = bool; BT::StringView = std::basic_string_view<char>][m[K’
  484 | [01;36m[KInputPort[m[K(StringView name, StringView description = {})
      | [01;36m[K^~~~~~~~~[m[K
[01m[K/home/bobdobchob/osu-uwrt/development/software/install/behaviortree_cpp/include/behaviortree_cpp/basic_types.h:484:39:[m[K [01;36m[Knote: [m[K  no known conversion for argument 2 from ‘[01m[Kbool[m[K’ to ‘[01m[KBT::StringView[m[K’ {aka ‘[01m[Kstd::basic_string_view<char>[m[K’}
  484 | InputPort(StringView name, [01;36m[KStringView description = {}[m[K)
      |                            [01;36m[K~~~~~~~~~~~^~~~~~~~~~~~~~~~[m[K
[01m[K/home/bobdobchob/osu-uwrt/development/software/install/behaviortree_cpp/include/behaviortree_cpp/basic_types.h:554:1:[m[K [01;36m[Knote: [m[Kcandidate: ‘[01m[Ktemplate<class T, class DefaultT> std::pair<std::__cxx11::basic_string<char>, BT::PortInfo> BT::InputPort(BT::StringView, const DefaultT&, BT::StringView)[m[K’
  554 | [01;36m[KInputPort[m[K(StringView name, const DefaultT& default_value, StringView description)
      | [01;36m[K^~~~~~~~~[m[K
[01m[K/home/bobdobchob/osu-uwrt/development/software/install/behaviortree_cpp/include/behaviortree_cpp/basic_types.h:554:1:[m[K [01;36m[Knote: [m[K  template argument deduction/substitution failed:
In file included from [01m[K/home/bobdobchob/osu-uwrt/development/software/src/mercury_autonomy/mercury_autonomy/src/register_actions.cpp:17[m[K:
[01m[K/home/bobdobchob/osu-uwrt/development/software/src/mercury_autonomy/mercury_autonomy/include/mercury_autonomy/bt_actions/publish_ekf_pose.hpp:24:26:[m[K [01;36m[Knote: [m[K  candidate expects 3 arguments, 2 provided
   24 |       [01;36m[KBT::InputPort<bool>("setY", false)[m[K,
      |       [01;36m[K~~~~~~~~~~~~~~~~~~~^~~~~~~~~~~~~~~[m[K
[01m[K/home/bobdobchob/osu-uwrt/development/software/src/mercury_autonomy/mercury_autonomy/include/mercury_autonomy/bt_actions/publish_ekf_pose.hpp:25:28:[m[K [01;31m[Kerror: [m[Kno matching function for call to ‘[01m[KInputPort<double>(const char [2], double)[m[K’
   25 |       [01;31m[KBT::InputPort<double>("z", 0.0)[m[K,
      |       [01;31m[K~~~~~~~~~~~~~~~~~~~~~^~~~~~~~~~[m[K
In file included from [01m[K/home/bobdobchob/osu-uwrt/development/software/install/behaviortree_cpp/include/behaviortree_cpp/tree_node.h:16[m[K,
                 from [01m[K/home/bobdobchob/osu-uwrt/development/software/install/behaviortree_cpp/include/behaviortree_cpp/leaf_node.h:17[m[K,
                 from [01m[K/home/bobdobchob/osu-uwrt/development/software/install/behaviortree_cpp/include/behaviortree_cpp/action_node.h:17[m[K,
                 from [01m[K/home/bobdobchob/osu-uwrt/development/software/install/behaviortree_cpp/include/behaviortree_cpp/behavior_tree.h:16[m[K,
                 from [01m[K/home/bobdobchob/osu-uwrt/development/software/src/mercury_autonomy/mercury_autonomy/include/mercury_autonomy/autonomy_base.hpp:15[m[K,
                 from [01m[K/home/bobdobchob/osu-uwrt/development/software/src/mercury_autonomy/mercury_autonomy/include/mercury_autonomy/autonomy_lib.hpp:6[m[K,
                 from [01m[K/home/bobdobchob/osu-uwrt/development/software/src/mercury_autonomy/mercury_autonomy/include/mercury_autonomy/bt_actions/example_action.hpp:14[m[K,
                 from [01m[K/home/bobdobchob/osu-uwrt/development/software/src/mercury_autonomy/mercury_autonomy/src/register_actions.cpp:4[m[K:
[01m[K/home/bobdobchob/osu-uwrt/development/software/install/behaviortree_cpp/include/behaviortree_cpp/basic_types.h:484:1:[m[K [01;36m[Knote: [m[Kcandidate: ‘[01m[Kstd::pair<std::__cxx11::basic_string<char>, BT::PortInfo> BT::InputPort(BT::StringView, BT::StringView) [with T = double; BT::StringView = std::basic_string_view<char>][m[K’
  484 | [01;36m[KInputPort[m[K(StringView name, StringView description = {})
      | [01;36m[K^~~~~~~~~[m[K
[01m[K/home/bobdobchob/osu-uwrt/development/software/install/behaviortree_cpp/include/behaviortree_cpp/basic_types.h:484:39:[m[K [01;36m[Knote: [m[K  no known conversion for argument 2 from ‘[01m[Kdouble[m[K’ to ‘[01m[KBT::StringView[m[K’ {aka ‘[01m[Kstd::basic_string_view<char>[m[K’}
  484 | InputPort(StringView name, [01;36m[KStringView description = {}[m[K)
      |                            [01;36m[K~~~~~~~~~~~^~~~~~~~~~~~~~~~[m[K
[01m[K/home/bobdobchob/osu-uwrt/development/software/install/behaviortree_cpp/include/behaviortree_cpp/basic_types.h:554:1:[m[K [01;36m[Knote: [m[Kcandidate: ‘[01m[Ktemplate<class T, class DefaultT> std::pair<std::__cxx11::basic_string<char>, BT::PortInfo> BT::InputPort(BT::StringView, const DefaultT&, BT::StringView)[m[K’
  554 | [01;36m[KInputPort[m[K(StringView name, const DefaultT& default_value, StringView description)
      | [01;36m[K^~~~~~~~~[m[K
[01m[K/home/bobdobchob/osu-uwrt/development/software/install/behaviortree_cpp/include/behaviortree_cpp/basic_types.h:554:1:[m[K [01;36m[Knote: [m[K  template argument deduction/substitution failed:
In file included from [01m[K/home/bobdobchob/osu-uwrt/development/software/src/mercury_autonomy/mercury_autonomy/src/register_actions.cpp:17[m[K:
[01m[K/home/bobdobchob/osu-uwrt/development/software/src/mercury_autonomy/mercury_autonomy/include/mercury_autonomy/bt_actions/publish_ekf_pose.hpp:25:28:[m[K [01;36m[Knote: [m[K  candidate expects 3 arguments, 2 provided
   25 |       [01;36m[KBT::InputPort<double>("z", 0.0)[m[K,
      |       [01;36m[K~~~~~~~~~~~~~~~~~~~~~^~~~~~~~~~[m[K
[01m[K/home/bobdobchob/osu-uwrt/development/software/src/mercury_autonomy/mercury_autonomy/include/mercury_autonomy/bt_actions/publish_ekf_pose.hpp:26:26:[m[K [01;31m[Kerror: [m[Kno matching function for call to ‘[01m[KInputPort<bool>(const char [5], bool)[m[K’
   26 |       [01;31m[KBT::InputPort<bool>("setZ", false)[m[K,
      |       [01;31m[K~~~~~~~~~~~~~~~~~~~^~~~~~~~~~~~~~~[m[K
In file included from [01m[K/home/bobdobchob/osu-uwrt/development/software/install/behaviortree_cpp/include/behaviortree_cpp/tree_node.h:16[m[K,
                 from [01m[K/home/bobdobchob/osu-uwrt/development/software/install/behaviortree_cpp/include/behaviortree_cpp/leaf_node.h:17[m[K,
                 from [01m[K/home/bobdobchob/osu-uwrt/development/software/install/behaviortree_cpp/include/behaviortree_cpp/action_node.h:17[m[K,
                 from [01m[K/home/bobdobchob/osu-uwrt/development/software/install/behaviortree_cpp/include/behaviortree_cpp/behavior_tree.h:16[m[K,
                 from [01m[K/home/bobdobchob/osu-uwrt/development/software/src/mercury_autonomy/mercury_autonomy/include/mercury_autonomy/autonomy_base.hpp:15[m[K,
                 from [01m[K/home/bobdobchob/osu-uwrt/development/software/src/mercury_autonomy/mercury_autonomy/include/mercury_autonomy/autonomy_lib.hpp:6[m[K,
                 from [01m[K/home/bobdobchob/osu-uwrt/development/software/src/mercury_autonomy/mercury_autonomy/include/mercury_autonomy/bt_actions/example_action.hpp:14[m[K,
                 from [01m[K/home/bobdobchob/osu-uwrt/development/software/src/mercury_autonomy/mercury_autonomy/src/register_actions.cpp:4[m[K:
[01m[K/home/bobdobchob/osu-uwrt/development/software/install/behaviortree_cpp/include/behaviortree_cpp/basic_types.h:484:1:[m[K [01;36m[Knote: [m[Kcandidate: ‘[01m[Kstd::pair<std::__cxx11::basic_string<char>, BT::PortInfo> BT::InputPort(BT::StringView, BT::StringView) [with T = bool; BT::StringView = std::basic_string_view<char>][m[K’
  484 | [01;36m[KInputPort[m[K(StringView name, StringView description = {})
      | [01;36m[K^~~~~~~~~[m[K
[01m[K/home/bobdobchob/osu-uwrt/development/software/install/behaviortree_cpp/include/behaviortree_cpp/basic_types.h:484:39:[m[K [01;36m[Knote: [m[K  no known conversion for argument 2 from ‘[01m[Kbool[m[K’ to ‘[01m[KBT::StringView[m[K’ {aka ‘[01m[Kstd::basic_string_view<char>[m[K’}
  484 | InputPort(StringView name, [01;36m[KStringView description = {}[m[K)
      |                            [01;36m[K~~~~~~~~~~~^~~~~~~~~~~~~~~~[m[K
[01m[K/home/bobdobchob/osu-uwrt/development/software/install/behaviortree_cpp/include/behaviortree_cpp/basic_types.h:554:1:[m[K [01;36m[Knote: [m[Kcandidate: ‘[01m[Ktemplate<class T, class DefaultT> std::pair<std::__cxx11::basic_string<char>, BT::PortInfo> BT::InputPort(BT::StringView, const DefaultT&, BT::StringView)[m[K’
  554 | [01;36m[KInputPort[m[K(StringView name, const DefaultT& default_value, StringView description)
      | [01;36m[K^~~~~~~~~[m[K
[01m[K/home/bobdobchob/osu-uwrt/development/software/install/behaviortree_cpp/include/behaviortree_cpp/basic_types.h:554:1:[m[K [01;36m[Knote: [m[K  template argument deduction/substitution failed:
In file included from [01m[K/home/bobdobchob/osu-uwrt/development/software/src/mercury_autonomy/mercury_autonomy/src/register_actions.cpp:17[m[K:
[01m[K/home/bobdobchob/osu-uwrt/development/software/src/mercury_autonomy/mercury_autonomy/include/mercury_autonomy/bt_actions/publish_ekf_pose.hpp:26:26:[m[K [01;36m[Knote: [m[K  candidate expects 3 arguments, 2 provided
   26 |       [01;36m[KBT::InputPort<bool>("setZ", false)[m[K,
      |       [01;36m[K~~~~~~~~~~~~~~~~~~~^~~~~~~~~~~~~~~[m[K
[01m[K/home/bobdobchob/osu-uwrt/development/software/src/mercury_autonomy/mercury_autonomy/include/mercury_autonomy/bt_actions/publish_ekf_pose.hpp:27:28:[m[K [01;31m[Kerror: [m[Kno matching function for call to ‘[01m[KInputPort<double>(const char [5], double)[m[K’
   27 |       [01;31m[KBT::InputPort<double>("roll", 0.0)[m[K,
      |       [01;31m[K~~~~~~~~~~~~~~~~~~~~~^~~~~~~~~~~~~[m[K
In file included from [01m[K/home/bobdobchob/osu-uwrt/development/software/install/behaviortree_cpp/include/behaviortree_cpp/tree_node.h:16[m[K,
                 from [01m[K/home/bobdobchob/osu-uwrt/development/software/install/behaviortree_cpp/include/behaviortree_cpp/leaf_node.h:17[m[K,
                 from [01m[K/home/bobdobchob/osu-uwrt/development/software/install/behaviortree_cpp/include/behaviortree_cpp/action_node.h:17[m[K,
                 from [01m[K/home/bobdobchob/osu-uwrt/development/software/install/behaviortree_cpp/include/behaviortree_cpp/behavior_tree.h:16[m[K,
                 from [01m[K/home/bobdobchob/osu-uwrt/development/software/src/mercury_autonomy/mercury_autonomy/include/mercury_autonomy/autonomy_base.hpp:15[m[K,
                 from [01m[K/home/bobdobchob/osu-uwrt/development/software/src/mercury_autonomy/mercury_autonomy/include/mercury_autonomy/autonomy_lib.hpp:6[m[K,
                 from [01m[K/home/bobdobchob/osu-uwrt/development/software/src/mercury_autonomy/mercury_autonomy/include/mercury_autonomy/bt_actions/example_action.hpp:14[m[K,
                 from [01m[K/home/bobdobchob/osu-uwrt/development/software/src/mercury_autonomy/mercury_autonomy/src/register_actions.cpp:4[m[K:
[01m[K/home/bobdobchob/osu-uwrt/development/software/install/behaviortree_cpp/include/behaviortree_cpp/basic_types.h:484:1:[m[K [01;36m[Knote: [m[Kcandidate: ‘[01m[Kstd::pair<std::__cxx11::basic_string<char>, BT::PortInfo> BT::InputPort(BT::StringView, BT::StringView) [with T = double; BT::StringView = std::basic_string_view<char>][m[K’
  484 | [01;36m[KInputPort[m[K(StringView name, StringView description = {})
      | [01;36m[K^~~~~~~~~[m[K
[01m[K/home/bobdobchob/osu-uwrt/development/software/install/behaviortree_cpp/include/behaviortree_cpp/basic_types.h:484:39:[m[K [01;36m[Knote: [m[K  no known conversion for argument 2 from ‘[01m[Kdouble[m[K’ to ‘[01m[KBT::StringView[m[K’ {aka ‘[01m[Kstd::basic_string_view<char>[m[K’}
  484 | InputPort(StringView name, [01;36m[KStringView description = {}[m[K)
      |                            [01;36m[K~~~~~~~~~~~^~~~~~~~~~~~~~~~[m[K
[01m[K/home/bobdobchob/osu-uwrt/development/software/install/behaviortree_cpp/include/behaviortree_cpp/basic_types.h:554:1:[m[K [01;36m[Knote: [m[Kcandidate: ‘[01m[Ktemplate<class T, class DefaultT> std::pair<std::__cxx11::basic_string<char>, BT::PortInfo> BT::InputPort(BT::StringView, const DefaultT&, BT::StringView)[m[K’
  554 | [01;36m[KInputPort[m[K(StringView name, const DefaultT& default_value, StringView description)
      | [01;36m[K^~~~~~~~~[m[K
[01m[K/home/bobdobchob/osu-uwrt/development/software/install/behaviortree_cpp/include/behaviortree_cpp/basic_types.h:554:1:[m[K [01;36m[Knote: [m[K  template argument deduction/substitution failed:
In file included from [01m[K/home/bobdobchob/osu-uwrt/development/software/src/mercury_autonomy/mercury_autonomy/src/register_actions.cpp:17[m[K:
[01m[K/home/bobdobchob/osu-uwrt/development/software/src/mercury_autonomy/mercury_autonomy/include/mercury_autonomy/bt_actions/publish_ekf_pose.hpp:27:28:[m[K [01;36m[Knote: [m[K  candidate expects 3 arguments, 2 provided
   27 |       [01;36m[KBT::InputPort<double>("roll", 0.0)[m[K,
      |       [01;36m[K~~~~~~~~~~~~~~~~~~~~~^~~~~~~~~~~~~[m[K
[01m[K/home/bobdobchob/osu-uwrt/development/software/src/mercury_autonomy/mercury_autonomy/include/mercury_autonomy/bt_actions/publish_ekf_pose.hpp:28:28:[m[K [01;31m[Kerror: [m[Kno matching function for call to ‘[01m[KInputPort<double>(const char [6], double)[m[K’
   28 |       [01;31m[KBT::InputPort<double>("pitch", 0.0)[m[K,
      |       [01;31m[K~~~~~~~~~~~~~~~~~~~~~^~~~~~~~~~~~~~[m[K
In file included from [01m[K/home/bobdobchob/osu-uwrt/development/software/install/behaviortree_cpp/include/behaviortree_cpp/tree_node.h:16[m[K,
                 from [01m[K/home/bobdobchob/osu-uwrt/development/software/install/behaviortree_cpp/include/behaviortree_cpp/leaf_node.h:17[m[K,
                 from [01m[K/home/bobdobchob/osu-uwrt/development/software/install/behaviortree_cpp/include/behaviortree_cpp/action_node.h:17[m[K,
                 from [01m[K/home/bobdobchob/osu-uwrt/development/software/install/behaviortree_cpp/include/behaviortree_cpp/behavior_tree.h:16[m[K,
                 from [01m[K/home/bobdobchob/osu-uwrt/development/software/src/mercury_autonomy/mercury_autonomy/include/mercury_autonomy/autonomy_base.hpp:15[m[K,
                 from [01m[K/home/bobdobchob/osu-uwrt/development/software/src/mercury_autonomy/mercury_autonomy/include/mercury_autonomy/autonomy_lib.hpp:6[m[K,
                 from [01m[K/home/bobdobchob/osu-uwrt/development/software/src/mercury_autonomy/mercury_autonomy/include/mercury_autonomy/bt_actions/example_action.hpp:14[m[K,
                 from [01m[K/home/bobdobchob/osu-uwrt/development/software/src/mercury_autonomy/mercury_autonomy/src/register_actions.cpp:4[m[K:
[01m[K/home/bobdobchob/osu-uwrt/development/software/install/behaviortree_cpp/include/behaviortree_cpp/basic_types.h:484:1:[m[K [01;36m[Knote: [m[Kcandidate: ‘[01m[Kstd::pair<std::__cxx11::basic_string<char>, BT::PortInfo> BT::InputPort(BT::StringView, BT::StringView) [with T = double; BT::StringView = std::basic_string_view<char>][m[K’
  484 | [01;36m[KInputPort[m[K(StringView name, StringView description = {})
      | [01;36m[K^~~~~~~~~[m[K
[01m[K/home/bobdobchob/osu-uwrt/development/software/install/behaviortree_cpp/include/behaviortree_cpp/basic_types.h:484:39:[m[K [01;36m[Knote: [m[K  no known conversion for argument 2 from ‘[01m[Kdouble[m[K’ to ‘[01m[KBT::StringView[m[K’ {aka ‘[01m[Kstd::basic_string_view<char>[m[K’}
  484 | InputPort(StringView name, [01;36m[KStringView description = {}[m[K)
      |                            [01;36m[K~~~~~~~~~~~^~~~~~~~~~~~~~~~[m[K
[01m[K/home/bobdobchob/osu-uwrt/development/software/install/behaviortree_cpp/include/behaviortree_cpp/basic_types.h:554:1:[m[K [01;36m[Knote: [m[Kcandidate: ‘[01m[Ktemplate<class T, class DefaultT> std::pair<std::__cxx11::basic_string<char>, BT::PortInfo> BT::InputPort(BT::StringView, const DefaultT&, BT::StringView)[m[K’
  554 | [01;36m[KInputPort[m[K(StringView name, const DefaultT& default_value, StringView description)
      | [01;36m[K^~~~~~~~~[m[K
[01m[K/home/bobdobchob/osu-uwrt/development/software/install/behaviortree_cpp/include/behaviortree_cpp/basic_types.h:554:1:[m[K [01;36m[Knote: [m[K  template argument deduction/substitution failed:
In file included from [01m[K/home/bobdobchob/osu-uwrt/development/software/src/mercury_autonomy/mercury_autonomy/src/register_actions.cpp:17[m[K:
[01m[K/home/bobdobchob/osu-uwrt/development/software/src/mercury_autonomy/mercury_autonomy/include/mercury_autonomy/bt_actions/publish_ekf_pose.hpp:28:28:[m[K [01;36m[Knote: [m[K  candidate expects 3 arguments, 2 provided
   28 |       [01;36m[KBT::InputPort<double>("pitch", 0.0)[m[K,
      |       [01;36m[K~~~~~~~~~~~~~~~~~~~~~^~~~~~~~~~~~~~[m[K
[01m[K/home/bobdobchob/osu-uwrt/development/software/src/mercury_autonomy/mercury_autonomy/include/mercury_autonomy/bt_actions/publish_ekf_pose.hpp:29:28:[m[K [01;31m[Kerror: [m[Kno matching function for call to ‘[01m[KInputPort<double>(const char [4], double)[m[K’
   29 |       [01;31m[KBT::InputPort<double>("yaw", 0.0)[m[K,
      |       [01;31m[K~~~~~~~~~~~~~~~~~~~~~^~~~~~~~~~~~[m[K
In file included from [01m[K/home/bobdobchob/osu-uwrt/development/software/install/behaviortree_cpp/include/behaviortree_cpp/tree_node.h:16[m[K,
                 from [01m[K/home/bobdobchob/osu-uwrt/development/software/install/behaviortree_cpp/include/behaviortree_cpp/leaf_node.h:17[m[K,
                 from [01m[K/home/bobdobchob/osu-uwrt/development/software/install/behaviortree_cpp/include/behaviortree_cpp/action_node.h:17[m[K,
                 from [01m[K/home/bobdobchob/osu-uwrt/development/software/install/behaviortree_cpp/include/behaviortree_cpp/behavior_tree.h:16[m[K,
                 from [01m[K/home/bobdobchob/osu-uwrt/development/software/src/mercury_autonomy/mercury_autonomy/include/mercury_autonomy/autonomy_base.hpp:15[m[K,
                 from [01m[K/home/bobdobchob/osu-uwrt/development/software/src/mercury_autonomy/mercury_autonomy/include/mercury_autonomy/autonomy_lib.hpp:6[m[K,
                 from [01m[K/home/bobdobchob/osu-uwrt/development/software/src/mercury_autonomy/mercury_autonomy/include/mercury_autonomy/bt_actions/example_action.hpp:14[m[K,
                 from [01m[K/home/bobdobchob/osu-uwrt/development/software/src/mercury_autonomy/mercury_autonomy/src/register_actions.cpp:4[m[K:
[01m[K/home/bobdobchob/osu-uwrt/development/software/install/behaviortree_cpp/include/behaviortree_cpp/basic_types.h:484:1:[m[K [01;36m[Knote: [m[Kcandidate: ‘[01m[Kstd::pair<std::__cxx11::basic_string<char>, BT::PortInfo> BT::InputPort(BT::StringView, BT::StringView) [with T = double; BT::StringView = std::basic_string_view<char>][m[K’
  484 | [01;36m[KInputPort[m[K(StringView name, StringView description = {})
      | [01;36m[K^~~~~~~~~[m[K
[01m[K/home/bobdobchob/osu-uwrt/development/software/install/behaviortree_cpp/include/behaviortree_cpp/basic_types.h:484:39:[m[K [01;36m[Knote: [m[K  no known conversion for argument 2 from ‘[01m[Kdouble[m[K’ to ‘[01m[KBT::StringView[m[K’ {aka ‘[01m[Kstd::basic_string_view<char>[m[K’}
  484 | InputPort(StringView name, [01;36m[KStringView description = {}[m[K)
      |                            [01;36m[K~~~~~~~~~~~^~~~~~~~~~~~~~~~[m[K
[01m[K/home/bobdobchob/osu-uwrt/development/software/install/behaviortree_cpp/include/behaviortree_cpp/basic_types.h:554:1:[m[K [01;36m[Knote: [m[Kcandidate: ‘[01m[Ktemplate<class T, class DefaultT> std::pair<std::__cxx11::basic_string<char>, BT::PortInfo> BT::InputPort(BT::StringView, const DefaultT&, BT::StringView)[m[K’
  554 | [01;36m[KInputPort[m[K(StringView name, const DefaultT& default_value, StringView description)
      | [01;36m[K^~~~~~~~~[m[K
[01m[K/home/bobdobchob/osu-uwrt/development/software/install/behaviortree_cpp/include/behaviortree_cpp/basic_types.h:554:1:[m[K [01;36m[Knote: [m[K  template argument deduction/substitution failed:
In file included from [01m[K/home/bobdobchob/osu-uwrt/development/software/src/mercury_autonomy/mercury_autonomy/src/register_actions.cpp:17[m[K:
[01m[K/home/bobdobchob/osu-uwrt/development/software/src/mercury_autonomy/mercury_autonomy/include/mercury_autonomy/bt_actions/publish_ekf_pose.hpp:29:28:[m[K [01;36m[Knote: [m[K  candidate expects 3 arguments, 2 provided
   29 |       [01;36m[KBT::InputPort<double>("yaw", 0.0)[m[K,
      |       [01;36m[K~~~~~~~~~~~~~~~~~~~~~^~~~~~~~~~~~[m[K
[01m[K/home/bobdobchob/osu-uwrt/development/software/src/mercury_autonomy/mercury_autonomy/include/mercury_autonomy/bt_actions/publish_ekf_pose.hpp:30:26:[m[K [01;31m[Kerror: [m[Kno matching function for call to ‘[01m[KInputPort<bool>(const char [15], bool)[m[K’
   30 |       [01;31m[KBT::InputPort<bool>("setOrientation", false)[m[K,
      |       [01;31m[K~~~~~~~~~~~~~~~~~~~^~~~~~~~~~~~~~~~~~~~~~~~~[m[K
In file included from [01m[K/home/bobdobchob/osu-uwrt/development/software/install/behaviortree_cpp/include/behaviortree_cpp/tree_node.h:16[m[K,
                 from [01m[K/home/bobdobchob/osu-uwrt/development/software/install/behaviortree_cpp/include/behaviortree_cpp/leaf_node.h:17[m[K,
                 from [01m[K/home/bobdobchob/osu-uwrt/development/software/install/behaviortree_cpp/include/behaviortree_cpp/action_node.h:17[m[K,
                 from [01m[K/home/bobdobchob/osu-uwrt/development/software/install/behaviortree_cpp/include/behaviortree_cpp/behavior_tree.h:16[m[K,
                 from [01m[K/home/bobdobchob/osu-uwrt/development/software/src/mercury_autonomy/mercury_autonomy/include/mercury_autonomy/autonomy_base.hpp:15[m[K,
                 from [01m[K/home/bobdobchob/osu-uwrt/development/software/src/mercury_autonomy/mercury_autonomy/include/mercury_autonomy/autonomy_lib.hpp:6[m[K,
                 from [01m[K/home/bobdobchob/osu-uwrt/development/software/src/mercury_autonomy/mercury_autonomy/include/mercury_autonomy/bt_actions/example_action.hpp:14[m[K,
                 from [01m[K/home/bobdobchob/osu-uwrt/development/software/src/mercury_autonomy/mercury_autonomy/src/register_actions.cpp:4[m[K:
[01m[K/home/bobdobchob/osu-uwrt/development/software/install/behaviortree_cpp/include/behaviortree_cpp/basic_types.h:484:1:[m[K [01;36m[Knote: [m[Kcandidate: ‘[01m[Kstd::pair<std::__cxx11::basic_string<char>, BT::PortInfo> BT::InputPort(BT::StringView, BT::StringView) [with T = bool; BT::StringView = std::basic_string_view<char>][m[K’
  484 | [01;36m[KInputPort[m[K(StringView name, StringView description = {})
      | [01;36m[K^~~~~~~~~[m[K
[01m[K/home/bobdobchob/osu-uwrt/development/software/install/behaviortree_cpp/include/behaviortree_cpp/basic_types.h:484:39:[m[K [01;36m[Knote: [m[K  no known conversion for argument 2 from ‘[01m[Kbool[m[K’ to ‘[01m[KBT::StringView[m[K’ {aka ‘[01m[Kstd::basic_string_view<char>[m[K’}
  484 | InputPort(StringView name, [01;36m[KStringView description = {}[m[K)
      |                            [01;36m[K~~~~~~~~~~~^~~~~~~~~~~~~~~~[m[K
[01m[K/home/bobdobchob/osu-uwrt/development/software/install/behaviortree_cpp/include/behaviortree_cpp/basic_types.h:554:1:[m[K [01;36m[Knote: [m[Kcandidate: ‘[01m[Ktemplate<class T, class DefaultT> std::pair<std::__cxx11::basic_string<char>, BT::PortInfo> BT::InputPort(BT::StringView, const DefaultT&, BT::StringView)[m[K’
  554 | [01;36m[KInputPort[m[K(StringView name, const DefaultT& default_value, StringView description)
      | [01;36m[K^~~~~~~~~[m[K
[01m[K/home/bobdobchob/osu-uwrt/development/software/install/behaviortree_cpp/include/behaviortree_cpp/basic_types.h:554:1:[m[K [01;36m[Knote: [m[K  template argument deduction/substitution failed:
In file included from [01m[K/home/bobdobchob/osu-uwrt/development/software/src/mercury_autonomy/mercury_autonomy/src/register_actions.cpp:17[m[K:
[01m[K/home/bobdobchob/osu-uwrt/development/software/src/mercury_autonomy/mercury_autonomy/include/mercury_autonomy/bt_actions/publish_ekf_pose.hpp:30:26:[m[K [01;36m[Knote: [m[K  candidate expects 3 arguments, 2 provided
   30 |       [01;36m[KBT::InputPort<bool>("setOrientation", false)[m[K,
      |       [01;36m[K~~~~~~~~~~~~~~~~~~~^~~~~~~~~~~~~~~~~~~~~~~~~[m[K
[01m[K/home/bobdobchob/osu-uwrt/development/software/src/mercury_autonomy/mercury_autonomy/include/mercury_autonomy/bt_actions/publish_ekf_pose.hpp:31:5:[m[K [01;31m[Kerror: [m[Kcould not convert ‘[01m[K{<expression error>, <expression error>, <expression error>, <expression error>, <expression error>, <expression error>, <expression error>, <expression error>, <expression error>, <expression error>}[m[K’ from ‘[01m[K<brace-enclosed initializer list>[m[K’ to ‘[01m[KBT::PortsList[m[K’ {aka ‘[01m[Kstd::unordered_map<std::__cxx11::basic_string<char>, BT::PortInfo>[m[K’}
   31 |     [01;31m[K}[m[K;
      |     [01;31m[K^[m[K
      |     [01;31m[K|[m[K
      |     [01;31m[K<brace-enclosed initializer list>[m[K
In file included from [01m[K/home/bobdobchob/osu-uwrt/development/software/src/mercury_autonomy/mercury_autonomy/src/register_actions.cpp:18[m[K:
[01m[K/home/bobdobchob/osu-uwrt/development/software/src/mercury_autonomy/mercury_autonomy/include/mercury_autonomy/bt_actions/publish_int8.hpp:[m[K At global scope:
[01m[K/home/bobdobchob/osu-uwrt/development/software/src/mercury_autonomy/mercury_autonomy/include/mercury_autonomy/bt_actions/publish_int8.hpp:32:36:[m[K [01;31m[Kerror: [m[K‘[01m[KUInt16[m[K’ is not a member of ‘[01m[Kstd_msgs::msg[m[K’
   32 |   rclcpp::Publisher<std_msgs::msg::[01;31m[KUInt16[m[K>::SharedPtr pub_;
      |                                    [01;31m[K^~~~~~[m[K
[01m[K/home/bobdobchob/osu-uwrt/development/software/src/mercury_autonomy/mercury_autonomy/include/mercury_autonomy/bt_actions/publish_int8.hpp:32:42:[m[K [01;31m[Kerror: [m[Ktemplate argument 1 is invalid
   32 |   rclcpp::Publisher<std_msgs::msg::UInt16[01;31m[K>[m[K::SharedPtr pub_;
      |                                          [01;31m[K^[m[K
[01m[K/home/bobdobchob/osu-uwrt/development/software/src/mercury_autonomy/mercury_autonomy/include/mercury_autonomy/bt_actions/publish_int8.hpp:32:45:[m[K [01;31m[Kerror: [m[Kexpected ‘[01m[K;[m[K’ at end of member declaration
   32 |   rclcpp::Publisher<std_msgs::msg::UInt16>::[01;31m[KSharedPtr[m[K pub_;
      |                                             [01;31m[K^~~~~~~~~[m[K
      |                                                      [32m[K;[m[K
[01m[K/home/bobdobchob/osu-uwrt/development/software/src/mercury_autonomy/mercury_autonomy/include/mercury_autonomy/bt_actions/publish_int8.hpp:32:55:[m[K [01;31m[Kerror: [m[K‘[01m[Kpub_[m[K’ does not name a type
   32 |   rclcpp::Publisher<std_msgs::msg::UInt16>::SharedPtr [01;31m[Kpub_[m[K;
      |                                                       [01;31m[K^~~~[m[K
In file included from [01m[K/home/bobdobchob/osu-uwrt/development/software/src/mercury_autonomy/mercury_autonomy/test/test_legacy_action_nodes.cpp:12[m[K:
[01m[K/home/bobdobchob/osu-uwrt/development/software/src/mercury_autonomy/mercury_autonomy/include/mercury_autonomy/bt_actions/publish_ekf_pose.hpp:[m[K In static member function ‘[01m[Kstatic BT::PortsList mercury_autonomy::PublishEKFPose::providedPorts()[m[K’:
[01m[K/home/bobdobchob/osu-uwrt/development/software/src/mercury_autonomy/mercury_autonomy/include/mercury_autonomy/bt_actions/publish_ekf_pose.hpp:21:28:[m[K [01;31m[Kerror: [m[Kno matching function for call to ‘[01m[KInputPort<double>(const char [2], double)[m[K’
   21 |       [01;31m[KBT::InputPort<double>("x", 0.0)[m[K,
      |       [01;31m[K~~~~~~~~~~~~~~~~~~~~~^~~~~~~~~~[m[K
In file included from [01m[K/home/bobdobchob/osu-uwrt/development/software/install/behaviortree_cpp/include/behaviortree_cpp/tree_node.h:16[m[K,
                 from [01m[K/home/bobdobchob/osu-uwrt/development/software/install/behaviortree_cpp/include/behaviortree_cpp/leaf_node.h:17[m[K,
                 from [01m[K/home/bobdobchob/osu-uwrt/development/software/install/behaviortree_cpp/include/behaviortree_cpp/action_node.h:17[m[K,
                 from [01m[K/home/bobdobchob/osu-uwrt/development/software/install/behaviortree_cpp/include/behaviortree_cpp/behavior_tree.h:16[m[K,
                 from [01m[K/home/bobdobchob/osu-uwrt/development/software/src/mercury_autonomy/mercury_autonomy/test/test_legacy_action_nodes.cpp:5[m[K:
[01m[K/home/bobdobchob/osu-uwrt/development/software/install/behaviortree_cpp/include/behaviortree_cpp/basic_types.h:484:1:[m[K [01;36m[Knote: [m[Kcandidate: ‘[01m[Kstd::pair<std::__cxx11::basic_string<char>, BT::PortInfo> BT::InputPort(BT::StringView, BT::StringView) [with T = double; BT::StringView = std::basic_string_view<char>][m[K’
  484 | [01;36m[KInputPort[m[K(StringView name, StringView description = {})
      | [01;36m[K^~~~~~~~~[m[K
[01m[K/home/bobdobchob/osu-uwrt/development/software/install/behaviortree_cpp/include/behaviortree_cpp/basic_types.h:484:39:[m[K [01;36m[Knote: [m[K  no known conversion for argument 2 from ‘[01m[Kdouble[m[K’ to ‘[01m[KBT::StringView[m[K’ {aka ‘[01m[Kstd::basic_string_view<char>[m[K’}
  484 | InputPort(StringView name, [01;36m[KStringView description = {}[m[K)
      |                            [01;36m[K~~~~~~~~~~~^~~~~~~~~~~~~~~~[m[K
[01m[K/home/bobdobchob/osu-uwrt/development/software/install/behaviortree_cpp/include/behaviortree_cpp/basic_types.h:554:1:[m[K [01;36m[Knote: [m[Kcandidate: ‘[01m[Ktemplate<class T, class DefaultT> std::pair<std::__cxx11::basic_string<char>, BT::PortInfo> BT::InputPort(BT::StringView, const DefaultT&, BT::StringView)[m[K’
  554 | [01;36m[KInputPort[m[K(StringView name, const DefaultT& default_value, StringView description)
      | [01;36m[K^~~~~~~~~[m[K
[01m[K/home/bobdobchob/osu-uwrt/development/software/install/behaviortree_cpp/include/behaviortree_cpp/basic_types.h:554:1:[m[K [01;36m[Knote: [m[K  template argument deduction/substitution failed:
In file included from [01m[K/home/bobdobchob/osu-uwrt/development/software/src/mercury_autonomy/mercury_autonomy/test/test_legacy_action_nodes.cpp:12[m[K:
[01m[K/home/bobdobchob/osu-uwrt/development/software/src/mercury_autonomy/mercury_autonomy/include/mercury_autonomy/bt_actions/publish_ekf_pose.hpp:21:28:[m[K [01;36m[Knote: [m[K  candidate expects 3 arguments, 2 provided
   21 |       [01;36m[KBT::InputPort<double>("x", 0.0)[m[K,
      |       [01;36m[K~~~~~~~~~~~~~~~~~~~~~^~~~~~~~~~[m[K
[01m[K/home/bobdobchob/osu-uwrt/development/software/src/mercury_autonomy/mercury_autonomy/include/mercury_autonomy/bt_actions/publish_ekf_pose.hpp:22:26:[m[K [01;31m[Kerror: [m[Kno matching function for call to ‘[01m[KInputPort<bool>(const char [5], bool)[m[K’
   22 |       [01;31m[KBT::InputPort<bool>("setX", false)[m[K,
      |       [01;31m[K~~~~~~~~~~~~~~~~~~~^~~~~~~~~~~~~~~[m[K
In file included from [01m[K/home/bobdobchob/osu-uwrt/development/software/install/behaviortree_cpp/include/behaviortree_cpp/tree_node.h:16[m[K,
                 from [01m[K/home/bobdobchob/osu-uwrt/development/software/install/behaviortree_cpp/include/behaviortree_cpp/leaf_node.h:17[m[K,
                 from [01m[K/home/bobdobchob/osu-uwrt/development/software/install/behaviortree_cpp/include/behaviortree_cpp/action_node.h:17[m[K,
                 from [01m[K/home/bobdobchob/osu-uwrt/development/software/install/behaviortree_cpp/include/behaviortree_cpp/behavior_tree.h:16[m[K,
                 from [01m[K/home/bobdobchob/osu-uwrt/development/software/src/mercury_autonomy/mercury_autonomy/test/test_legacy_action_nodes.cpp:5[m[K:
[01m[K/home/bobdobchob/osu-uwrt/development/software/install/behaviortree_cpp/include/behaviortree_cpp/basic_types.h:484:1:[m[K [01;36m[Knote: [m[Kcandidate: ‘[01m[Kstd::pair<std::__cxx11::basic_string<char>, BT::PortInfo> BT::InputPort(BT::StringView, BT::StringView) [with T = bool; BT::StringView = std::basic_string_view<char>][m[K’
  484 | [01;36m[KInputPort[m[K(StringView name, StringView description = {})
      | [01;36m[K^~~~~~~~~[m[K
[01m[K/home/bobdobchob/osu-uwrt/development/software/install/behaviortree_cpp/include/behaviortree_cpp/basic_types.h:484:39:[m[K [01;36m[Knote: [m[K  no known conversion for argument 2 from ‘[01m[Kbool[m[K’ to ‘[01m[KBT::StringView[m[K’ {aka ‘[01m[Kstd::basic_string_view<char>[m[K’}
  484 | InputPort(StringView name, [01;36m[KStringView description = {}[m[K)
      |                            [01;36m[K~~~~~~~~~~~^~~~~~~~~~~~~~~~[m[K
[01m[K/home/bobdobchob/osu-uwrt/development/software/install/behaviortree_cpp/include/behaviortree_cpp/basic_types.h:554:1:[m[K [01;36m[Knote: [m[Kcandidate: ‘[01m[Ktemplate<class T, class DefaultT> std::pair<std::__cxx11::basic_string<char>, BT::PortInfo> BT::InputPort(BT::StringView, const DefaultT&, BT::StringView)[m[K’
  554 | [01;36m[KInputPort[m[K(StringView name, const DefaultT& default_value, StringView description)
      | [01;36m[K^~~~~~~~~[m[K
[01m[K/home/bobdobchob/osu-uwrt/development/software/install/behaviortree_cpp/include/behaviortree_cpp/basic_types.h:554:1:[m[K [01;36m[Knote: [m[K  template argument deduction/substitution failed:
In file included from [01m[K/home/bobdobchob/osu-uwrt/development/software/src/mercury_autonomy/mercury_autonomy/test/test_legacy_action_nodes.cpp:12[m[K:
[01m[K/home/bobdobchob/osu-uwrt/development/software/src/mercury_autonomy/mercury_autonomy/include/mercury_autonomy/bt_actions/publish_ekf_pose.hpp:22:26:[m[K [01;36m[Knote: [m[K  candidate expects 3 arguments, 2 provided
   22 |       [01;36m[KBT::InputPort<bool>("setX", false)[m[K,
      |       [01;36m[K~~~~~~~~~~~~~~~~~~~^~~~~~~~~~~~~~~[m[K
[01m[K/home/bobdobchob/osu-uwrt/development/software/src/mercury_autonomy/mercury_autonomy/include/mercury_autonomy/bt_actions/publish_ekf_pose.hpp:23:28:[m[K [01;31m[Kerror: [m[Kno matching function for call to ‘[01m[KInputPort<double>(const char [2], double)[m[K’
   23 |       [01;31m[KBT::InputPort<double>("y", 0.0)[m[K,
      |       [01;31m[K~~~~~~~~~~~~~~~~~~~~~^~~~~~~~~~[m[K
In file included from [01m[K/home/bobdobchob/osu-uwrt/development/software/install/behaviortree_cpp/include/behaviortree_cpp/tree_node.h:16[m[K,
                 from [01m[K/home/bobdobchob/osu-uwrt/development/software/install/behaviortree_cpp/include/behaviortree_cpp/leaf_node.h:17[m[K,
                 from [01m[K/home/bobdobchob/osu-uwrt/development/software/install/behaviortree_cpp/include/behaviortree_cpp/action_node.h:17[m[K,
                 from [01m[K/home/bobdobchob/osu-uwrt/development/software/install/behaviortree_cpp/include/behaviortree_cpp/behavior_tree.h:16[m[K,
                 from [01m[K/home/bobdobchob/osu-uwrt/development/software/src/mercury_autonomy/mercury_autonomy/test/test_legacy_action_nodes.cpp:5[m[K:
[01m[K/home/bobdobchob/osu-uwrt/development/software/install/behaviortree_cpp/include/behaviortree_cpp/basic_types.h:484:1:[m[K [01;36m[Knote: [m[Kcandidate: ‘[01m[Kstd::pair<std::__cxx11::basic_string<char>, BT::PortInfo> BT::InputPort(BT::StringView, BT::StringView) [with T = double; BT::StringView = std::basic_string_view<char>][m[K’
  484 | [01;36m[KInputPort[m[K(StringView name, StringView description = {})
      | [01;36m[K^~~~~~~~~[m[K
[01m[K/home/bobdobchob/osu-uwrt/development/software/install/behaviortree_cpp/include/behaviortree_cpp/basic_types.h:484:39:[m[K [01;36m[Knote: [m[K  no known conversion for argument 2 from ‘[01m[Kdouble[m[K’ to ‘[01m[KBT::StringView[m[K’ {aka ‘[01m[Kstd::basic_string_view<char>[m[K’}
  484 | InputPort(StringView name, [01;36m[KStringView description = {}[m[K)
      |                            [01;36m[K~~~~~~~~~~~^~~~~~~~~~~~~~~~[m[K
[01m[K/home/bobdobchob/osu-uwrt/development/software/install/behaviortree_cpp/include/behaviortree_cpp/basic_types.h:554:1:[m[K [01;36m[Knote: [m[Kcandidate: ‘[01m[Ktemplate<class T, class DefaultT> std::pair<std::__cxx11::basic_string<char>, BT::PortInfo> BT::InputPort(BT::StringView, const DefaultT&, BT::StringView)[m[K’
  554 | [01;36m[KInputPort[m[K(StringView name, const DefaultT& default_value, StringView description)
      | [01;36m[K^~~~~~~~~[m[K
[01m[K/home/bobdobchob/osu-uwrt/development/software/install/behaviortree_cpp/include/behaviortree_cpp/basic_types.h:554:1:[m[K [01;36m[Knote: [m[K  template argument deduction/substitution failed:
In file included from [01m[K/home/bobdobchob/osu-uwrt/development/software/src/mercury_autonomy/mercury_autonomy/test/test_legacy_action_nodes.cpp:12[m[K:
[01m[K/home/bobdobchob/osu-uwrt/development/software/src/mercury_autonomy/mercury_autonomy/include/mercury_autonomy/bt_actions/publish_ekf_pose.hpp:23:28:[m[K [01;36m[Knote: [m[K  candidate expects 3 arguments, 2 provided
   23 |       [01;36m[KBT::InputPort<double>("y", 0.0)[m[K,
      |       [01;36m[K~~~~~~~~~~~~~~~~~~~~~^~~~~~~~~~[m[K
[01m[K/home/bobdobchob/osu-uwrt/development/software/src/mercury_autonomy/mercury_autonomy/include/mercury_autonomy/bt_actions/publish_ekf_pose.hpp:24:26:[m[K [01;31m[Kerror: [m[Kno matching function for call to ‘[01m[KInputPort<bool>(const char [5], bool)[m[K’
   24 |       [01;31m[KBT::InputPort<bool>("setY", false)[m[K,
      |       [01;31m[K~~~~~~~~~~~~~~~~~~~^~~~~~~~~~~~~~~[m[K
In file included from [01m[K/home/bobdobchob/osu-uwrt/development/software/install/behaviortree_cpp/include/behaviortree_cpp/tree_node.h:16[m[K,
                 from [01m[K/home/bobdobchob/osu-uwrt/development/software/install/behaviortree_cpp/include/behaviortree_cpp/leaf_node.h:17[m[K,
                 from [01m[K/home/bobdobchob/osu-uwrt/development/software/install/behaviortree_cpp/include/behaviortree_cpp/action_node.h:17[m[K,
                 from [01m[K/home/bobdobchob/osu-uwrt/development/software/install/behaviortree_cpp/include/behaviortree_cpp/behavior_tree.h:16[m[K,
                 from [01m[K/home/bobdobchob/osu-uwrt/development/software/src/mercury_autonomy/mercury_autonomy/test/test_legacy_action_nodes.cpp:5[m[K:
[01m[K/home/bobdobchob/osu-uwrt/development/software/install/behaviortree_cpp/include/behaviortree_cpp/basic_types.h:484:1:[m[K [01;36m[Knote: [m[Kcandidate: ‘[01m[Kstd::pair<std::__cxx11::basic_string<char>, BT::PortInfo> BT::InputPort(BT::StringView, BT::StringView) [with T = bool; BT::StringView = std::basic_string_view<char>][m[K’
  484 | [01;36m[KInputPort[m[K(StringView name, StringView description = {})
      | [01;36m[K^~~~~~~~~[m[K
[01m[K/home/bobdobchob/osu-uwrt/development/software/install/behaviortree_cpp/include/behaviortree_cpp/basic_types.h:484:39:[m[K [01;36m[Knote: [m[K  no known conversion for argument 2 from ‘[01m[Kbool[m[K’ to ‘[01m[KBT::StringView[m[K’ {aka ‘[01m[Kstd::basic_string_view<char>[m[K’}
  484 | InputPort(StringView name, [01;36m[KStringView description = {}[m[K)
      |                            [01;36m[K~~~~~~~~~~~^~~~~~~~~~~~~~~~[m[K
[01m[K/home/bobdobchob/osu-uwrt/development/software/install/behaviortree_cpp/include/behaviortree_cpp/basic_types.h:554:1:[m[K [01;36m[Knote: [m[Kcandidate: ‘[01m[Ktemplate<class T, class DefaultT> std::pair<std::__cxx11::basic_string<char>, BT::PortInfo> BT::InputPort(BT::StringView, const DefaultT&, BT::StringView)[m[K’
  554 | [01;36m[KInputPort[m[K(StringView name, const DefaultT& default_value, StringView description)
      | [01;36m[K^~~~~~~~~[m[K
[01m[K/home/bobdobchob/osu-uwrt/development/software/install/behaviortree_cpp/include/behaviortree_cpp/basic_types.h:554:1:[m[K [01;36m[Knote: [m[K  template argument deduction/substitution failed:
In file included from [01m[K/home/bobdobchob/osu-uwrt/development/software/src/mercury_autonomy/mercury_autonomy/test/test_legacy_action_nodes.cpp:12[m[K:
[01m[K/home/bobdobchob/osu-uwrt/development/software/src/mercury_autonomy/mercury_autonomy/include/mercury_autonomy/bt_actions/publish_ekf_pose.hpp:24:26:[m[K [01;36m[Knote: [m[K  candidate expects 3 arguments, 2 provided
   24 |       [01;36m[KBT::InputPort<bool>("setY", false)[m[K,
      |       [01;36m[K~~~~~~~~~~~~~~~~~~~^~~~~~~~~~~~~~~[m[K
[01m[K/home/bobdobchob/osu-uwrt/development/software/src/mercury_autonomy/mercury_autonomy/include/mercury_autonomy/bt_actions/publish_ekf_pose.hpp:25:28:[m[K [01;31m[Kerror: [m[Kno matching function for call to ‘[01m[KInputPort<double>(const char [2], double)[m[K’
   25 |       [01;31m[KBT::InputPort<double>("z", 0.0)[m[K,
      |       [01;31m[K~~~~~~~~~~~~~~~~~~~~~^~~~~~~~~~[m[K
In file included from [01m[K/home/bobdobchob/osu-uwrt/development/software/install/behaviortree_cpp/include/behaviortree_cpp/tree_node.h:16[m[K,
                 from [01m[K/home/bobdobchob/osu-uwrt/development/software/install/behaviortree_cpp/include/behaviortree_cpp/leaf_node.h:17[m[K,
                 from [01m[K/home/bobdobchob/osu-uwrt/development/software/install/behaviortree_cpp/include/behaviortree_cpp/action_node.h:17[m[K,
                 from [01m[K/home/bobdobchob/osu-uwrt/development/software/install/behaviortree_cpp/include/behaviortree_cpp/behavior_tree.h:16[m[K,
                 from [01m[K/home/bobdobchob/osu-uwrt/development/software/src/mercury_autonomy/mercury_autonomy/test/test_legacy_action_nodes.cpp:5[m[K:
[01m[K/home/bobdobchob/osu-uwrt/development/software/install/behaviortree_cpp/include/behaviortree_cpp/basic_types.h:484:1:[m[K [01;36m[Knote: [m[Kcandidate: ‘[01m[Kstd::pair<std::__cxx11::basic_string<char>, BT::PortInfo> BT::InputPort(BT::StringView, BT::StringView) [with T = double; BT::StringView = std::basic_string_view<char>][m[K’
  484 | [01;36m[KInputPort[m[K(StringView name, StringView description = {})
      | [01;36m[K^~~~~~~~~[m[K
[01m[K/home/bobdobchob/osu-uwrt/development/software/install/behaviortree_cpp/include/behaviortree_cpp/basic_types.h:484:39:[m[K [01;36m[Knote: [m[K  no known conversion for argument 2 from ‘[01m[Kdouble[m[K’ to ‘[01m[KBT::StringView[m[K’ {aka ‘[01m[Kstd::basic_string_view<char>[m[K’}
  484 | InputPort(StringView name, [01;36m[KStringView description = {}[m[K)
      |                            [01;36m[K~~~~~~~~~~~^~~~~~~~~~~~~~~~[m[K
[01m[K/home/bobdobchob/osu-uwrt/development/software/install/behaviortree_cpp/include/behaviortree_cpp/basic_types.h:554:1:[m[K [01;36m[Knote: [m[Kcandidate: ‘[01m[Ktemplate<class T, class DefaultT> std::pair<std::__cxx11::basic_string<char>, BT::PortInfo> BT::InputPort(BT::StringView, const DefaultT&, BT::StringView)[m[K’
  554 | [01;36m[KInputPort[m[K(StringView name, const DefaultT& default_value, StringView description)
      | [01;36m[K^~~~~~~~~[m[K
[01m[K/home/bobdobchob/osu-uwrt/development/software/install/behaviortree_cpp/include/behaviortree_cpp/basic_types.h:554:1:[m[K [01;36m[Knote: [m[K  template argument deduction/substitution failed:
In file included from [01m[K/home/bobdobchob/osu-uwrt/development/software/src/mercury_autonomy/mercury_autonomy/test/test_legacy_action_nodes.cpp:12[m[K:
[01m[K/home/bobdobchob/osu-uwrt/development/software/src/mercury_autonomy/mercury_autonomy/include/mercury_autonomy/bt_actions/publish_ekf_pose.hpp:25:28:[m[K [01;36m[Knote: [m[K  candidate expects 3 arguments, 2 provided
   25 |       [01;36m[KBT::InputPort<double>("z", 0.0)[m[K,
      |       [01;36m[K~~~~~~~~~~~~~~~~~~~~~^~~~~~~~~~[m[K
[01m[K/home/bobdobchob/osu-uwrt/development/software/src/mercury_autonomy/mercury_autonomy/include/mercury_autonomy/bt_actions/publish_ekf_pose.hpp:26:26:[m[K [01;31m[Kerror: [m[Kno matching function for call to ‘[01m[KInputPort<bool>(const char [5], bool)[m[K’
   26 |       [01;31m[KBT::InputPort<bool>("setZ", false)[m[K,
      |       [01;31m[K~~~~~~~~~~~~~~~~~~~^~~~~~~~~~~~~~~[m[K
In file included from [01m[K/home/bobdobchob/osu-uwrt/development/software/install/behaviortree_cpp/include/behaviortree_cpp/tree_node.h:16[m[K,
                 from [01m[K/home/bobdobchob/osu-uwrt/development/software/install/behaviortree_cpp/include/behaviortree_cpp/leaf_node.h:17[m[K,
                 from [01m[K/home/bobdobchob/osu-uwrt/development/software/install/behaviortree_cpp/include/behaviortree_cpp/action_node.h:17[m[K,
                 from [01m[K/home/bobdobchob/osu-uwrt/development/software/install/behaviortree_cpp/include/behaviortree_cpp/behavior_tree.h:16[m[K,
                 from [01m[K/home/bobdobchob/osu-uwrt/development/software/src/mercury_autonomy/mercury_autonomy/test/test_legacy_action_nodes.cpp:5[m[K:
[01m[K/home/bobdobchob/osu-uwrt/development/software/install/behaviortree_cpp/include/behaviortree_cpp/basic_types.h:484:1:[m[K [01;36m[Knote: [m[Kcandidate: ‘[01m[Kstd::pair<std::__cxx11::basic_string<char>, BT::PortInfo> BT::InputPort(BT::StringView, BT::StringView) [with T = bool; BT::StringView = std::basic_string_view<char>][m[K’
  484 | [01;36m[KInputPort[m[K(StringView name, StringView description = {})
      | [01;36m[K^~~~~~~~~[m[K
[01m[K/home/bobdobchob/osu-uwrt/development/software/install/behaviortree_cpp/include/behaviortree_cpp/basic_types.h:484:39:[m[K [01;36m[Knote: [m[K  no known conversion for argument 2 from ‘[01m[Kbool[m[K’ to ‘[01m[KBT::StringView[m[K’ {aka ‘[01m[Kstd::basic_string_view<char>[m[K’}
  484 | InputPort(StringView name, [01;36m[KStringView description = {}[m[K)
      |                            [01;36m[K~~~~~~~~~~~^~~~~~~~~~~~~~~~[m[K
[01m[K/home/bobdobchob/osu-uwrt/development/software/install/behaviortree_cpp/include/behaviortree_cpp/basic_types.h:554:1:[m[K [01;36m[Knote: [m[Kcandidate: ‘[01m[Ktemplate<class T, class DefaultT> std::pair<std::__cxx11::basic_string<char>, BT::PortInfo> BT::InputPort(BT::StringView, const DefaultT&, BT::StringView)[m[K’
  554 | [01;36m[KInputPort[m[K(StringView name, const DefaultT& default_value, StringView description)
      | [01;36m[K^~~~~~~~~[m[K
[01m[K/home/bobdobchob/osu-uwrt/development/software/install/behaviortree_cpp/include/behaviortree_cpp/basic_types.h:554:1:[m[K [01;36m[Knote: [m[K  template argument deduction/substitution failed:
In file included from [01m[K/home/bobdobchob/osu-uwrt/development/software/src/mercury_autonomy/mercury_autonomy/test/test_legacy_action_nodes.cpp:12[m[K:
[01m[K/home/bobdobchob/osu-uwrt/development/software/src/mercury_autonomy/mercury_autonomy/include/mercury_autonomy/bt_actions/publish_ekf_pose.hpp:26:26:[m[K [01;36m[Knote: [m[K  candidate expects 3 arguments, 2 provided
   26 |       [01;36m[KBT::InputPort<bool>("setZ", false)[m[K,
      |       [01;36m[K~~~~~~~~~~~~~~~~~~~^~~~~~~~~~~~~~~[m[K
[01m[K/home/bobdobchob/osu-uwrt/development/software/src/mercury_autonomy/mercury_autonomy/include/mercury_autonomy/bt_actions/publish_ekf_pose.hpp:27:28:[m[K [01;31m[Kerror: [m[Kno matching function for call to ‘[01m[KInputPort<double>(const char [5], double)[m[K’
   27 |       [01;31m[KBT::InputPort<double>("roll", 0.0)[m[K,
      |       [01;31m[K~~~~~~~~~~~~~~~~~~~~~^~~~~~~~~~~~~[m[K
In file included from [01m[K/home/bobdobchob/osu-uwrt/development/software/install/behaviortree_cpp/include/behaviortree_cpp/tree_node.h:16[m[K,
                 from [01m[K/home/bobdobchob/osu-uwrt/development/software/install/behaviortree_cpp/include/behaviortree_cpp/leaf_node.h:17[m[K,
                 from [01m[K/home/bobdobchob/osu-uwrt/development/software/install/behaviortree_cpp/include/behaviortree_cpp/action_node.h:17[m[K,
                 from [01m[K/home/bobdobchob/osu-uwrt/development/software/install/behaviortree_cpp/include/behaviortree_cpp/behavior_tree.h:16[m[K,
                 from [01m[K/home/bobdobchob/osu-uwrt/development/software/src/mercury_autonomy/mercury_autonomy/test/test_legacy_action_nodes.cpp:5[m[K:
[01m[K/home/bobdobchob/osu-uwrt/development/software/install/behaviortree_cpp/include/behaviortree_cpp/basic_types.h:484:1:[m[K [01;36m[Knote: [m[Kcandidate: ‘[01m[Kstd::pair<std::__cxx11::basic_string<char>, BT::PortInfo> BT::InputPort(BT::StringView, BT::StringView) [with T = double; BT::StringView = std::basic_string_view<char>][m[K’
  484 | [01;36m[KInputPort[m[K(StringView name, StringView description = {})
      | [01;36m[K^~~~~~~~~[m[K
[01m[K/home/bobdobchob/osu-uwrt/development/software/install/behaviortree_cpp/include/behaviortree_cpp/basic_types.h:484:39:[m[K [01;36m[Knote: [m[K  no known conversion for argument 2 from ‘[01m[Kdouble[m[K’ to ‘[01m[KBT::StringView[m[K’ {aka ‘[01m[Kstd::basic_string_view<char>[m[K’}
  484 | InputPort(StringView name, [01;36m[KStringView description = {}[m[K)
      |                            [01;36m[K~~~~~~~~~~~^~~~~~~~~~~~~~~~[m[K
[01m[K/home/bobdobchob/osu-uwrt/development/software/install/behaviortree_cpp/include/behaviortree_cpp/basic_types.h:554:1:[m[K [01;36m[Knote: [m[Kcandidate: ‘[01m[Ktemplate<class T, class DefaultT> std::pair<std::__cxx11::basic_string<char>, BT::PortInfo> BT::InputPort(BT::StringView, const DefaultT&, BT::StringView)[m[K’
  554 | [01;36m[KInputPort[m[K(StringView name, const DefaultT& default_value, StringView description)
      | [01;36m[K^~~~~~~~~[m[K
[01m[K/home/bobdobchob/osu-uwrt/development/software/install/behaviortree_cpp/include/behaviortree_cpp/basic_types.h:554:1:[m[K [01;36m[Knote: [m[K  template argument deduction/substitution failed:
In file included from [01m[K/home/bobdobchob/osu-uwrt/development/software/src/mercury_autonomy/mercury_autonomy/test/test_legacy_action_nodes.cpp:12[m[K:
[01m[K/home/bobdobchob/osu-uwrt/development/software/src/mercury_autonomy/mercury_autonomy/include/mercury_autonomy/bt_actions/publish_ekf_pose.hpp:27:28:[m[K [01;36m[Knote: [m[K  candidate expects 3 arguments, 2 provided
   27 |       [01;36m[KBT::InputPort<double>("roll", 0.0)[m[K,
      |       [01;36m[K~~~~~~~~~~~~~~~~~~~~~^~~~~~~~~~~~~[m[K
[01m[K/home/bobdobchob/osu-uwrt/development/software/src/mercury_autonomy/mercury_autonomy/include/mercury_autonomy/bt_actions/publish_ekf_pose.hpp:28:28:[m[K [01;31m[Kerror: [m[Kno matching function for call to ‘[01m[KInputPort<double>(const char [6], double)[m[K’
   28 |       [01;31m[KBT::InputPort<double>("pitch", 0.0)[m[K,
      |       [01;31m[K~~~~~~~~~~~~~~~~~~~~~^~~~~~~~~~~~~~[m[K
In file included from [01m[K/home/bobdobchob/osu-uwrt/development/software/install/behaviortree_cpp/include/behaviortree_cpp/tree_node.h:16[m[K,
                 from [01m[K/home/bobdobchob/osu-uwrt/development/software/install/behaviortree_cpp/include/behaviortree_cpp/leaf_node.h:17[m[K,
                 from [01m[K/home/bobdobchob/osu-uwrt/development/software/install/behaviortree_cpp/include/behaviortree_cpp/action_node.h:17[m[K,
                 from [01m[K/home/bobdobchob/osu-uwrt/development/software/install/behaviortree_cpp/include/behaviortree_cpp/behavior_tree.h:16[m[K,
                 from [01m[K/home/bobdobchob/osu-uwrt/development/software/src/mercury_autonomy/mercury_autonomy/test/test_legacy_action_nodes.cpp:5[m[K:
[01m[K/home/bobdobchob/osu-uwrt/development/software/install/behaviortree_cpp/include/behaviortree_cpp/basic_types.h:484:1:[m[K [01;36m[Knote: [m[Kcandidate: ‘[01m[Kstd::pair<std::__cxx11::basic_string<char>, BT::PortInfo> BT::InputPort(BT::StringView, BT::StringView) [with T = double; BT::StringView = std::basic_string_view<char>][m[K’
  484 | [01;36m[KInputPort[m[K(StringView name, StringView description = {})
      | [01;36m[K^~~~~~~~~[m[K
[01m[K/home/bobdobchob/osu-uwrt/development/software/install/behaviortree_cpp/include/behaviortree_cpp/basic_types.h:484:39:[m[K [01;36m[Knote: [m[K  no known conversion for argument 2 from ‘[01m[Kdouble[m[K’ to ‘[01m[KBT::StringView[m[K’ {aka ‘[01m[Kstd::basic_string_view<char>[m[K’}
  484 | InputPort(StringView name, [01;36m[KStringView description = {}[m[K)
      |                            [01;36m[K~~~~~~~~~~~^~~~~~~~~~~~~~~~[m[K
[01m[K/home/bobdobchob/osu-uwrt/development/software/install/behaviortree_cpp/include/behaviortree_cpp/basic_types.h:554:1:[m[K [01;36m[Knote: [m[Kcandidate: ‘[01m[Ktemplate<class T, class DefaultT> std::pair<std::__cxx11::basic_string<char>, BT::PortInfo> BT::InputPort(BT::StringView, const DefaultT&, BT::StringView)[m[K’
  554 | [01;36m[KInputPort[m[K(StringView name, const DefaultT& default_value, StringView description)
      | [01;36m[K^~~~~~~~~[m[K
[01m[K/home/bobdobchob/osu-uwrt/development/software/install/behaviortree_cpp/include/behaviortree_cpp/basic_types.h:554:1:[m[K [01;36m[Knote: [m[K  template argument deduction/substitution failed:
In file included from [01m[K/home/bobdobchob/osu-uwrt/development/software/src/mercury_autonomy/mercury_autonomy/test/test_legacy_action_nodes.cpp:12[m[K:
[01m[K/home/bobdobchob/osu-uwrt/development/software/src/mercury_autonomy/mercury_autonomy/include/mercury_autonomy/bt_actions/publish_ekf_pose.hpp:28:28:[m[K [01;36m[Knote: [m[K  candidate expects 3 arguments, 2 provided
   28 |       [01;36m[KBT::InputPort<double>("pitch", 0.0)[m[K,
      |       [01;36m[K~~~~~~~~~~~~~~~~~~~~~^~~~~~~~~~~~~~[m[K
[01m[K/home/bobdobchob/osu-uwrt/development/software/src/mercury_autonomy/mercury_autonomy/include/mercury_autonomy/bt_actions/publish_ekf_pose.hpp:29:28:[m[K [01;31m[Kerror: [m[Kno matching function for call to ‘[01m[KInputPort<double>(const char [4], double)[m[K’
   29 |       [01;31m[KBT::InputPort<double>("yaw", 0.0)[m[K,
      |       [01;31m[K~~~~~~~~~~~~~~~~~~~~~^~~~~~~~~~~~[m[K
In file included from [01m[K/home/bobdobchob/osu-uwrt/development/software/install/behaviortree_cpp/include/behaviortree_cpp/tree_node.h:16[m[K,
                 from [01m[K/home/bobdobchob/osu-uwrt/development/software/install/behaviortree_cpp/include/behaviortree_cpp/leaf_node.h:17[m[K,
                 from [01m[K/home/bobdobchob/osu-uwrt/development/software/install/behaviortree_cpp/include/behaviortree_cpp/action_node.h:17[m[K,
                 from [01m[K/home/bobdobchob/osu-uwrt/development/software/install/behaviortree_cpp/include/behaviortree_cpp/behavior_tree.h:16[m[K,
                 from [01m[K/home/bobdobchob/osu-uwrt/development/software/src/mercury_autonomy/mercury_autonomy/test/test_legacy_action_nodes.cpp:5[m[K:
[01m[K/home/bobdobchob/osu-uwrt/development/software/install/behaviortree_cpp/include/behaviortree_cpp/basic_types.h:484:1:[m[K [01;36m[Knote: [m[Kcandidate: ‘[01m[Kstd::pair<std::__cxx11::basic_string<char>, BT::PortInfo> BT::InputPort(BT::StringView, BT::StringView) [with T = double; BT::StringView = std::basic_string_view<char>][m[K’
  484 | [01;36m[KInputPort[m[K(StringView name, StringView description = {})
      | [01;36m[K^~~~~~~~~[m[K
[01m[K/home/bobdobchob/osu-uwrt/development/software/install/behaviortree_cpp/include/behaviortree_cpp/basic_types.h:484:39:[m[K [01;36m[Knote: [m[K  no known conversion for argument 2 from ‘[01m[Kdouble[m[K’ to ‘[01m[KBT::StringView[m[K’ {aka ‘[01m[Kstd::basic_string_view<char>[m[K’}
  484 | InputPort(StringView name, [01;36m[KStringView description = {}[m[K)
      |                            [01;36m[K~~~~~~~~~~~^~~~~~~~~~~~~~~~[m[K
[01m[K/home/bobdobchob/osu-uwrt/development/software/install/behaviortree_cpp/include/behaviortree_cpp/basic_types.h:554:1:[m[K [01;36m[Knote: [m[Kcandidate: ‘[01m[Ktemplate<class T, class DefaultT> std::pair<std::__cxx11::basic_string<char>, BT::PortInfo> BT::InputPort(BT::StringView, const DefaultT&, BT::StringView)[m[K’
  554 | [01;36m[KInputPort[m[K(StringView name, const DefaultT& default_value, StringView description)
      | [01;36m[K^~~~~~~~~[m[K
[01m[K/home/bobdobchob/osu-uwrt/development/software/install/behaviortree_cpp/include/behaviortree_cpp/basic_types.h:554:1:[m[K [01;36m[Knote: [m[K  template argument deduction/substitution failed:
In file included from [01m[K/home/bobdobchob/osu-uwrt/development/software/src/mercury_autonomy/mercury_autonomy/test/test_legacy_action_nodes.cpp:12[m[K:
[01m[K/home/bobdobchob/osu-uwrt/development/software/src/mercury_autonomy/mercury_autonomy/include/mercury_autonomy/bt_actions/publish_ekf_pose.hpp:29:28:[m[K [01;36m[Knote: [m[K  candidate expects 3 arguments, 2 provided
   29 |       [01;36m[KBT::InputPort<double>("yaw", 0.0)[m[K,
      |       [01;36m[K~~~~~~~~~~~~~~~~~~~~~^~~~~~~~~~~~[m[K
[01m[K/home/bobdobchob/osu-uwrt/development/software/src/mercury_autonomy/mercury_autonomy/include/mercury_autonomy/bt_actions/publish_ekf_pose.hpp:30:26:[m[K [01;31m[Kerror: [m[Kno matching function for call to ‘[01m[KInputPort<bool>(const char [15], bool)[m[K’
   30 |       [01;31m[KBT::InputPort<bool>("setOrientation", false)[m[K,
      |       [01;31m[K~~~~~~~~~~~~~~~~~~~^~~~~~~~~~~~~~~~~~~~~~~~~[m[K
In file included from [01m[K/home/bobdobchob/osu-uwrt/development/software/install/behaviortree_cpp/include/behaviortree_cpp/tree_node.h:16[m[K,
                 from [01m[K/home/bobdobchob/osu-uwrt/development/software/install/behaviortree_cpp/include/behaviortree_cpp/leaf_node.h:17[m[K,
                 from [01m[K/home/bobdobchob/osu-uwrt/development/software/install/behaviortree_cpp/include/behaviortree_cpp/action_node.h:17[m[K,
                 from [01m[K/home/bobdobchob/osu-uwrt/development/software/install/behaviortree_cpp/include/behaviortree_cpp/behavior_tree.h:16[m[K,
                 from [01m[K/home/bobdobchob/osu-uwrt/development/software/src/mercury_autonomy/mercury_autonomy/test/test_legacy_action_nodes.cpp:5[m[K:
[01m[K/home/bobdobchob/osu-uwrt/development/software/install/behaviortree_cpp/include/behaviortree_cpp/basic_types.h:484:1:[m[K [01;36m[Knote: [m[Kcandidate: ‘[01m[Kstd::pair<std::__cxx11::basic_string<char>, BT::PortInfo> BT::InputPort(BT::StringView, BT::StringView) [with T = bool; BT::StringView = std::basic_string_view<char>][m[K’
  484 | [01;36m[KInputPort[m[K(StringView name, StringView description = {})
      | [01;36m[K^~~~~~~~~[m[K
[01m[K/home/bobdobchob/osu-uwrt/development/software/install/behaviortree_cpp/include/behaviortree_cpp/basic_types.h:484:39:[m[K [01;36m[Knote: [m[K  no known conversion for argument 2 from ‘[01m[Kbool[m[K’ to ‘[01m[KBT::StringView[m[K’ {aka ‘[01m[Kstd::basic_string_view<char>[m[K’}
  484 | InputPort(StringView name, [01;36m[KStringView description = {}[m[K)
      |                            [01;36m[K~~~~~~~~~~~^~~~~~~~~~~~~~~~[m[K
[01m[K/home/bobdobchob/osu-uwrt/development/software/install/behaviortree_cpp/include/behaviortree_cpp/basic_types.h:554:1:[m[K [01;36m[Knote: [m[Kcandidate: ‘[01m[Ktemplate<class T, class DefaultT> std::pair<std::__cxx11::basic_string<char>, BT::PortInfo> BT::InputPort(BT::StringView, const DefaultT&, BT::StringView)[m[K’
  554 | [01;36m[KInputPort[m[K(StringView name, const DefaultT& default_value, StringView description)
      | [01;36m[K^~~~~~~~~[m[K
[01m[K/home/bobdobchob/osu-uwrt/development/software/install/behaviortree_cpp/include/behaviortree_cpp/basic_types.h:554:1:[m[K [01;36m[Knote: [m[K  template argument deduction/substitution failed:
In file included from [01m[K/home/bobdobchob/osu-uwrt/development/software/src/mercury_autonomy/mercury_autonomy/test/test_legacy_action_nodes.cpp:12[m[K:
[01m[K/home/bobdobchob/osu-uwrt/development/software/src/mercury_autonomy/mercury_autonomy/include/mercury_autonomy/bt_actions/publish_ekf_pose.hpp:30:26:[m[K [01;36m[Knote: [m[K  candidate expects 3 arguments, 2 provided
   30 |       [01;36m[KBT::InputPort<bool>("setOrientation", false)[m[K,
      |       [01;36m[K~~~~~~~~~~~~~~~~~~~^~~~~~~~~~~~~~~~~~~~~~~~~[m[K
[01m[K/home/bobdobchob/osu-uwrt/development/software/src/mercury_autonomy/mercury_autonomy/include/mercury_autonomy/bt_actions/publish_ekf_pose.hpp:31:5:[m[K [01;31m[Kerror: [m[Kcould not convert ‘[01m[K{<expression error>, <expression error>, <expression error>, <expression error>, <expression error>, <expression error>, <expression error>, <expression error>, <expression error>, <expression error>}[m[K’ from ‘[01m[K<brace-enclosed initializer list>[m[K’ to ‘[01m[KBT::PortsList[m[K’ {aka ‘[01m[Kstd::unordered_map<std::__cxx11::basic_string<char>, BT::PortInfo>[m[K’}
   31 |     [01;31m[K}[m[K;
      |     [01;31m[K^[m[K
      |     [01;31m[K|[m[K
      |     [01;31m[K<brace-enclosed initializer list>[m[K
In file included from [01m[K/home/bobdobchob/osu-uwrt/development/software/src/mercury_autonomy/mercury_autonomy/test/test_legacy_action_nodes.cpp:13[m[K:
[01m[K/home/bobdobchob/osu-uwrt/development/software/src/mercury_autonomy/mercury_autonomy/include/mercury_autonomy/bt_actions/publish_int8.hpp:[m[K At global scope:
[01m[K/home/bobdobchob/osu-uwrt/development/software/src/mercury_autonomy/mercury_autonomy/include/mercury_autonomy/bt_actions/publish_int8.hpp:32:36:[m[K [01;31m[Kerror: [m[K‘[01m[KUInt16[m[K’ is not a member of ‘[01m[Kstd_msgs::msg[m[K’
   32 |   rclcpp::Publisher<std_msgs::msg::[01;31m[KUInt16[m[K>::SharedPtr pub_;
      |                                    [01;31m[K^~~~~~[m[K
[01m[K/home/bobdobchob/osu-uwrt/development/software/src/mercury_autonomy/mercury_autonomy/include/mercury_autonomy/bt_actions/publish_int8.hpp:32:42:[m[K [01;31m[Kerror: [m[Ktemplate argument 1 is invalid
   32 |   rclcpp::Publisher<std_msgs::msg::UInt16[01;31m[K>[m[K::SharedPtr pub_;
      |                                          [01;31m[K^[m[K
[01m[K/home/bobdobchob/osu-uwrt/development/software/src/mercury_autonomy/mercury_autonomy/include/mercury_autonomy/bt_actions/publish_int8.hpp:32:45:[m[K [01;31m[Kerror: [m[Kexpected ‘[01m[K;[m[K’ at end of member declaration
   32 |   rclcpp::Publisher<std_msgs::msg::UInt16>::[01;31m[KSharedPtr[m[K pub_;
      |                                             [01;31m[K^~~~~~~~~[m[K
      |                                                      [32m[K;[m[K
[01m[K/home/bobdobchob/osu-uwrt/development/software/src/mercury_autonomy/mercury_autonomy/include/mercury_autonomy/bt_actions/publish_int8.hpp:32:55:[m[K [01;31m[Kerror: [m[K‘[01m[Kpub_[m[K’ does not name a type
   32 |   rclcpp::Publisher<std_msgs::msg::UInt16>::SharedPtr [01;31m[Kpub_[m[K;
      |                                                       [01;31m[K^~~~[m[K
In file included from [01m[K/home/bobdobchob/osu-uwrt/development/software/src/mercury_autonomy/mercury_autonomy/src/register_actions.cpp:19[m[K:
[01m[K/home/bobdobchob/osu-uwrt/development/software/src/mercury_autonomy/mercury_autonomy/include/mercury_autonomy/bt_actions/publish_to_controller.hpp:[m[K In static member function ‘[01m[Kstatic BT::PortsList mercury_autonomy::PublishToController::providedPorts()[m[K’:
[01m[K/home/bobdobchob/osu-uwrt/development/software/src/mercury_autonomy/mercury_autonomy/include/mercury_autonomy/bt_actions/publish_to_controller.hpp:21:26:[m[K [01;31m[Kerror: [m[Kno matching function for call to ‘[01m[KInputPort<bool>(const char [14], bool)[m[K’
   21 |       [01;31m[KBT::InputPort<bool>("isOrientation", false)[m[K,
      |       [01;31m[K~~~~~~~~~~~~~~~~~~~^~~~~~~~~~~~~~~~~~~~~~~~[m[K
In file included from [01m[K/home/bobdobchob/osu-uwrt/development/software/install/behaviortree_cpp/include/behaviortree_cpp/tree_node.h:16[m[K,
                 from [01m[K/home/bobdobchob/osu-uwrt/development/software/install/behaviortree_cpp/include/behaviortree_cpp/leaf_node.h:17[m[K,
                 from [01m[K/home/bobdobchob/osu-uwrt/development/software/install/behaviortree_cpp/include/behaviortree_cpp/action_node.h:17[m[K,
                 from [01m[K/home/bobdobchob/osu-uwrt/development/software/install/behaviortree_cpp/include/behaviortree_cpp/behavior_tree.h:16[m[K,
                 from [01m[K/home/bobdobchob/osu-uwrt/development/software/src/mercury_autonomy/mercury_autonomy/include/mercury_autonomy/autonomy_base.hpp:15[m[K,
                 from [01m[K/home/bobdobchob/osu-uwrt/development/software/src/mercury_autonomy/mercury_autonomy/include/mercury_autonomy/autonomy_lib.hpp:6[m[K,
                 from [01m[K/home/bobdobchob/osu-uwrt/development/software/src/mercury_autonomy/mercury_autonomy/include/mercury_autonomy/bt_actions/example_action.hpp:14[m[K,
                 from [01m[K/home/bobdobchob/osu-uwrt/development/software/src/mercury_autonomy/mercury_autonomy/src/register_actions.cpp:4[m[K:
[01m[K/home/bobdobchob/osu-uwrt/development/software/install/behaviortree_cpp/include/behaviortree_cpp/basic_types.h:484:1:[m[K [01;36m[Knote: [m[Kcandidate: ‘[01m[Kstd::pair<std::__cxx11::basic_string<char>, BT::PortInfo> BT::InputPort(BT::StringView, BT::StringView) [with T = bool; BT::StringView = std::basic_string_view<char>][m[K’
  484 | [01;36m[KInputPort[m[K(StringView name, StringView description = {})
      | [01;36m[K^~~~~~~~~[m[K
[01m[K/home/bobdobchob/osu-uwrt/development/software/install/behaviortree_cpp/include/behaviortree_cpp/basic_types.h:484:39:[m[K [01;36m[Knote: [m[K  no known conversion for argument 2 from ‘[01m[Kbool[m[K’ to ‘[01m[KBT::StringView[m[K’ {aka ‘[01m[Kstd::basic_string_view<char>[m[K’}
  484 | InputPort(StringView name, [01;36m[KStringView description = {}[m[K)
      |                            [01;36m[K~~~~~~~~~~~^~~~~~~~~~~~~~~~[m[K
[01m[K/home/bobdobchob/osu-uwrt/development/software/install/behaviortree_cpp/include/behaviortree_cpp/basic_types.h:554:1:[m[K [01;36m[Knote: [m[Kcandidate: ‘[01m[Ktemplate<class T, class DefaultT> std::pair<std::__cxx11::basic_string<char>, BT::PortInfo> BT::InputPort(BT::StringView, const DefaultT&, BT::StringView)[m[K’
  554 | [01;36m[KInputPort[m[K(StringView name, const DefaultT& default_value, StringView description)
      | [01;36m[K^~~~~~~~~[m[K
[01m[K/home/bobdobchob/osu-uwrt/development/software/install/behaviortree_cpp/include/behaviortree_cpp/basic_types.h:554:1:[m[K [01;36m[Knote: [m[K  template argument deduction/substitution failed:
In file included from [01m[K/home/bobdobchob/osu-uwrt/development/software/src/mercury_autonomy/mercury_autonomy/src/register_actions.cpp:19[m[K:
[01m[K/home/bobdobchob/osu-uwrt/development/software/src/mercury_autonomy/mercury_autonomy/include/mercury_autonomy/bt_actions/publish_to_controller.hpp:21:26:[m[K [01;36m[Knote: [m[K  candidate expects 3 arguments, 2 provided
   21 |       [01;36m[KBT::InputPort<bool>("isOrientation", false)[m[K,
      |       [01;36m[K~~~~~~~~~~~~~~~~~~~^~~~~~~~~~~~~~~~~~~~~~~~[m[K
[01m[K/home/bobdobchob/osu-uwrt/development/software/src/mercury_autonomy/mercury_autonomy/include/mercury_autonomy/bt_actions/publish_to_controller.hpp:22:25:[m[K [01;31m[Kerror: [m[Kno matching function for call to ‘[01m[KInputPort<int>(const char [5], int)[m[K’
   22 |       [01;31m[KBT::InputPort<int>("mode", 3)[m[K,
      |       [01;31m[K~~~~~~~~~~~~~~~~~~^~~~~~~~~~~[m[K
In file included from [01m[K/home/bobdobchob/osu-uwrt/development/software/install/behaviortree_cpp/include/behaviortree_cpp/tree_node.h:16[m[K,
                 from [01m[K/home/bobdobchob/osu-uwrt/development/software/install/behaviortree_cpp/include/behaviortree_cpp/leaf_node.h:17[m[K,
                 from [01m[K/home/bobdobchob/osu-uwrt/development/software/install/behaviortree_cpp/include/behaviortree_cpp/action_node.h:17[m[K,
                 from [01m[K/home/bobdobchob/osu-uwrt/development/software/install/behaviortree_cpp/include/behaviortree_cpp/behavior_tree.h:16[m[K,
                 from [01m[K/home/bobdobchob/osu-uwrt/development/software/src/mercury_autonomy/mercury_autonomy/include/mercury_autonomy/autonomy_base.hpp:15[m[K,
                 from [01m[K/home/bobdobchob/osu-uwrt/development/software/src/mercury_autonomy/mercury_autonomy/include/mercury_autonomy/autonomy_lib.hpp:6[m[K,
                 from [01m[K/home/bobdobchob/osu-uwrt/development/software/src/mercury_autonomy/mercury_autonomy/include/mercury_autonomy/bt_actions/example_action.hpp:14[m[K,
                 from [01m[K/home/bobdobchob/osu-uwrt/development/software/src/mercury_autonomy/mercury_autonomy/src/register_actions.cpp:4[m[K:
[01m[K/home/bobdobchob/osu-uwrt/development/software/install/behaviortree_cpp/include/behaviortree_cpp/basic_types.h:484:1:[m[K [01;36m[Knote: [m[Kcandidate: ‘[01m[Kstd::pair<std::__cxx11::basic_string<char>, BT::PortInfo> BT::InputPort(BT::StringView, BT::StringView) [with T = int; BT::StringView = std::basic_string_view<char>][m[K’ (near match)
  484 | [01;36m[KInputPort[m[K(StringView name, StringView description = {})
      | [01;36m[K^~~~~~~~~[m[K
[01m[K/home/bobdobchob/osu-uwrt/development/software/install/behaviortree_cpp/include/behaviortree_cpp/basic_types.h:484:1:[m[K [01;36m[Knote: [m[K  conversion of argument 2 would be ill-formed:
In file included from [01m[K/home/bobdobchob/osu-uwrt/development/software/src/mercury_autonomy/mercury_autonomy/src/register_actions.cpp:19[m[K:
[01m[K/home/bobdobchob/osu-uwrt/development/software/src/mercury_autonomy/mercury_autonomy/include/mercury_autonomy/bt_actions/publish_to_controller.hpp:22:34:[m[K [01;31m[Kerror: [m[Kinvalid conversion from ‘[01m[Kint[m[K’ to ‘[01m[Kconst char*[m[K’ [[01;31m[K]8;;https://gcc.gnu.org/onlinedocs/gcc/Warning-Options.html#index-fpermissive-fpermissive]8;;[m[K]
   22 |       BT::InputPort<int>("mode", [01;31m[K3[m[K),
      |                                  [01;31m[K^[m[K
      |                                  [01;31m[K|[m[K
      |                                  [01;31m[Kint[m[K
In file included from [01m[K/usr/include/c++/11/bits/basic_string.h:48[m[K,
                 from [01m[K/usr/include/c++/11/string:55[m[K,
                 from [01m[K/home/bobdobchob/osu-uwrt/development/software/src/mercury_autonomy/mercury_autonomy/include/mercury_autonomy/autonomy_base.hpp:11[m[K,
                 from [01m[K/home/bobdobchob/osu-uwrt/development/software/src/mercury_autonomy/mercury_autonomy/include/mercury_autonomy/autonomy_lib.hpp:6[m[K,
                 from [01m[K/home/bobdobchob/osu-uwrt/development/software/src/mercury_autonomy/mercury_autonomy/include/mercury_autonomy/bt_actions/example_action.hpp:14[m[K,
                 from [01m[K/home/bobdobchob/osu-uwrt/development/software/src/mercury_autonomy/mercury_autonomy/src/register_actions.cpp:4[m[K:
[01m[K/usr/include/c++/11/string_view:131:39:[m[K [01;36m[Knote: [m[K  initializing argument 1 of ‘[01m[Kconstexpr std::basic_string_view<_CharT, _Traits>::basic_string_view(const _CharT*) [with _CharT = char; _Traits = std::char_traits<char>][m[K’
  131 |       basic_string_view([01;36m[Kconst _CharT* __str[m[K) noexcept
      |                         [01;36m[K~~~~~~~~~~~~~~^~~~~[m[K
In file included from [01m[K/home/bobdobchob/osu-uwrt/development/software/install/behaviortree_cpp/include/behaviortree_cpp/tree_node.h:16[m[K,
                 from [01m[K/home/bobdobchob/osu-uwrt/development/software/install/behaviortree_cpp/include/behaviortree_cpp/leaf_node.h:17[m[K,
                 from [01m[K/home/bobdobchob/osu-uwrt/development/software/install/behaviortree_cpp/include/behaviortree_cpp/action_node.h:17[m[K,
                 from [01m[K/home/bobdobchob/osu-uwrt/development/software/install/behaviortree_cpp/include/behaviortree_cpp/behavior_tree.h:16[m[K,
                 from [01m[K/home/bobdobchob/osu-uwrt/development/software/src/mercury_autonomy/mercury_autonomy/include/mercury_autonomy/autonomy_base.hpp:15[m[K,
                 from [01m[K/home/bobdobchob/osu-uwrt/development/software/src/mercury_autonomy/mercury_autonomy/include/mercury_autonomy/autonomy_lib.hpp:6[m[K,
                 from [01m[K/home/bobdobchob/osu-uwrt/development/software/src/mercury_autonomy/mercury_autonomy/include/mercury_autonomy/bt_actions/example_action.hpp:14[m[K,
                 from [01m[K/home/bobdobchob/osu-uwrt/development/software/src/mercury_autonomy/mercury_autonomy/src/register_actions.cpp:4[m[K:
[01m[K/home/bobdobchob/osu-uwrt/development/software/install/behaviortree_cpp/include/behaviortree_cpp/basic_types.h:554:1:[m[K [01;36m[Knote: [m[Kcandidate: ‘[01m[Ktemplate<class T, class DefaultT> std::pair<std::__cxx11::basic_string<char>, BT::PortInfo> BT::InputPort(BT::StringView, const DefaultT&, BT::StringView)[m[K’
  554 | [01;36m[KInputPort[m[K(StringView name, const DefaultT& default_value, StringView description)
      | [01;36m[K^~~~~~~~~[m[K
[01m[K/home/bobdobchob/osu-uwrt/development/software/install/behaviortree_cpp/include/behaviortree_cpp/basic_types.h:554:1:[m[K [01;36m[Knote: [m[K  template argument deduction/substitution failed:
In file included from [01m[K/home/bobdobchob/osu-uwrt/development/software/src/mercury_autonomy/mercury_autonomy/src/register_actions.cpp:19[m[K:
[01m[K/home/bobdobchob/osu-uwrt/development/software/src/mercury_autonomy/mercury_autonomy/include/mercury_autonomy/bt_actions/publish_to_controller.hpp:22:25:[m[K [01;36m[Knote: [m[K  candidate expects 3 arguments, 2 provided
   22 |       [01;36m[KBT::InputPort<int>("mode", 3)[m[K,
      |       [01;36m[K~~~~~~~~~~~~~~~~~~^~~~~~~~~~~[m[K
[01m[K/home/bobdobchob/osu-uwrt/development/software/src/mercury_autonomy/mercury_autonomy/include/mercury_autonomy/bt_actions/publish_to_controller.hpp:23:28:[m[K [01;31m[Kerror: [m[Kno matching function for call to ‘[01m[KInputPort<double>(const char [2], double)[m[K’
   23 |       [01;31m[KBT::InputPort<double>("x", 0.0)[m[K,
      |       [01;31m[K~~~~~~~~~~~~~~~~~~~~~^~~~~~~~~~[m[K
In file included from [01m[K/home/bobdobchob/osu-uwrt/development/software/install/behaviortree_cpp/include/behaviortree_cpp/tree_node.h:16[m[K,
                 from [01m[K/home/bobdobchob/osu-uwrt/development/software/install/behaviortree_cpp/include/behaviortree_cpp/leaf_node.h:17[m[K,
                 from [01m[K/home/bobdobchob/osu-uwrt/development/software/install/behaviortree_cpp/include/behaviortree_cpp/action_node.h:17[m[K,
                 from [01m[K/home/bobdobchob/osu-uwrt/development/software/install/behaviortree_cpp/include/behaviortree_cpp/behavior_tree.h:16[m[K,
                 from [01m[K/home/bobdobchob/osu-uwrt/development/software/src/mercury_autonomy/mercury_autonomy/include/mercury_autonomy/autonomy_base.hpp:15[m[K,
                 from [01m[K/home/bobdobchob/osu-uwrt/development/software/src/mercury_autonomy/mercury_autonomy/include/mercury_autonomy/autonomy_lib.hpp:6[m[K,
                 from [01m[K/home/bobdobchob/osu-uwrt/development/software/src/mercury_autonomy/mercury_autonomy/include/mercury_autonomy/bt_actions/example_action.hpp:14[m[K,
                 from [01m[K/home/bobdobchob/osu-uwrt/development/software/src/mercury_autonomy/mercury_autonomy/src/register_actions.cpp:4[m[K:
[01m[K/home/bobdobchob/osu-uwrt/development/software/install/behaviortree_cpp/include/behaviortree_cpp/basic_types.h:484:1:[m[K [01;36m[Knote: [m[Kcandidate: ‘[01m[Kstd::pair<std::__cxx11::basic_string<char>, BT::PortInfo> BT::InputPort(BT::StringView, BT::StringView) [with T = double; BT::StringView = std::basic_string_view<char>][m[K’
  484 | [01;36m[KInputPort[m[K(StringView name, StringView description = {})
      | [01;36m[K^~~~~~~~~[m[K
[01m[K/home/bobdobchob/osu-uwrt/development/software/install/behaviortree_cpp/include/behaviortree_cpp/basic_types.h:484:39:[m[K [01;36m[Knote: [m[K  no known conversion for argument 2 from ‘[01m[Kdouble[m[K’ to ‘[01m[KBT::StringView[m[K’ {aka ‘[01m[Kstd::basic_string_view<char>[m[K’}
  484 | InputPort(StringView name, [01;36m[KStringView description = {}[m[K)
      |                            [01;36m[K~~~~~~~~~~~^~~~~~~~~~~~~~~~[m[K
[01m[K/home/bobdobchob/osu-uwrt/development/software/install/behaviortree_cpp/include/behaviortree_cpp/basic_types.h:554:1:[m[K [01;36m[Knote: [m[Kcandidate: ‘[01m[Ktemplate<class T, class DefaultT> std::pair<std::__cxx11::basic_string<char>, BT::PortInfo> BT::InputPort(BT::StringView, const DefaultT&, BT::StringView)[m[K’
  554 | [01;36m[KInputPort[m[K(StringView name, const DefaultT& default_value, StringView description)
      | [01;36m[K^~~~~~~~~[m[K
[01m[K/home/bobdobchob/osu-uwrt/development/software/install/behaviortree_cpp/include/behaviortree_cpp/basic_types.h:554:1:[m[K [01;36m[Knote: [m[K  template argument deduction/substitution failed:
In file included from [01m[K/home/bobdobchob/osu-uwrt/development/software/src/mercury_autonomy/mercury_autonomy/src/register_actions.cpp:19[m[K:
[01m[K/home/bobdobchob/osu-uwrt/development/software/src/mercury_autonomy/mercury_autonomy/include/mercury_autonomy/bt_actions/publish_to_controller.hpp:23:28:[m[K [01;36m[Knote: [m[K  candidate expects 3 arguments, 2 provided
   23 |       [01;36m[KBT::InputPort<double>("x", 0.0)[m[K,
      |       [01;36m[K~~~~~~~~~~~~~~~~~~~~~^~~~~~~~~~[m[K
[01m[K/home/bobdobchob/osu-uwrt/development/software/src/mercury_autonomy/mercury_autonomy/include/mercury_autonomy/bt_actions/publish_to_controller.hpp:24:28:[m[K [01;31m[Kerror: [m[Kno matching function for call to ‘[01m[KInputPort<double>(const char [2], double)[m[K’
   24 |       [01;31m[KBT::InputPort<double>("y", 0.0)[m[K,
      |       [01;31m[K~~~~~~~~~~~~~~~~~~~~~^~~~~~~~~~[m[K
In file included from [01m[K/home/bobdobchob/osu-uwrt/development/software/install/behaviortree_cpp/include/behaviortree_cpp/tree_node.h:16[m[K,
                 from [01m[K/home/bobdobchob/osu-uwrt/development/software/install/behaviortree_cpp/include/behaviortree_cpp/leaf_node.h:17[m[K,
                 from [01m[K/home/bobdobchob/osu-uwrt/development/software/install/behaviortree_cpp/include/behaviortree_cpp/action_node.h:17[m[K,
                 from [01m[K/home/bobdobchob/osu-uwrt/development/software/install/behaviortree_cpp/include/behaviortree_cpp/behavior_tree.h:16[m[K,
                 from [01m[K/home/bobdobchob/osu-uwrt/development/software/src/mercury_autonomy/mercury_autonomy/include/mercury_autonomy/autonomy_base.hpp:15[m[K,
                 from [01m[K/home/bobdobchob/osu-uwrt/development/software/src/mercury_autonomy/mercury_autonomy/include/mercury_autonomy/autonomy_lib.hpp:6[m[K,
                 from [01m[K/home/bobdobchob/osu-uwrt/development/software/src/mercury_autonomy/mercury_autonomy/include/mercury_autonomy/bt_actions/example_action.hpp:14[m[K,
                 from [01m[K/home/bobdobchob/osu-uwrt/development/software/src/mercury_autonomy/mercury_autonomy/src/register_actions.cpp:4[m[K:
[01m[K/home/bobdobchob/osu-uwrt/development/software/install/behaviortree_cpp/include/behaviortree_cpp/basic_types.h:484:1:[m[K [01;36m[Knote: [m[Kcandidate: ‘[01m[Kstd::pair<std::__cxx11::basic_string<char>, BT::PortInfo> BT::InputPort(BT::StringView, BT::StringView) [with T = double; BT::StringView = std::basic_string_view<char>][m[K’
  484 | [01;36m[KInputPort[m[K(StringView name, StringView description = {})
      | [01;36m[K^~~~~~~~~[m[K
[01m[K/home/bobdobchob/osu-uwrt/development/software/install/behaviortree_cpp/include/behaviortree_cpp/basic_types.h:484:39:[m[K [01;36m[Knote: [m[K  no known conversion for argument 2 from ‘[01m[Kdouble[m[K’ to ‘[01m[KBT::StringView[m[K’ {aka ‘[01m[Kstd::basic_string_view<char>[m[K’}
  484 | InputPort(StringView name, [01;36m[KStringView description = {}[m[K)
      |                            [01;36m[K~~~~~~~~~~~^~~~~~~~~~~~~~~~[m[K
[01m[K/home/bobdobchob/osu-uwrt/development/software/install/behaviortree_cpp/include/behaviortree_cpp/basic_types.h:554:1:[m[K [01;36m[Knote: [m[Kcandidate: ‘[01m[Ktemplate<class T, class DefaultT> std::pair<std::__cxx11::basic_string<char>, BT::PortInfo> BT::InputPort(BT::StringView, const DefaultT&, BT::StringView)[m[K’
  554 | [01;36m[KInputPort[m[K(StringView name, const DefaultT& default_value, StringView description)
      | [01;36m[K^~~~~~~~~[m[K
[01m[K/home/bobdobchob/osu-uwrt/development/software/install/behaviortree_cpp/include/behaviortree_cpp/basic_types.h:554:1:[m[K [01;36m[Knote: [m[K  template argument deduction/substitution failed:
In file included from [01m[K/home/bobdobchob/osu-uwrt/development/software/src/mercury_autonomy/mercury_autonomy/src/register_actions.cpp:19[m[K:
[01m[K/home/bobdobchob/osu-uwrt/development/software/src/mercury_autonomy/mercury_autonomy/include/mercury_autonomy/bt_actions/publish_to_controller.hpp:24:28:[m[K [01;36m[Knote: [m[K  candidate expects 3 arguments, 2 provided
   24 |       [01;36m[KBT::InputPort<double>("y", 0.0)[m[K,
      |       [01;36m[K~~~~~~~~~~~~~~~~~~~~~^~~~~~~~~~[m[K
[01m[K/home/bobdobchob/osu-uwrt/development/software/src/mercury_autonomy/mercury_autonomy/include/mercury_autonomy/bt_actions/publish_to_controller.hpp:25:28:[m[K [01;31m[Kerror: [m[Kno matching function for call to ‘[01m[KInputPort<double>(const char [2], double)[m[K’
   25 |       [01;31m[KBT::InputPort<double>("z", 0.0)[m[K,
      |       [01;31m[K~~~~~~~~~~~~~~~~~~~~~^~~~~~~~~~[m[K
In file included from [01m[K/home/bobdobchob/osu-uwrt/development/software/install/behaviortree_cpp/include/behaviortree_cpp/tree_node.h:16[m[K,
                 from [01m[K/home/bobdobchob/osu-uwrt/development/software/install/behaviortree_cpp/include/behaviortree_cpp/leaf_node.h:17[m[K,
                 from [01m[K/home/bobdobchob/osu-uwrt/development/software/install/behaviortree_cpp/include/behaviortree_cpp/action_node.h:17[m[K,
                 from [01m[K/home/bobdobchob/osu-uwrt/development/software/install/behaviortree_cpp/include/behaviortree_cpp/behavior_tree.h:16[m[K,
                 from [01m[K/home/bobdobchob/osu-uwrt/development/software/src/mercury_autonomy/mercury_autonomy/include/mercury_autonomy/autonomy_base.hpp:15[m[K,
                 from [01m[K/home/bobdobchob/osu-uwrt/development/software/src/mercury_autonomy/mercury_autonomy/include/mercury_autonomy/autonomy_lib.hpp:6[m[K,
                 from [01m[K/home/bobdobchob/osu-uwrt/development/software/src/mercury_autonomy/mercury_autonomy/include/mercury_autonomy/bt_actions/example_action.hpp:14[m[K,
                 from [01m[K/home/bobdobchob/osu-uwrt/development/software/src/mercury_autonomy/mercury_autonomy/src/register_actions.cpp:4[m[K:
[01m[K/home/bobdobchob/osu-uwrt/development/software/install/behaviortree_cpp/include/behaviortree_cpp/basic_types.h:484:1:[m[K [01;36m[Knote: [m[Kcandidate: ‘[01m[Kstd::pair<std::__cxx11::basic_string<char>, BT::PortInfo> BT::InputPort(BT::StringView, BT::StringView) [with T = double; BT::StringView = std::basic_string_view<char>][m[K’
  484 | [01;36m[KInputPort[m[K(StringView name, StringView description = {})
      | [01;36m[K^~~~~~~~~[m[K
[01m[K/home/bobdobchob/osu-uwrt/development/software/install/behaviortree_cpp/include/behaviortree_cpp/basic_types.h:484:39:[m[K [01;36m[Knote: [m[K  no known conversion for argument 2 from ‘[01m[Kdouble[m[K’ to ‘[01m[KBT::StringView[m[K’ {aka ‘[01m[Kstd::basic_string_view<char>[m[K’}
  484 | InputPort(StringView name, [01;36m[KStringView description = {}[m[K)
      |                            [01;36m[K~~~~~~~~~~~^~~~~~~~~~~~~~~~[m[K
[01m[K/home/bobdobchob/osu-uwrt/development/software/install/behaviortree_cpp/include/behaviortree_cpp/basic_types.h:554:1:[m[K [01;36m[Knote: [m[Kcandidate: ‘[01m[Ktemplate<class T, class DefaultT> std::pair<std::__cxx11::basic_string<char>, BT::PortInfo> BT::InputPort(BT::StringView, const DefaultT&, BT::StringView)[m[K’
  554 | [01;36m[KInputPort[m[K(StringView name, const DefaultT& default_value, StringView description)
      | [01;36m[K^~~~~~~~~[m[K
[01m[K/home/bobdobchob/osu-uwrt/development/software/install/behaviortree_cpp/include/behaviortree_cpp/basic_types.h:554:1:[m[K [01;36m[Knote: [m[K  template argument deduction/substitution failed:
In file included from [01m[K/home/bobdobchob/osu-uwrt/development/software/src/mercury_autonomy/mercury_autonomy/src/register_actions.cpp:19[m[K:
[01m[K/home/bobdobchob/osu-uwrt/development/software/src/mercury_autonomy/mercury_autonomy/include/mercury_autonomy/bt_actions/publish_to_controller.hpp:25:28:[m[K [01;36m[Knote: [m[K  candidate expects 3 arguments, 2 provided
   25 |       [01;36m[KBT::InputPort<double>("z", 0.0)[m[K,
      |       [01;36m[K~~~~~~~~~~~~~~~~~~~~~^~~~~~~~~~[m[K
[01m[K/home/bobdobchob/osu-uwrt/development/software/src/mercury_autonomy/mercury_autonomy/include/mercury_autonomy/bt_actions/publish_to_controller.hpp:26:5:[m[K [01;31m[Kerror: [m[Kcould not convert ‘[01m[K{<expression error>, <expression error>, <expression error>, <expression error>, <expression error>}[m[K’ from ‘[01m[K<brace-enclosed initializer list>[m[K’ to ‘[01m[KBT::PortsList[m[K’ {aka ‘[01m[Kstd::unordered_map<std::__cxx11::basic_string<char>, BT::PortInfo>[m[K’}
   26 |     [01;31m[K}[m[K;
      |     [01;31m[K^[m[K
      |     [01;31m[K|[m[K
      |     [01;31m[K<brace-enclosed initializer list>[m[K
In file included from [01m[K/home/bobdobchob/osu-uwrt/development/software/src/mercury_autonomy/mercury_autonomy/test/test_legacy_action_nodes.cpp:14[m[K:
[01m[K/home/bobdobchob/osu-uwrt/development/software/src/mercury_autonomy/mercury_autonomy/include/mercury_autonomy/bt_actions/publish_to_controller.hpp:[m[K In static member function ‘[01m[Kstatic BT::PortsList mercury_autonomy::PublishToController::providedPorts()[m[K’:
[01m[K/home/bobdobchob/osu-uwrt/development/software/src/mercury_autonomy/mercury_autonomy/include/mercury_autonomy/bt_actions/publish_to_controller.hpp:21:26:[m[K [01;31m[Kerror: [m[Kno matching function for call to ‘[01m[KInputPort<bool>(const char [14], bool)[m[K’
   21 |       [01;31m[KBT::InputPort<bool>("isOrientation", false)[m[K,
      |       [01;31m[K~~~~~~~~~~~~~~~~~~~^~~~~~~~~~~~~~~~~~~~~~~~[m[K
In file included from [01m[K/home/bobdobchob/osu-uwrt/development/software/install/behaviortree_cpp/include/behaviortree_cpp/tree_node.h:16[m[K,
                 from [01m[K/home/bobdobchob/osu-uwrt/development/software/install/behaviortree_cpp/include/behaviortree_cpp/leaf_node.h:17[m[K,
                 from [01m[K/home/bobdobchob/osu-uwrt/development/software/install/behaviortree_cpp/include/behaviortree_cpp/action_node.h:17[m[K,
                 from [01m[K/home/bobdobchob/osu-uwrt/development/software/install/behaviortree_cpp/include/behaviortree_cpp/behavior_tree.h:16[m[K,
                 from [01m[K/home/bobdobchob/osu-uwrt/development/software/src/mercury_autonomy/mercury_autonomy/test/test_legacy_action_nodes.cpp:5[m[K:
[01m[K/home/bobdobchob/osu-uwrt/development/software/install/behaviortree_cpp/include/behaviortree_cpp/basic_types.h:484:1:[m[K [01;36m[Knote: [m[Kcandidate: ‘[01m[Kstd::pair<std::__cxx11::basic_string<char>, BT::PortInfo> BT::InputPort(BT::StringView, BT::StringView) [with T = bool; BT::StringView = std::basic_string_view<char>][m[K’
  484 | [01;36m[KInputPort[m[K(StringView name, StringView description = {})
      | [01;36m[K^~~~~~~~~[m[K
[01m[K/home/bobdobchob/osu-uwrt/development/software/install/behaviortree_cpp/include/behaviortree_cpp/basic_types.h:484:39:[m[K [01;36m[Knote: [m[K  no known conversion for argument 2 from ‘[01m[Kbool[m[K’ to ‘[01m[KBT::StringView[m[K’ {aka ‘[01m[Kstd::basic_string_view<char>[m[K’}
  484 | InputPort(StringView name, [01;36m[KStringView description = {}[m[K)
      |                            [01;36m[K~~~~~~~~~~~^~~~~~~~~~~~~~~~[m[K
[01m[K/home/bobdobchob/osu-uwrt/development/software/install/behaviortree_cpp/include/behaviortree_cpp/basic_types.h:554:1:[m[K [01;36m[Knote: [m[Kcandidate: ‘[01m[Ktemplate<class T, class DefaultT> std::pair<std::__cxx11::basic_string<char>, BT::PortInfo> BT::InputPort(BT::StringView, const DefaultT&, BT::StringView)[m[K’
  554 | [01;36m[KInputPort[m[K(StringView name, const DefaultT& default_value, StringView description)
      | [01;36m[K^~~~~~~~~[m[K
[01m[K/home/bobdobchob/osu-uwrt/development/software/install/behaviortree_cpp/include/behaviortree_cpp/basic_types.h:554:1:[m[K [01;36m[Knote: [m[K  template argument deduction/substitution failed:
In file included from [01m[K/home/bobdobchob/osu-uwrt/development/software/src/mercury_autonomy/mercury_autonomy/test/test_legacy_action_nodes.cpp:14[m[K:
[01m[K/home/bobdobchob/osu-uwrt/development/software/src/mercury_autonomy/mercury_autonomy/include/mercury_autonomy/bt_actions/publish_to_controller.hpp:21:26:[m[K [01;36m[Knote: [m[K  candidate expects 3 arguments, 2 provided
   21 |       [01;36m[KBT::InputPort<bool>("isOrientation", false)[m[K,
      |       [01;36m[K~~~~~~~~~~~~~~~~~~~^~~~~~~~~~~~~~~~~~~~~~~~[m[K
[01m[K/home/bobdobchob/osu-uwrt/development/software/src/mercury_autonomy/mercury_autonomy/include/mercury_autonomy/bt_actions/publish_to_controller.hpp:22:25:[m[K [01;31m[Kerror: [m[Kno matching function for call to ‘[01m[KInputPort<int>(const char [5], int)[m[K’
   22 |       [01;31m[KBT::InputPort<int>("mode", 3)[m[K,
      |       [01;31m[K~~~~~~~~~~~~~~~~~~^~~~~~~~~~~[m[K
In file included from [01m[K/home/bobdobchob/osu-uwrt/development/software/install/behaviortree_cpp/include/behaviortree_cpp/tree_node.h:16[m[K,
                 from [01m[K/home/bobdobchob/osu-uwrt/development/software/install/behaviortree_cpp/include/behaviortree_cpp/leaf_node.h:17[m[K,
                 from [01m[K/home/bobdobchob/osu-uwrt/development/software/install/behaviortree_cpp/include/behaviortree_cpp/action_node.h:17[m[K,
                 from [01m[K/home/bobdobchob/osu-uwrt/development/software/install/behaviortree_cpp/include/behaviortree_cpp/behavior_tree.h:16[m[K,
                 from [01m[K/home/bobdobchob/osu-uwrt/development/software/src/mercury_autonomy/mercury_autonomy/test/test_legacy_action_nodes.cpp:5[m[K:
[01m[K/home/bobdobchob/osu-uwrt/development/software/install/behaviortree_cpp/include/behaviortree_cpp/basic_types.h:484:1:[m[K [01;36m[Knote: [m[Kcandidate: ‘[01m[Kstd::pair<std::__cxx11::basic_string<char>, BT::PortInfo> BT::InputPort(BT::StringView, BT::StringView) [with T = int; BT::StringView = std::basic_string_view<char>][m[K’ (near match)
  484 | [01;36m[KInputPort[m[K(StringView name, StringView description = {})
      | [01;36m[K^~~~~~~~~[m[K
[01m[K/home/bobdobchob/osu-uwrt/development/software/install/behaviortree_cpp/include/behaviortree_cpp/basic_types.h:484:1:[m[K [01;36m[Knote: [m[K  conversion of argument 2 would be ill-formed:
In file included from [01m[K/home/bobdobchob/osu-uwrt/development/software/src/mercury_autonomy/mercury_autonomy/test/test_legacy_action_nodes.cpp:14[m[K:
[01m[K/home/bobdobchob/osu-uwrt/development/software/src/mercury_autonomy/mercury_autonomy/include/mercury_autonomy/bt_actions/publish_to_controller.hpp:22:34:[m[K [01;31m[Kerror: [m[Kinvalid conversion from ‘[01m[Kint[m[K’ to ‘[01m[Kconst char*[m[K’ [[01;31m[K]8;;https://gcc.gnu.org/onlinedocs/gcc/Warning-Options.html#index-fpermissive-fpermissive]8;;[m[K]
   22 |       BT::InputPort<int>("mode", [01;31m[K3[m[K),
      |                                  [01;31m[K^[m[K
      |                                  [01;31m[K|[m[K
      |                                  [01;31m[Kint[m[K
In file included from [01m[K/usr/include/c++/11/bits/basic_string.h:48[m[K,
                 from [01m[K/usr/include/c++/11/string:55[m[K,
                 from [01m[K/usr/include/c++/11/bits/locale_classes.h:40[m[K,
                 from [01m[K/usr/include/c++/11/bits/ios_base.h:41[m[K,
                 from [01m[K/usr/include/c++/11/ios:42[m[K,
                 from [01m[K/usr/include/c++/11/ostream:38[m[K,
                 from [01m[K/opt/ros/humble/src/gtest_vendor/include/gtest/gtest.h:58[m[K,
                 from [01m[K/home/bobdobchob/osu-uwrt/development/software/src/mercury_autonomy/mercury_autonomy/test/test_legacy_action_nodes.cpp:3[m[K:
[01m[K/usr/include/c++/11/string_view:131:39:[m[K [01;36m[Knote: [m[K  initializing argument 1 of ‘[01m[Kconstexpr std::basic_string_view<_CharT, _Traits>::basic_string_view(const _CharT*) [with _CharT = char; _Traits = std::char_traits<char>][m[K’
  131 |       basic_string_view([01;36m[Kconst _CharT* __str[m[K) noexcept
      |                         [01;36m[K~~~~~~~~~~~~~~^~~~~[m[K
In file included from [01m[K/home/bobdobchob/osu-uwrt/development/software/install/behaviortree_cpp/include/behaviortree_cpp/tree_node.h:16[m[K,
                 from [01m[K/home/bobdobchob/osu-uwrt/development/software/install/behaviortree_cpp/include/behaviortree_cpp/leaf_node.h:17[m[K,
                 from [01m[K/home/bobdobchob/osu-uwrt/development/software/install/behaviortree_cpp/include/behaviortree_cpp/action_node.h:17[m[K,
                 from [01m[K/home/bobdobchob/osu-uwrt/development/software/install/behaviortree_cpp/include/behaviortree_cpp/behavior_tree.h:16[m[K,
                 from [01m[K/home/bobdobchob/osu-uwrt/development/software/src/mercury_autonomy/mercury_autonomy/test/test_legacy_action_nodes.cpp:5[m[K:
[01m[K/home/bobdobchob/osu-uwrt/development/software/install/behaviortree_cpp/include/behaviortree_cpp/basic_types.h:554:1:[m[K [01;36m[Knote: [m[Kcandidate: ‘[01m[Ktemplate<class T, class DefaultT> std::pair<std::__cxx11::basic_string<char>, BT::PortInfo> BT::InputPort(BT::StringView, const DefaultT&, BT::StringView)[m[K’
  554 | [01;36m[KInputPort[m[K(StringView name, const DefaultT& default_value, StringView description)
      | [01;36m[K^~~~~~~~~[m[K
[01m[K/home/bobdobchob/osu-uwrt/development/software/install/behaviortree_cpp/include/behaviortree_cpp/basic_types.h:554:1:[m[K [01;36m[Knote: [m[K  template argument deduction/substitution failed:
In file included from [01m[K/home/bobdobchob/osu-uwrt/development/software/src/mercury_autonomy/mercury_autonomy/test/test_legacy_action_nodes.cpp:14[m[K:
[01m[K/home/bobdobchob/osu-uwrt/development/software/src/mercury_autonomy/mercury_autonomy/include/mercury_autonomy/bt_actions/publish_to_controller.hpp:22:25:[m[K [01;36m[Knote: [m[K  candidate expects 3 arguments, 2 provided
   22 |       [01;36m[KBT::InputPort<int>("mode", 3)[m[K,
      |       [01;36m[K~~~~~~~~~~~~~~~~~~^~~~~~~~~~~[m[K
[01m[K/home/bobdobchob/osu-uwrt/development/software/src/mercury_autonomy/mercury_autonomy/include/mercury_autonomy/bt_actions/publish_to_controller.hpp:23:28:[m[K [01;31m[Kerror: [m[Kno matching function for call to ‘[01m[KInputPort<double>(const char [2], double)[m[K’
   23 |       [01;31m[KBT::InputPort<double>("x", 0.0)[m[K,
      |       [01;31m[K~~~~~~~~~~~~~~~~~~~~~^~~~~~~~~~[m[K
In file included from [01m[K/home/bobdobchob/osu-uwrt/development/software/install/behaviortree_cpp/include/behaviortree_cpp/tree_node.h:16[m[K,
                 from [01m[K/home/bobdobchob/osu-uwrt/development/software/install/behaviortree_cpp/include/behaviortree_cpp/leaf_node.h:17[m[K,
                 from [01m[K/home/bobdobchob/osu-uwrt/development/software/install/behaviortree_cpp/include/behaviortree_cpp/action_node.h:17[m[K,
                 from [01m[K/home/bobdobchob/osu-uwrt/development/software/install/behaviortree_cpp/include/behaviortree_cpp/behavior_tree.h:16[m[K,
                 from [01m[K/home/bobdobchob/osu-uwrt/development/software/src/mercury_autonomy/mercury_autonomy/test/test_legacy_action_nodes.cpp:5[m[K:
[01m[K/home/bobdobchob/osu-uwrt/development/software/install/behaviortree_cpp/include/behaviortree_cpp/basic_types.h:484:1:[m[K [01;36m[Knote: [m[Kcandidate: ‘[01m[Kstd::pair<std::__cxx11::basic_string<char>, BT::PortInfo> BT::InputPort(BT::StringView, BT::StringView) [with T = double; BT::StringView = std::basic_string_view<char>][m[K’
  484 | [01;36m[KInputPort[m[K(StringView name, StringView description = {})
      | [01;36m[K^~~~~~~~~[m[K
[01m[K/home/bobdobchob/osu-uwrt/development/software/install/behaviortree_cpp/include/behaviortree_cpp/basic_types.h:484:39:[m[K [01;36m[Knote: [m[K  no known conversion for argument 2 from ‘[01m[Kdouble[m[K’ to ‘[01m[KBT::StringView[m[K’ {aka ‘[01m[Kstd::basic_string_view<char>[m[K’}
  484 | InputPort(StringView name, [01;36m[KStringView description = {}[m[K)
      |                            [01;36m[K~~~~~~~~~~~^~~~~~~~~~~~~~~~[m[K
[01m[K/home/bobdobchob/osu-uwrt/development/software/install/behaviortree_cpp/include/behaviortree_cpp/basic_types.h:554:1:[m[K [01;36m[Knote: [m[Kcandidate: ‘[01m[Ktemplate<class T, class DefaultT> std::pair<std::__cxx11::basic_string<char>, BT::PortInfo> BT::InputPort(BT::StringView, const DefaultT&, BT::StringView)[m[K’
  554 | [01;36m[KInputPort[m[K(StringView name, const DefaultT& default_value, StringView description)
      | [01;36m[K^~~~~~~~~[m[K
[01m[K/home/bobdobchob/osu-uwrt/development/software/install/behaviortree_cpp/include/behaviortree_cpp/basic_types.h:554:1:[m[K [01;36m[Knote: [m[K  template argument deduction/substitution failed:
In file included from [01m[K/home/bobdobchob/osu-uwrt/development/software/src/mercury_autonomy/mercury_autonomy/test/test_legacy_action_nodes.cpp:14[m[K:
[01m[K/home/bobdobchob/osu-uwrt/development/software/src/mercury_autonomy/mercury_autonomy/include/mercury_autonomy/bt_actions/publish_to_controller.hpp:23:28:[m[K [01;36m[Knote: [m[K  candidate expects 3 arguments, 2 provided
   23 |       [01;36m[KBT::InputPort<double>("x", 0.0)[m[K,
      |       [01;36m[K~~~~~~~~~~~~~~~~~~~~~^~~~~~~~~~[m[K
[01m[K/home/bobdobchob/osu-uwrt/development/software/src/mercury_autonomy/mercury_autonomy/include/mercury_autonomy/bt_actions/publish_to_controller.hpp:24:28:[m[K [01;31m[Kerror: [m[Kno matching function for call to ‘[01m[KInputPort<double>(const char [2], double)[m[K’
   24 |       [01;31m[KBT::InputPort<double>("y", 0.0)[m[K,
      |       [01;31m[K~~~~~~~~~~~~~~~~~~~~~^~~~~~~~~~[m[K
In file included from [01m[K/home/bobdobchob/osu-uwrt/development/software/install/behaviortree_cpp/include/behaviortree_cpp/tree_node.h:16[m[K,
                 from [01m[K/home/bobdobchob/osu-uwrt/development/software/install/behaviortree_cpp/include/behaviortree_cpp/leaf_node.h:17[m[K,
                 from [01m[K/home/bobdobchob/osu-uwrt/development/software/install/behaviortree_cpp/include/behaviortree_cpp/action_node.h:17[m[K,
                 from [01m[K/home/bobdobchob/osu-uwrt/development/software/install/behaviortree_cpp/include/behaviortree_cpp/behavior_tree.h:16[m[K,
                 from [01m[K/home/bobdobchob/osu-uwrt/development/software/src/mercury_autonomy/mercury_autonomy/test/test_legacy_action_nodes.cpp:5[m[K:
[01m[K/home/bobdobchob/osu-uwrt/development/software/install/behaviortree_cpp/include/behaviortree_cpp/basic_types.h:484:1:[m[K [01;36m[Knote: [m[Kcandidate: ‘[01m[Kstd::pair<std::__cxx11::basic_string<char>, BT::PortInfo> BT::InputPort(BT::StringView, BT::StringView) [with T = double; BT::StringView = std::basic_string_view<char>][m[K’
  484 | [01;36m[KInputPort[m[K(StringView name, StringView description = {})
      | [01;36m[K^~~~~~~~~[m[K
[01m[K/home/bobdobchob/osu-uwrt/development/software/install/behaviortree_cpp/include/behaviortree_cpp/basic_types.h:484:39:[m[K [01;36m[Knote: [m[K  no known conversion for argument 2 from ‘[01m[Kdouble[m[K’ to ‘[01m[KBT::StringView[m[K’ {aka ‘[01m[Kstd::basic_string_view<char>[m[K’}
  484 | InputPort(StringView name, [01;36m[KStringView description = {}[m[K)
      |                            [01;36m[K~~~~~~~~~~~^~~~~~~~~~~~~~~~[m[K
[01m[K/home/bobdobchob/osu-uwrt/development/software/install/behaviortree_cpp/include/behaviortree_cpp/basic_types.h:554:1:[m[K [01;36m[Knote: [m[Kcandidate: ‘[01m[Ktemplate<class T, class DefaultT> std::pair<std::__cxx11::basic_string<char>, BT::PortInfo> BT::InputPort(BT::StringView, const DefaultT&, BT::StringView)[m[K’
  554 | [01;36m[KInputPort[m[K(StringView name, const DefaultT& default_value, StringView description)
      | [01;36m[K^~~~~~~~~[m[K
[01m[K/home/bobdobchob/osu-uwrt/development/software/install/behaviortree_cpp/include/behaviortree_cpp/basic_types.h:554:1:[m[K [01;36m[Knote: [m[K  template argument deduction/substitution failed:
In file included from [01m[K/home/bobdobchob/osu-uwrt/development/software/src/mercury_autonomy/mercury_autonomy/test/test_legacy_action_nodes.cpp:14[m[K:
[01m[K/home/bobdobchob/osu-uwrt/development/software/src/mercury_autonomy/mercury_autonomy/include/mercury_autonomy/bt_actions/publish_to_controller.hpp:24:28:[m[K [01;36m[Knote: [m[K  candidate expects 3 arguments, 2 provided
   24 |       [01;36m[KBT::InputPort<double>("y", 0.0)[m[K,
      |       [01;36m[K~~~~~~~~~~~~~~~~~~~~~^~~~~~~~~~[m[K
[01m[K/home/bobdobchob/osu-uwrt/development/software/src/mercury_autonomy/mercury_autonomy/include/mercury_autonomy/bt_actions/publish_to_controller.hpp:25:28:[m[K [01;31m[Kerror: [m[Kno matching function for call to ‘[01m[KInputPort<double>(const char [2], double)[m[K’
   25 |       [01;31m[KBT::InputPort<double>("z", 0.0)[m[K,
      |       [01;31m[K~~~~~~~~~~~~~~~~~~~~~^~~~~~~~~~[m[K
In file included from [01m[K/home/bobdobchob/osu-uwrt/development/software/install/behaviortree_cpp/include/behaviortree_cpp/tree_node.h:16[m[K,
                 from [01m[K/home/bobdobchob/osu-uwrt/development/software/install/behaviortree_cpp/include/behaviortree_cpp/leaf_node.h:17[m[K,
                 from [01m[K/home/bobdobchob/osu-uwrt/development/software/install/behaviortree_cpp/include/behaviortree_cpp/action_node.h:17[m[K,
                 from [01m[K/home/bobdobchob/osu-uwrt/development/software/install/behaviortree_cpp/include/behaviortree_cpp/behavior_tree.h:16[m[K,
                 from [01m[K/home/bobdobchob/osu-uwrt/development/software/src/mercury_autonomy/mercury_autonomy/test/test_legacy_action_nodes.cpp:5[m[K:
[01m[K/home/bobdobchob/osu-uwrt/development/software/install/behaviortree_cpp/include/behaviortree_cpp/basic_types.h:484:1:[m[K [01;36m[Knote: [m[Kcandidate: ‘[01m[Kstd::pair<std::__cxx11::basic_string<char>, BT::PortInfo> BT::InputPort(BT::StringView, BT::StringView) [with T = double; BT::StringView = std::basic_string_view<char>][m[K’
  484 | [01;36m[KInputPort[m[K(StringView name, StringView description = {})
      | [01;36m[K^~~~~~~~~[m[K
[01m[K/home/bobdobchob/osu-uwrt/development/software/install/behaviortree_cpp/include/behaviortree_cpp/basic_types.h:484:39:[m[K [01;36m[Knote: [m[K  no known conversion for argument 2 from ‘[01m[Kdouble[m[K’ to ‘[01m[KBT::StringView[m[K’ {aka ‘[01m[Kstd::basic_string_view<char>[m[K’}
  484 | InputPort(StringView name, [01;36m[KStringView description = {}[m[K)
      |                            [01;36m[K~~~~~~~~~~~^~~~~~~~~~~~~~~~[m[K
[01m[K/home/bobdobchob/osu-uwrt/development/software/install/behaviortree_cpp/include/behaviortree_cpp/basic_types.h:554:1:[m[K [01;36m[Knote: [m[Kcandidate: ‘[01m[Ktemplate<class T, class DefaultT> std::pair<std::__cxx11::basic_string<char>, BT::PortInfo> BT::InputPort(BT::StringView, const DefaultT&, BT::StringView)[m[K’
  554 | [01;36m[KInputPort[m[K(StringView name, const DefaultT& default_value, StringView description)
      | [01;36m[K^~~~~~~~~[m[K
[01m[K/home/bobdobchob/osu-uwrt/development/software/install/behaviortree_cpp/include/behaviortree_cpp/basic_types.h:554:1:[m[K [01;36m[Knote: [m[K  template argument deduction/substitution failed:
In file included from [01m[K/home/bobdobchob/osu-uwrt/development/software/src/mercury_autonomy/mercury_autonomy/test/test_legacy_action_nodes.cpp:14[m[K:
[01m[K/home/bobdobchob/osu-uwrt/development/software/src/mercury_autonomy/mercury_autonomy/include/mercury_autonomy/bt_actions/publish_to_controller.hpp:25:28:[m[K [01;36m[Knote: [m[K  candidate expects 3 arguments, 2 provided
   25 |       [01;36m[KBT::InputPort<double>("z", 0.0)[m[K,
      |       [01;36m[K~~~~~~~~~~~~~~~~~~~~~^~~~~~~~~~[m[K
[01m[K/home/bobdobchob/osu-uwrt/development/software/src/mercury_autonomy/mercury_autonomy/include/mercury_autonomy/bt_actions/publish_to_controller.hpp:26:5:[m[K [01;31m[Kerror: [m[Kcould not convert ‘[01m[K{<expression error>, <expression error>, <expression error>, <expression error>, <expression error>}[m[K’ from ‘[01m[K<brace-enclosed initializer list>[m[K’ to ‘[01m[KBT::PortsList[m[K’ {aka ‘[01m[Kstd::unordered_map<std::__cxx11::basic_string<char>, BT::PortInfo>[m[K’}
   26 |     [01;31m[K}[m[K;
      |     [01;31m[K^[m[K
      |     [01;31m[K|[m[K
      |     [01;31m[K<brace-enclosed initializer list>[m[K
In file included from [01m[K/home/bobdobchob/osu-uwrt/development/software/src/mercury_autonomy/mercury_autonomy/test/test_legacy_action_nodes.cpp:15[m[K:
[01m[K/home/bobdobchob/osu-uwrt/development/software/src/mercury_autonomy/mercury_autonomy/include/mercury_autonomy/bt_actions/set_controller_safe_mode.hpp:[m[K In static member function ‘[01m[Kstatic BT::PortsList mercury_autonomy::SetControllerSafeMode::providedPorts()[m[K’:
[01m[K/home/bobdobchob/osu-uwrt/development/software/src/mercury_autonomy/mercury_autonomy/include/mercury_autonomy/bt_actions/set_controller_safe_mode.hpp:20:26:[m[K [01;31m[Kerror: [m[Kno matching function for call to ‘[01m[KInputPort<bool>(const char [5], bool)[m[K’
   20 |       [01;31m[KBT::InputPort<bool>("safe", true)[m[K,
      |       [01;31m[K~~~~~~~~~~~~~~~~~~~^~~~~~~~~~~~~~[m[K
In file included from [01m[K/home/bobdobchob/osu-uwrt/development/software/install/behaviortree_cpp/include/behaviortree_cpp/tree_node.h:16[m[K,
                 from [01m[K/home/bobdobchob/osu-uwrt/development/software/install/behaviortree_cpp/include/behaviortree_cpp/leaf_node.h:17[m[K,
                 from [01m[K/home/bobdobchob/osu-uwrt/development/software/install/behaviortree_cpp/include/behaviortree_cpp/action_node.h:17[m[K,
                 from [01m[K/home/bobdobchob/osu-uwrt/development/software/install/behaviortree_cpp/include/behaviortree_cpp/behavior_tree.h:16[m[K,
                 from [01m[K/home/bobdobchob/osu-uwrt/development/software/src/mercury_autonomy/mercury_autonomy/test/test_legacy_action_nodes.cpp:5[m[K:
[01m[K/home/bobdobchob/osu-uwrt/development/software/install/behaviortree_cpp/include/behaviortree_cpp/basic_types.h:484:1:[m[K [01;36m[Knote: [m[Kcandidate: ‘[01m[Kstd::pair<std::__cxx11::basic_string<char>, BT::PortInfo> BT::InputPort(BT::StringView, BT::StringView) [with T = bool; BT::StringView = std::basic_string_view<char>][m[K’
  484 | [01;36m[KInputPort[m[K(StringView name, StringView description = {})
      | [01;36m[K^~~~~~~~~[m[K
[01m[K/home/bobdobchob/osu-uwrt/development/software/install/behaviortree_cpp/include/behaviortree_cpp/basic_types.h:484:39:[m[K [01;36m[Knote: [m[K  no known conversion for argument 2 from ‘[01m[Kbool[m[K’ to ‘[01m[KBT::StringView[m[K’ {aka ‘[01m[Kstd::basic_string_view<char>[m[K’}
  484 | InputPort(StringView name, [01;36m[KStringView description = {}[m[K)
      |                            [01;36m[K~~~~~~~~~~~^~~~~~~~~~~~~~~~[m[K
[01m[K/home/bobdobchob/osu-uwrt/development/software/install/behaviortree_cpp/include/behaviortree_cpp/basic_types.h:554:1:[m[K [01;36m[Knote: [m[Kcandidate: ‘[01m[Ktemplate<class T, class DefaultT> std::pair<std::__cxx11::basic_string<char>, BT::PortInfo> BT::InputPort(BT::StringView, const DefaultT&, BT::StringView)[m[K’
  554 | [01;36m[KInputPort[m[K(StringView name, const DefaultT& default_value, StringView description)
      | [01;36m[K^~~~~~~~~[m[K
[01m[K/home/bobdobchob/osu-uwrt/development/software/install/behaviortree_cpp/include/behaviortree_cpp/basic_types.h:554:1:[m[K [01;36m[Knote: [m[K  template argument deduction/substitution failed:
In file included from [01m[K/home/bobdobchob/osu-uwrt/development/software/src/mercury_autonomy/mercury_autonomy/test/test_legacy_action_nodes.cpp:15[m[K:
[01m[K/home/bobdobchob/osu-uwrt/development/software/src/mercury_autonomy/mercury_autonomy/include/mercury_autonomy/bt_actions/set_controller_safe_mode.hpp:20:26:[m[K [01;36m[Knote: [m[K  candidate expects 3 arguments, 2 provided
   20 |       [01;36m[KBT::InputPort<bool>("safe", true)[m[K,
      |       [01;36m[K~~~~~~~~~~~~~~~~~~~^~~~~~~~~~~~~~[m[K
[01m[K/home/bobdobchob/osu-uwrt/development/software/src/mercury_autonomy/mercury_autonomy/include/mercury_autonomy/bt_actions/set_controller_safe_mode.hpp:21:28:[m[K [01;31m[Kerror: [m[Kno matching function for call to ‘[01m[KInputPort<double>(const char [13], double)[m[K’
   21 |       [01;31m[KBT::InputPort<double>("timeout_secs", 0.0)[m[K,
      |       [01;31m[K~~~~~~~~~~~~~~~~~~~~~^~~~~~~~~~~~~~~~~~~~~[m[K
In file included from [01m[K/home/bobdobchob/osu-uwrt/development/software/install/behaviortree_cpp/include/behaviortree_cpp/tree_node.h:16[m[K,
                 from [01m[K/home/bobdobchob/osu-uwrt/development/software/install/behaviortree_cpp/include/behaviortree_cpp/leaf_node.h:17[m[K,
                 from [01m[K/home/bobdobchob/osu-uwrt/development/software/install/behaviortree_cpp/include/behaviortree_cpp/action_node.h:17[m[K,
                 from [01m[K/home/bobdobchob/osu-uwrt/development/software/install/behaviortree_cpp/include/behaviortree_cpp/behavior_tree.h:16[m[K,
                 from [01m[K/home/bobdobchob/osu-uwrt/development/software/src/mercury_autonomy/mercury_autonomy/test/test_legacy_action_nodes.cpp:5[m[K:
[01m[K/home/bobdobchob/osu-uwrt/development/software/install/behaviortree_cpp/include/behaviortree_cpp/basic_types.h:484:1:[m[K [01;36m[Knote: [m[Kcandidate: ‘[01m[Kstd::pair<std::__cxx11::basic_string<char>, BT::PortInfo> BT::InputPort(BT::StringView, BT::StringView) [with T = double; BT::StringView = std::basic_string_view<char>][m[K’
  484 | [01;36m[KInputPort[m[K(StringView name, StringView description = {})
      | [01;36m[K^~~~~~~~~[m[K
[01m[K/home/bobdobchob/osu-uwrt/development/software/install/behaviortree_cpp/include/behaviortree_cpp/basic_types.h:484:39:[m[K [01;36m[Knote: [m[K  no known conversion for argument 2 from ‘[01m[Kdouble[m[K’ to ‘[01m[KBT::StringView[m[K’ {aka ‘[01m[Kstd::basic_string_view<char>[m[K’}
  484 | InputPort(StringView name, [01;36m[KStringView description = {}[m[K)
      |                            [01;36m[K~~~~~~~~~~~^~~~~~~~~~~~~~~~[m[K
[01m[K/home/bobdobchob/osu-uwrt/development/software/install/behaviortree_cpp/include/behaviortree_cpp/basic_types.h:554:1:[m[K [01;36m[Knote: [m[Kcandidate: ‘[01m[Ktemplate<class T, class DefaultT> std::pair<std::__cxx11::basic_string<char>, BT::PortInfo> BT::InputPort(BT::StringView, const DefaultT&, BT::StringView)[m[K’
  554 | [01;36m[KInputPort[m[K(StringView name, const DefaultT& default_value, StringView description)
      | [01;36m[K^~~~~~~~~[m[K
[01m[K/home/bobdobchob/osu-uwrt/development/software/install/behaviortree_cpp/include/behaviortree_cpp/basic_types.h:554:1:[m[K [01;36m[Knote: [m[K  template argument deduction/substitution failed:
In file included from [01m[K/home/bobdobchob/osu-uwrt/development/software/src/mercury_autonomy/mercury_autonomy/test/test_legacy_action_nodes.cpp:15[m[K:
[01m[K/home/bobdobchob/osu-uwrt/development/software/src/mercury_autonomy/mercury_autonomy/include/mercury_autonomy/bt_actions/set_controller_safe_mode.hpp:21:28:[m[K [01;36m[Knote: [m[K  candidate expects 3 arguments, 2 provided
   21 |       [01;36m[KBT::InputPort<double>("timeout_secs", 0.0)[m[K,
      |       [01;36m[K~~~~~~~~~~~~~~~~~~~~~^~~~~~~~~~~~~~~~~~~~~[m[K
[01m[K/home/bobdobchob/osu-uwrt/development/software/src/mercury_autonomy/mercury_autonomy/include/mercury_autonomy/bt_actions/set_controller_safe_mode.hpp:22:5:[m[K [01;31m[Kerror: [m[Kcould not convert ‘[01m[K{<expression error>, <expression error>}[m[K’ from ‘[01m[K<brace-enclosed initializer list>[m[K’ to ‘[01m[KBT::PortsList[m[K’ {aka ‘[01m[Kstd::unordered_map<std::__cxx11::basic_string<char>, BT::PortInfo>[m[K’}
   22 |     [01;31m[K}[m[K;
      |     [01;31m[K^[m[K
      |     [01;31m[K|[m[K
      |     [01;31m[K<brace-enclosed initializer list>[m[K
In file included from [01m[K/home/bobdobchob/osu-uwrt/development/software/src/mercury_autonomy/mercury_autonomy/src/register_actions.cpp:22[m[K:
[01m[K/home/bobdobchob/osu-uwrt/development/software/src/mercury_autonomy/mercury_autonomy/include/mercury_autonomy/bt_actions/set_controller_safe_mode.hpp:[m[K In static member function ‘[01m[Kstatic BT::PortsList mercury_autonomy::SetControllerSafeMode::providedPorts()[m[K’:
[01m[K/home/bobdobchob/osu-uwrt/development/software/src/mercury_autonomy/mercury_autonomy/include/mercury_autonomy/bt_actions/set_controller_safe_mode.hpp:20:26:[m[K [01;31m[Kerror: [m[Kno matching function for call to ‘[01m[KInputPort<bool>(const char [5], bool)[m[K’
   20 |       [01;31m[KBT::InputPort<bool>("safe", true)[m[K,
      |       [01;31m[K~~~~~~~~~~~~~~~~~~~^~~~~~~~~~~~~~[m[K
In file included from [01m[K/home/bobdobchob/osu-uwrt/development/software/install/behaviortree_cpp/include/behaviortree_cpp/tree_node.h:16[m[K,
                 from [01m[K/home/bobdobchob/osu-uwrt/development/software/install/behaviortree_cpp/include/behaviortree_cpp/leaf_node.h:17[m[K,
                 from [01m[K/home/bobdobchob/osu-uwrt/development/software/install/behaviortree_cpp/include/behaviortree_cpp/action_node.h:17[m[K,
                 from [01m[K/home/bobdobchob/osu-uwrt/development/software/install/behaviortree_cpp/include/behaviortree_cpp/behavior_tree.h:16[m[K,
                 from [01m[K/home/bobdobchob/osu-uwrt/development/software/src/mercury_autonomy/mercury_autonomy/include/mercury_autonomy/autonomy_base.hpp:15[m[K,
                 from [01m[K/home/bobdobchob/osu-uwrt/development/software/src/mercury_autonomy/mercury_autonomy/include/mercury_autonomy/autonomy_lib.hpp:6[m[K,
                 from [01m[K/home/bobdobchob/osu-uwrt/development/software/src/mercury_autonomy/mercury_autonomy/include/mercury_autonomy/bt_actions/example_action.hpp:14[m[K,
                 from [01m[K/home/bobdobchob/osu-uwrt/development/software/src/mercury_autonomy/mercury_autonomy/src/register_actions.cpp:4[m[K:
[01m[K/home/bobdobchob/osu-uwrt/development/software/install/behaviortree_cpp/include/behaviortree_cpp/basic_types.h:484:1:[m[K [01;36m[Knote: [m[Kcandidate: ‘[01m[Kstd::pair<std::__cxx11::basic_string<char>, BT::PortInfo> BT::InputPort(BT::StringView, BT::StringView) [with T = bool; BT::StringView = std::basic_string_view<char>][m[K’
  484 | [01;36m[KInputPort[m[K(StringView name, StringView description = {})
      | [01;36m[K^~~~~~~~~[m[K
[01m[K/home/bobdobchob/osu-uwrt/development/software/install/behaviortree_cpp/include/behaviortree_cpp/basic_types.h:484:39:[m[K [01;36m[Knote: [m[K  no known conversion for argument 2 from ‘[01m[Kbool[m[K’ to ‘[01m[KBT::StringView[m[K’ {aka ‘[01m[Kstd::basic_string_view<char>[m[K’}
  484 | InputPort(StringView name, [01;36m[KStringView description = {}[m[K)
      |                            [01;36m[K~~~~~~~~~~~^~~~~~~~~~~~~~~~[m[K
[01m[K/home/bobdobchob/osu-uwrt/development/software/install/behaviortree_cpp/include/behaviortree_cpp/basic_types.h:554:1:[m[K [01;36m[Knote: [m[Kcandidate: ‘[01m[Ktemplate<class T, class DefaultT> std::pair<std::__cxx11::basic_string<char>, BT::PortInfo> BT::InputPort(BT::StringView, const DefaultT&, BT::StringView)[m[K’
  554 | [01;36m[KInputPort[m[K(StringView name, const DefaultT& default_value, StringView description)
      | [01;36m[K^~~~~~~~~[m[K
[01m[K/home/bobdobchob/osu-uwrt/development/software/install/behaviortree_cpp/include/behaviortree_cpp/basic_types.h:554:1:[m[K [01;36m[Knote: [m[K  template argument deduction/substitution failed:
In file included from [01m[K/home/bobdobchob/osu-uwrt/development/software/src/mercury_autonomy/mercury_autonomy/src/register_actions.cpp:22[m[K:
[01m[K/home/bobdobchob/osu-uwrt/development/software/src/mercury_autonomy/mercury_autonomy/include/mercury_autonomy/bt_actions/set_controller_safe_mode.hpp:20:26:[m[K [01;36m[Knote: [m[K  candidate expects 3 arguments, 2 provided
   20 |       [01;36m[KBT::InputPort<bool>("safe", true)[m[K,
      |       [01;36m[K~~~~~~~~~~~~~~~~~~~^~~~~~~~~~~~~~[m[K
[01m[K/home/bobdobchob/osu-uwrt/development/software/src/mercury_autonomy/mercury_autonomy/include/mercury_autonomy/bt_actions/set_controller_safe_mode.hpp:21:28:[m[K [01;31m[Kerror: [m[Kno matching function for call to ‘[01m[KInputPort<double>(const char [13], double)[m[K’
   21 |       [01;31m[KBT::InputPort<double>("timeout_secs", 0.0)[m[K,
      |       [01;31m[K~~~~~~~~~~~~~~~~~~~~~^~~~~~~~~~~~~~~~~~~~~[m[K
In file included from [01m[K/home/bobdobchob/osu-uwrt/development/software/install/behaviortree_cpp/include/behaviortree_cpp/tree_node.h:16[m[K,
                 from [01m[K/home/bobdobchob/osu-uwrt/development/software/install/behaviortree_cpp/include/behaviortree_cpp/leaf_node.h:17[m[K,
                 from [01m[K/home/bobdobchob/osu-uwrt/development/software/install/behaviortree_cpp/include/behaviortree_cpp/action_node.h:17[m[K,
                 from [01m[K/home/bobdobchob/osu-uwrt/development/software/install/behaviortree_cpp/include/behaviortree_cpp/behavior_tree.h:16[m[K,
                 from [01m[K/home/bobdobchob/osu-uwrt/development/software/src/mercury_autonomy/mercury_autonomy/include/mercury_autonomy/autonomy_base.hpp:15[m[K,
                 from [01m[K/home/bobdobchob/osu-uwrt/development/software/src/mercury_autonomy/mercury_autonomy/include/mercury_autonomy/autonomy_lib.hpp:6[m[K,
                 from [01m[K/home/bobdobchob/osu-uwrt/development/software/src/mercury_autonomy/mercury_autonomy/include/mercury_autonomy/bt_actions/example_action.hpp:14[m[K,
                 from [01m[K/home/bobdobchob/osu-uwrt/development/software/src/mercury_autonomy/mercury_autonomy/src/register_actions.cpp:4[m[K:
[01m[K/home/bobdobchob/osu-uwrt/development/software/install/behaviortree_cpp/include/behaviortree_cpp/basic_types.h:484:1:[m[K [01;36m[Knote: [m[Kcandidate: ‘[01m[Kstd::pair<std::__cxx11::basic_string<char>, BT::PortInfo> BT::InputPort(BT::StringView, BT::StringView) [with T = double; BT::StringView = std::basic_string_view<char>][m[K’
  484 | [01;36m[KInputPort[m[K(StringView name, StringView description = {})
      | [01;36m[K^~~~~~~~~[m[K
[01m[K/home/bobdobchob/osu-uwrt/development/software/install/behaviortree_cpp/include/behaviortree_cpp/basic_types.h:484:39:[m[K [01;36m[Knote: [m[K  no known conversion for argument 2 from ‘[01m[Kdouble[m[K’ to ‘[01m[KBT::StringView[m[K’ {aka ‘[01m[Kstd::basic_string_view<char>[m[K’}
  484 | InputPort(StringView name, [01;36m[KStringView description = {}[m[K)
      |                            [01;36m[K~~~~~~~~~~~^~~~~~~~~~~~~~~~[m[K
[01m[K/home/bobdobchob/osu-uwrt/development/software/install/behaviortree_cpp/include/behaviortree_cpp/basic_types.h:554:1:[m[K [01;36m[Knote: [m[Kcandidate: ‘[01m[Ktemplate<class T, class DefaultT> std::pair<std::__cxx11::basic_string<char>, BT::PortInfo> BT::InputPort(BT::StringView, const DefaultT&, BT::StringView)[m[K’
  554 | [01;36m[KInputPort[m[K(StringView name, const DefaultT& default_value, StringView description)
      | [01;36m[K^~~~~~~~~[m[K
[01m[K/home/bobdobchob/osu-uwrt/development/software/install/behaviortree_cpp/include/behaviortree_cpp/basic_types.h:554:1:[m[K [01;36m[Knote: [m[K  template argument deduction/substitution failed:
In file included from [01m[K/home/bobdobchob/osu-uwrt/development/software/src/mercury_autonomy/mercury_autonomy/src/register_actions.cpp:22[m[K:
[01m[K/home/bobdobchob/osu-uwrt/development/software/src/mercury_autonomy/mercury_autonomy/include/mercury_autonomy/bt_actions/set_controller_safe_mode.hpp:21:28:[m[K [01;36m[Knote: [m[K  candidate expects 3 arguments, 2 provided
   21 |       [01;36m[KBT::InputPort<double>("timeout_secs", 0.0)[m[K,
      |       [01;36m[K~~~~~~~~~~~~~~~~~~~~~^~~~~~~~~~~~~~~~~~~~~[m[K
[01m[K/home/bobdobchob/osu-uwrt/development/software/src/mercury_autonomy/mercury_autonomy/include/mercury_autonomy/bt_actions/set_controller_safe_mode.hpp:22:5:[m[K [01;31m[Kerror: [m[Kcould not convert ‘[01m[K{<expression error>, <expression error>}[m[K’ from ‘[01m[K<brace-enclosed initializer list>[m[K’ to ‘[01m[KBT::PortsList[m[K’ {aka ‘[01m[Kstd::unordered_map<std::__cxx11::basic_string<char>, BT::PortInfo>[m[K’}
   22 |     [01;31m[K}[m[K;
      |     [01;31m[K^[m[K
      |     [01;31m[K|[m[K
      |     [01;31m[K<brace-enclosed initializer list>[m[K
gmake[2]: *** [CMakeFiles/mercury_bt_actions.dir/build.make:272: CMakeFiles/mercury_bt_actions.dir/src/bt_actions/publish_int8.cpp.o] Error 1
gmake[2]: *** Waiting for unfinished jobs....
gmake[2]: *** [CMakeFiles/mercury_bt_actions.dir/build.make:104: CMakeFiles/mercury_bt_actions.dir/src/bt_actions/compute_frame_alignment.cpp.o] Error 1
gmake[2]: *** [CMakeFiles/mercury_bt_actions.dir/build.make:314: CMakeFiles/mercury_bt_actions.dir/src/bt_actions/set_controller_safe_mode.cpp.o] Error 1
gmake[2]: *** [CMakeFiles/mercury_bt_actions.dir/build.make:286: CMakeFiles/mercury_bt_actions.dir/src/bt_actions/publish_to_controller.cpp.o] Error 1
gmake[2]: *** [CMakeFiles/test_legacy_action_nodes.dir/build.make:76: CMakeFiles/test_legacy_action_nodes.dir/test/test_legacy_action_nodes.cpp.o] Error 1
gmake[1]: *** [CMakeFiles/Makefile2:567: CMakeFiles/test_legacy_action_nodes.dir/all] Error 2
gmake[1]: *** Waiting for unfinished jobs....
gmake[2]: *** [CMakeFiles/mercury_bt_actions.dir/build.make:412: CMakeFiles/mercury_bt_actions.dir/src/register_actions.cpp.o] Error 1
gmake[2]: *** [CMakeFiles/mercury_bt_actions.dir/build.make:258: CMakeFiles/mercury_bt_actions.dir/src/bt_actions/publish_ekf_pose.cpp.o] Error 1
gmake[1]: *** [CMakeFiles/Makefile2:209: CMakeFiles/mercury_bt_actions.dir/all] Error 2
gmake: *** [Makefile:146: all] Error 2
