[0.007s] Invoking command in '/home/bobdobchob/osu-uwrt/development/software/src/mercury_autonomy/build/mercury_autonomy': CMAKE_PREFIX_PATH=${CMAKE_PREFIX_PATH}:/home/bobdobchob/osu-uwrt/development/software/install/mercury_launch:/home/bobdobchob/osu-uwrt/development/software/install/riptide_bringup2:/home/bobdobchob/osu-uwrt/development/software/install/remote_launch:/home/bobdobchob/osu-uwrt/development/software/src/install/riptide_bringup2:/home/bobdobchob/osu-uwrt/development/software/src/install/remote_launch:/opt/ros/humble /usr/bin/cmake --build /home/bobdobchob/osu-uwrt/development/software/src/mercury_autonomy/build/mercury_autonomy -- -j24 -l24
[0.035s] [35m[1mConsolidate compiler generated dependencies of target mercury_autonomy_core[0m
[0.039s] [  2%] Built target gtest_main
[0.039s] [  4%] Built target gtest
[0.045s] [  8%] Built target mercury_autonomy_core
[0.052s] [35m[1mConsolidate compiler generated dependencies of target test_legacy_action_nodes[0m
[0.052s] [35m[1mConsolidate compiler generated dependencies of target tree_executor[0m
[0.053s] [35m[1mConsolidate compiler generated dependencies of target test_tree_executor[0m
[0.054s] [35m[1mConsolidate compiler generated dependencies of target test_approx_equal_to[0m
[0.054s] [35m[1mConsolidate compiler generated dependencies of target mercury_bt_decorators[0m
[0.054s] [35m[1mConsolidate compiler generated dependencies of target test_topic_nodes[0m
[0.054s] [35m[1mConsolidate compiler generated dependencies of target test_transform_pose[0m
[0.055s] [35m[1mConsolidate compiler generated dependencies of target test_decorator_nodes[0m
[0.055s] [35m[1mConsolidate compiler generated dependencies of target test_service_nodes[0m
[0.056s] [35m[1mConsolidate compiler generated dependencies of target test_sensor_nodes[0m
[0.056s] [35m[1mConsolidate compiler generated dependencies of target test_publish_nodes[0m
[0.056s] [35m[1mConsolidate compiler generated dependencies of target test_condition_nodes[0m
[0.058s] [35m[1mConsolidate compiler generated dependencies of target mercury_bt_conditions[0m
[0.064s] [ 11%] Built target test_tree_executor
[0.065s] [ 12%] [32mBuilding CXX object CMakeFiles/test_legacy_action_nodes.dir/test/test_legacy_action_nodes.cpp.o[0m
[0.065s] [ 14%] Built target tree_executor
[0.069s] [ 18%] Built target test_approx_equal_to
[0.072s] [ 22%] Built target test_decorator_nodes
[0.072s] [35m[1mConsolidate compiler generated dependencies of target mercury_bt_actions[0m
[0.072s] [ 25%] Built target test_transform_pose
[0.074s] [ 30%] Built target test_service_nodes
[0.075s] [ 35%] Built target test_topic_nodes
[0.075s] [ 45%] Built target test_publish_nodes
[0.075s] [ 45%] Built target mercury_bt_decorators
[0.075s] [ 51%] Built target test_condition_nodes
[0.076s] [ 58%] Built target test_sensor_nodes
[0.077s] [ 66%] Built target mercury_bt_conditions
[0.112s] [ 69%] [32mBuilding CXX object CMakeFiles/mercury_bt_actions.dir/src/bt_actions/get_covariance.cpp.o[0m
[0.112s] [ 69%] [32mBuilding CXX object CMakeFiles/mercury_bt_actions.dir/src/bt_actions/compute_frame_alignment.cpp.o[0m
[0.112s] [ 71%] [32mBuilding CXX object CMakeFiles/mercury_bt_actions.dir/src/bt_actions/get_mapping_state.cpp.o[0m
[0.112s] [ 71%] [32mBuilding CXX object CMakeFiles/mercury_bt_actions.dir/src/bt_actions/get_float64_topic.cpp.o[0m
[0.113s] [ 72%] [32mBuilding CXX object CMakeFiles/mercury_bt_actions.dir/src/bt_actions/publish_ekf_pose.cpp.o[0m
[0.114s] [ 75%] [32mBuilding CXX object CMakeFiles/mercury_bt_actions.dir/src/bt_actions/publish_to_controller.cpp.o[0m
[0.114s] [ 75%] [32mBuilding CXX object CMakeFiles/mercury_bt_actions.dir/src/bt_actions/publish_int8.cpp.o[0m
[0.114s] [ 76%] [32mBuilding CXX object CMakeFiles/mercury_bt_actions.dir/src/bt_actions/publish_twist.cpp.o[0m
[0.115s] [ 77%] [32mBuilding CXX object CMakeFiles/mercury_bt_actions.dir/src/bt_actions/set_controller_safe_mode.cpp.o[0m
[0.116s] [ 79%] [32mBuilding CXX object CMakeFiles/mercury_bt_actions.dir/src/bt_actions/set_mapping_target.cpp.o[0m
[0.116s] [ 80%] [32mBuilding CXX object CMakeFiles/mercury_bt_actions.dir/src/bt_actions/set_status.cpp.o[0m
[0.119s] [ 81%] [32mBuilding CXX object CMakeFiles/mercury_bt_actions.dir/src/bt_actions/transform_pose.cpp.o[0m
[0.119s] [ 82%] [32mBuilding CXX object CMakeFiles/mercury_bt_actions.dir/src/bt_actions/trigger_controller_stunt.cpp.o[0m
[0.120s] [ 83%] [32mBuilding CXX object CMakeFiles/mercury_bt_actions.dir/src/bt_actions/wait.cpp.o[0m
[0.122s] [ 85%] [32mBuilding CXX object CMakeFiles/mercury_bt_actions.dir/src/bt_actions/wait_for_detection.cpp.o[0m
[0.123s] [ 86%] [32mBuilding CXX object CMakeFiles/mercury_bt_actions.dir/src/register_actions.cpp.o[0m
[2.550s] [01m[K/home/bobdobchob/osu-uwrt/development/software/src/mercury_autonomy/mercury_autonomy/src/bt_actions/compute_frame_alignment.cpp:[m[K In member function ‘[01m[Kvirtual BT::NodeStatus mercury_autonomy::ComputeFrameAlignment::onRunning()[m[K’:
[2.550s] [01m[K/home/bobdobchob/osu-uwrt/development/software/src/mercury_autonomy/mercury_autonomy/src/bt_actions/compute_frame_alignment.cpp:45:37:[m[K [01;31m[Kerror: [m[K‘[01m[K::geometryMsgsToTf2Transform[m[K’ has not been declared
[2.550s]    45 |     const tf2::Transform tf_ttb = ::[01;31m[KgeometryMsgsToTf2Transform[m[K(geom_ttb_);
[2.551s]       |                                     [01;31m[K^~~~~~~~~~~~~~~~~~~~~~~~~~[m[K
[2.559s] [01m[K/home/bobdobchob/osu-uwrt/development/software/src/mercury_autonomy/mercury_autonomy/src/bt_actions/compute_frame_alignment.cpp:46:37:[m[K [01;31m[Kerror: [m[K‘[01m[K::geometryMsgsToTf2Transform[m[K’ has not been declared
[2.559s]    46 |     const tf2::Transform tf_twr = ::[01;31m[KgeometryMsgsToTf2Transform[m[K(geom_twr_);
[2.559s]       |                                     [01;31m[K^~~~~~~~~~~~~~~~~~~~~~~~~~[m[K
[2.567s] [01m[K/home/bobdobchob/osu-uwrt/development/software/src/mercury_autonomy/mercury_autonomy/src/bt_actions/compute_frame_alignment.cpp:47:37:[m[K [01;31m[Kerror: [m[K‘[01m[K::geometryMsgsToTf2Transform[m[K’ has not been declared
[2.567s]    47 |     const tf2::Transform tf_trt = ::[01;31m[KgeometryMsgsToTf2Transform[m[K(input_pose_);
[2.567s]       |                                     [01;31m[K^~~~~~~~~~~~~~~~~~~~~~~~~~[m[K
[2.576s] [01m[K/home/bobdobchob/osu-uwrt/development/software/src/mercury_autonomy/mercury_autonomy/src/bt_actions/compute_frame_alignment.cpp:50:24:[m[K [01;31m[Kerror: [m[K‘[01m[K::tf2TransformToGeometryMsgs[m[K’ has not been declared
[2.576s]    50 |     const auto out = ::[01;31m[Ktf2TransformToGeometryMsgs[m[K(tf_twb);
[2.576s]       |                        [01;31m[K^~~~~~~~~~~~~~~~~~~~~~~~~~[m[K
[2.590s] In file included from [01m[K/home/bobdobchob/osu-uwrt/development/software/src/mercury_autonomy/mercury_autonomy/src/bt_actions/publish_int8.cpp:3[m[K:
[2.590s] [01m[K/home/bobdobchob/osu-uwrt/development/software/src/mercury_autonomy/mercury_autonomy/include/mercury_autonomy/bt_actions/publish_int8.hpp:32:36:[m[K [01;31m[Kerror: [m[K‘[01m[KUInt16[m[K’ is not a member of ‘[01m[Kstd_msgs::msg[m[K’
[2.590s]    32 |   rclcpp::Publisher<std_msgs::msg::[01;31m[KUInt16[m[K>::SharedPtr pub_;
[2.590s]       |                                    [01;31m[K^~~~~~[m[K
[2.590s] [01m[K/home/bobdobchob/osu-uwrt/development/software/src/mercury_autonomy/mercury_autonomy/include/mercury_autonomy/bt_actions/publish_int8.hpp:32:42:[m[K [01;31m[Kerror: [m[Ktemplate argument 1 is invalid
[2.590s]    32 |   rclcpp::Publisher<std_msgs::msg::UInt16[01;31m[K>[m[K::SharedPtr pub_;
[2.590s]       |                                          [01;31m[K^[m[K
[2.590s] [01m[K/home/bobdobchob/osu-uwrt/development/software/src/mercury_autonomy/mercury_autonomy/include/mercury_autonomy/bt_actions/publish_int8.hpp:32:45:[m[K [01;31m[Kerror: [m[Kexpected ‘[01m[K;[m[K’ at end of member declaration
[2.590s]    32 |   rclcpp::Publisher<std_msgs::msg::UInt16>::[01;31m[KSharedPtr[m[K pub_;
[2.590s]       |                                             [01;31m[K^~~~~~~~~[m[K
[2.590s]       |                                                      [32m[K;[m[K
[2.591s] [01m[K/home/bobdobchob/osu-uwrt/development/software/src/mercury_autonomy/mercury_autonomy/include/mercury_autonomy/bt_actions/publish_int8.hpp:32:55:[m[K [01;31m[Kerror: [m[K‘[01m[Kpub_[m[K’ does not name a type
[2.591s]    32 |   rclcpp::Publisher<std_msgs::msg::UInt16>::SharedPtr [01;31m[Kpub_[m[K;
[2.591s]       |                                                       [01;31m[K^~~~[m[K
[2.595s] [01m[K/home/bobdobchob/osu-uwrt/development/software/src/mercury_autonomy/mercury_autonomy/src/bt_actions/publish_int8.cpp:[m[K In member function ‘[01m[Kvirtual BT::NodeStatus mercury_autonomy::PublishInt8::onStart()[m[K’:
[2.595s] [01m[K/home/bobdobchob/osu-uwrt/development/software/src/mercury_autonomy/mercury_autonomy/src/bt_actions/publish_int8.cpp:20:8:[m[K [01;31m[Kerror: [m[K‘[01m[Kpub_[m[K’ was not declared in this scope
[2.595s]    20 |   if (![01;31m[Kpub_[m[K || topic.value() != last_topic_) {
[2.595s]       |        [01;31m[K^~~~[m[K
[2.596s] [01m[K/home/bobdobchob/osu-uwrt/development/software/src/mercury_autonomy/mercury_autonomy/src/bt_actions/publish_int8.cpp:21:55:[m[K [01;31m[Kerror: [m[K‘[01m[KUInt16[m[K’ is not a member of ‘[01m[Kstd_msgs::msg[m[K’
[2.596s]    21 |     pub_ = rosNode()->create_publisher<std_msgs::msg::[01;31m[KUInt16[m[K>(topic.value(), 10);
[2.596s]       |                                                       [01;31m[K^~~~~~[m[K
[2.596s] [01m[K/home/bobdobchob/osu-uwrt/development/software/src/mercury_autonomy/mercury_autonomy/src/bt_actions/publish_int8.cpp:21:62:[m[K [01;31m[Kerror: [m[Kno matching function for call to ‘[01m[Krclcpp::Node::create_publisher<<expression error> >(nonstd::expected_lite::expected<std::__cxx11::basic_string<char>, std::__cxx11::basic_string<char> >::value_type&, int)[m[K’
[2.596s]    21 |     pub_ = [01;31m[KrosNode()->create_publisher<std_msgs::msg::UInt16>(topic.value(), 10)[m[K;
[2.596s]       |            [01;31m[K~~~~~~~~~~~~~~~~~~~~~~~~~~~~~~~~~~~~~~~~~~~~~~~~~~^~~~~~~~~~~~~~~~~~~[m[K
[2.596s] In file included from [01m[K/opt/ros/humble/include/rclcpp/rclcpp/executors/single_threaded_executor.hpp:28[m[K,
[2.596s]                  from [01m[K/opt/ros/humble/include/rclcpp/rclcpp/executors.hpp:22[m[K,
[2.596s]                  from [01m[K/opt/ros/humble/include/rclcpp/rclcpp/rclcpp.hpp:155[m[K,
[2.596s]                  from [01m[K/home/bobdobchob/osu-uwrt/development/software/src/mercury_autonomy/mercury_autonomy/include/mercury_autonomy/autonomy_base.hpp:20[m[K,
[2.596s]                  from [01m[K/home/bobdobchob/osu-uwrt/development/software/src/mercury_autonomy/mercury_autonomy/include/mercury_autonomy/autonomy_lib.hpp:6[m[K,
[2.596s]                  from [01m[K/home/bobdobchob/osu-uwrt/development/software/src/mercury_autonomy/mercury_autonomy/include/mercury_autonomy/bt_actions/publish_int8.hpp:5[m[K,
[2.596s]                  from [01m[K/home/bobdobchob/osu-uwrt/development/software/src/mercury_autonomy/mercury_autonomy/src/bt_actions/publish_int8.cpp:3[m[K:
[2.596s] [01m[K/opt/ros/humble/include/rclcpp/rclcpp/node.hpp:195:3:[m[K [01;36m[Knote: [m[Kcandidate: ‘[01m[Ktemplate<class MessageT, class AllocatorT, class PublisherT> std::shared_ptr<PublisherT> rclcpp::Node::create_publisher(const string&, const rclcpp::QoS&, const rclcpp::PublisherOptionsWithAllocator<AllocatorT>&)[m[K’
[2.596s]   195 |   [01;36m[Kcreate_publisher[m[K(
[2.597s]       |   [01;36m[K^~~~~~~~~~~~~~~~[m[K
[2.597s] [01m[K/opt/ros/humble/include/rclcpp/rclcpp/node.hpp:195:3:[m[K [01;36m[Knote: [m[K  template argument deduction/substitution failed:
[2.597s] [01m[K/home/bobdobchob/osu-uwrt/development/software/src/mercury_autonomy/mercury_autonomy/src/bt_actions/publish_int8.cpp:21:62:[m[K [01;31m[Kerror: [m[Ktemplate argument 1 is invalid
[2.597s]    21 |     pub_ = [01;31m[KrosNode()->create_publisher<std_msgs::msg::UInt16>(topic.value(), 10)[m[K;
[2.597s]       |            [01;31m[K~~~~~~~~~~~~~~~~~~~~~~~~~~~~~~~~~~~~~~~~~~~~~~~~~~^~~~~~~~~~~~~~~~~~~[m[K
[2.597s] [01m[K/home/bobdobchob/osu-uwrt/development/software/src/mercury_autonomy/mercury_autonomy/src/bt_actions/publish_int8.cpp:28:18:[m[K [01;31m[Kerror: [m[K‘[01m[KUInt16[m[K’ is not a member of ‘[01m[Kstd_msgs::msg[m[K’
[2.597s]    28 |   std_msgs::msg::[01;31m[KUInt16[m[K msg;
[2.597s]       |                  [01;31m[K^~~~~~[m[K
[2.597s] [01m[K/home/bobdobchob/osu-uwrt/development/software/src/mercury_autonomy/mercury_autonomy/src/bt_actions/publish_int8.cpp:29:3:[m[K [01;31m[Kerror: [m[K‘[01m[Kmsg[m[K’ was not declared in this scope
[2.597s]    29 |   [01;31m[Kmsg[m[K.data = static_cast<uint16_t>(data);
[2.597s]       |   [01;31m[K^~~[m[K
[2.597s] [01m[K/home/bobdobchob/osu-uwrt/development/software/src/mercury_autonomy/mercury_autonomy/src/bt_actions/publish_int8.cpp:29:3:[m[K [01;36m[Knote: [m[Ksuggested alternatives:
[2.597s] In file included from [01m[K/opt/ros/humble/include/builtin_interfaces/builtin_interfaces/msg/duration.hpp:7[m[K,
[2.597s]                  from [01m[K/opt/ros/humble/include/rclcpp/rclcpp/duration.hpp:20[m[K,
[2.597s]                  from [01m[K/opt/ros/humble/include/rclcpp/rclcpp/qos.hpp:20[m[K,
[2.597s]                  from [01m[K/opt/ros/humble/include/rclcpp/rclcpp/node_interfaces/node_graph_interface.hpp:32[m[K,
[2.597s]                  from [01m[K/opt/ros/humble/include/rclcpp/rclcpp/client.hpp:42[m[K,
[2.597s]                  from [01m[K/opt/ros/humble/include/rclcpp/rclcpp/callback_group.hpp:24[m[K,
[2.597s]                  from [01m[K/opt/ros/humble/include/rclcpp/rclcpp/any_executable.hpp:20[m[K,
[2.597s]                  from [01m[K/opt/ros/humble/include/rclcpp/rclcpp/memory_strategy.hpp:25[m[K,
[2.597s]                  from [01m[K/opt/ros/humble/include/rclcpp/rclcpp/memory_strategies.hpp:18[m[K,
[2.597s]                  from [01m[K/opt/ros/humble/include/rclcpp/rclcpp/executor_options.hpp:20[m[K,
[2.597s]                  from [01m[K/opt/ros/humble/include/rclcpp/rclcpp/executor.hpp:37[m[K,
[2.597s]                  from [01m[K/opt/ros/humble/include/rclcpp/rclcpp/executors/multi_threaded_executor.hpp:25[m[K,
[2.597s]                  from [01m[K/opt/ros/humble/include/rclcpp/rclcpp/executors.hpp:21[m[K,
[2.598s]                  from [01m[K/opt/ros/humble/include/rclcpp/rclcpp/rclcpp.hpp:155[m[K,
[2.598s]                  from [01m[K/home/bobdobchob/osu-uwrt/development/software/src/mercury_autonomy/mercury_autonomy/include/mercury_autonomy/autonomy_base.hpp:20[m[K,
[2.598s]                  from [01m[K/home/bobdobchob/osu-uwrt/development/software/src/mercury_autonomy/mercury_autonomy/include/mercury_autonomy/autonomy_lib.hpp:6[m[K,
[2.598s]                  from [01m[K/home/bobdobchob/osu-uwrt/development/software/src/mercury_autonomy/mercury_autonomy/include/mercury_autonomy/bt_actions/publish_int8.hpp:5[m[K,
[2.598s]                  from [01m[K/home/bobdobchob/osu-uwrt/development/software/src/mercury_autonomy/mercury_autonomy/src/bt_actions/publish_int8.cpp:3[m[K:
[2.598s] [01m[K/opt/ros/humble/include/builtin_interfaces/builtin_interfaces/msg/detail/duration__struct.hpp:27:11:[m[K [01;36m[Knote: [m[K  ‘[01m[Kbuiltin_interfaces::msg[m[K’
[2.598s]    27 | namespace [01;36m[Kmsg[m[K
[2.598s]       |           [01;36m[K^~~[m[K
[2.598s] In file included from [01m[K/opt/ros/humble/include/rcl_interfaces/rcl_interfaces/msg/set_parameters_result.hpp:7[m[K,
[2.598s]                  from [01m[K/opt/ros/humble/include/rclcpp/rclcpp/qos_overriding_options.hpp:28[m[K,
[2.598s]                  from [01m[K/opt/ros/humble/include/rclcpp/rclcpp/subscription_options.hpp:30[m[K,
[2.598s]                  from [01m[K/opt/ros/humble/include/rclcpp/rclcpp/subscription.hpp:45[m[K,
[2.598s]                  from [01m[K/opt/ros/humble/include/rclcpp/rclcpp/any_executable.hpp:25[m[K,
[2.598s]                  from [01m[K/opt/ros/humble/include/rclcpp/rclcpp/memory_strategy.hpp:25[m[K,
[2.598s]                  from [01m[K/opt/ros/humble/include/rclcpp/rclcpp/memory_strategies.hpp:18[m[K,
[2.598s]                  from [01m[K/opt/ros/humble/include/rclcpp/rclcpp/executor_options.hpp:20[m[K,
[2.598s]                  from [01m[K/opt/ros/humble/include/rclcpp/rclcpp/executor.hpp:37[m[K,
[2.598s]                  from [01m[K/opt/ros/humble/include/rclcpp/rclcpp/executors/multi_threaded_executor.hpp:25[m[K,
[2.598s]                  from [01m[K/opt/ros/humble/include/rclcpp/rclcpp/executors.hpp:21[m[K,
[2.598s]                  from [01m[K/opt/ros/humble/include/rclcpp/rclcpp/rclcpp.hpp:155[m[K,
[2.598s]                  from [01m[K/home/bobdobchob/osu-uwrt/development/software/src/mercury_autonomy/mercury_autonomy/include/mercury_autonomy/autonomy_base.hpp:20[m[K,
[2.598s]                  from [01m[K/home/bobdobchob/osu-uwrt/development/software/src/mercury_autonomy/mercury_autonomy/include/mercury_autonomy/autonomy_lib.hpp:6[m[K,
[2.598s]                  from [01m[K/home/bobdobchob/osu-uwrt/development/software/src/mercury_autonomy/mercury_autonomy/include/mercury_autonomy/bt_actions/publish_int8.hpp:5[m[K,
[2.598s]                  from [01m[K/home/bobdobchob/osu-uwrt/development/software/src/mercury_autonomy/mercury_autonomy/src/bt_actions/publish_int8.cpp:3[m[K:
[2.598s] [01m[K/opt/ros/humble/include/rcl_interfaces/rcl_interfaces/msg/detail/set_parameters_result__struct.hpp:27:11:[m[K [01;36m[Knote: [m[K  ‘[01m[Krcl_interfaces::msg[m[K’
[2.598s]    27 | namespace [01;36m[Kmsg[m[K
[2.598s]       |           [01;36m[K^~~[m[K
[2.598s] In file included from [01m[K/opt/ros/humble/include/statistics_msgs/statistics_msgs/msg/detail/metrics_message__struct.hpp:23[m[K,
[2.598s]                  from [01m[K/opt/ros/humble/include/statistics_msgs/statistics_msgs/msg/metrics_message.hpp:7[m[K,
[2.598s]                  from [01m[K/opt/ros/humble/include/libstatistics_collector/libstatistics_collector/collector/generate_statistics_message.hpp:21[m[K,
[2.598s]                  from [01m[K/opt/ros/humble/include/rclcpp/rclcpp/topic_statistics/subscription_topic_statistics.hpp:23[m[K,
[2.598s]                  from [01m[K/opt/ros/humble/include/rclcpp/rclcpp/subscription.hpp:50[m[K,
[2.598s]                  from [01m[K/opt/ros/humble/include/rclcpp/rclcpp/any_executable.hpp:25[m[K,
[2.598s]                  from [01m[K/opt/ros/humble/include/rclcpp/rclcpp/memory_strategy.hpp:25[m[K,
[2.598s]                  from [01m[K/opt/ros/humble/include/rclcpp/rclcpp/memory_strategies.hpp:18[m[K,
[2.598s]                  from [01m[K/opt/ros/humble/include/rclcpp/rclcpp/executor_options.hpp:20[m[K,
[2.598s]                  from [01m[K/opt/ros/humble/include/rclcpp/rclcpp/executor.hpp:37[m[K,
[2.598s]                  from [01m[K/opt/ros/humble/include/rclcpp/rclcpp/executors/multi_threaded_executor.hpp:25[m[K,
[2.598s]                  from [01m[K/opt/ros/humble/include/rclcpp/rclcpp/executors.hpp:21[m[K,
[2.599s]                  from [01m[K/opt/ros/humble/include/rclcpp/rclcpp/rclcpp.hpp:155[m[K,
[2.599s]                  from [01m[K/home/bobdobchob/osu-uwrt/development/software/src/mercury_autonomy/mercury_autonomy/include/mercury_autonomy/autonomy_base.hpp:20[m[K,
[2.599s]                  from [01m[K/home/bobdobchob/osu-uwrt/development/software/src/mercury_autonomy/mercury_autonomy/include/mercury_autonomy/autonomy_lib.hpp:6[m[K,
[2.599s]                  from [01m[K/home/bobdobchob/osu-uwrt/development/software/src/mercury_autonomy/mercury_autonomy/include/mercury_autonomy/bt_actions/publish_int8.hpp:5[m[K,
[2.599s]                  from [01m[K/home/bobdobchob/osu-uwrt/development/software/src/mercury_autonomy/mercury_autonomy/src/bt_actions/publish_int8.cpp:3[m[K:
[2.599s] [01m[K/opt/ros/humble/include/statistics_msgs/statistics_msgs/msg/detail/statistic_data_point__struct.hpp:27:11:[m[K [01;36m[Knote: [m[K  ‘[01m[Kstatistics_msgs::msg[m[K’
[2.599s]    27 | namespace [01;36m[Kmsg[m[K
[2.599s]       |           [01;36m[K^~~[m[K
[2.599s] In file included from [01m[K/opt/ros/humble/include/action_msgs/action_msgs/msg/detail/goal_info__struct.hpp:20[m[K,
[2.599s]                  from [01m[K/opt/ros/humble/include/action_msgs/action_msgs/msg/detail/goal_status__struct.hpp:20[m[K,
[2.599s]                  from [01m[K/opt/ros/humble/include/action_msgs/action_msgs/msg/goal_status.hpp:7[m[K,
[2.599s]                  from [01m[K/opt/ros/humble/include/rclcpp_action/rclcpp_action/client_goal_handle.hpp:25[m[K,
[2.599s]                  from [01m[K/opt/ros/humble/include/rclcpp_action/rclcpp_action/client.hpp:43[m[K,
[2.599s]                  from [01m[K/opt/ros/humble/include/rclcpp_action/rclcpp_action/rclcpp_action.hpp:36[m[K,
[2.599s]                  from [01m[K/home/bobdobchob/osu-uwrt/development/software/src/mercury_autonomy/mercury_autonomy/include/mercury_autonomy/autonomy_base.hpp:21[m[K,
[2.599s]                  from [01m[K/home/bobdobchob/osu-uwrt/development/software/src/mercury_autonomy/mercury_autonomy/include/mercury_autonomy/autonomy_lib.hpp:6[m[K,
[2.599s]                  from [01m[K/home/bobdobchob/osu-uwrt/development/software/src/mercury_autonomy/mercury_autonomy/include/mercury_autonomy/bt_actions/publish_int8.hpp:5[m[K,
[2.599s]                  from [01m[K/home/bobdobchob/osu-uwrt/development/software/src/mercury_autonomy/mercury_autonomy/src/bt_actions/publish_int8.cpp:3[m[K:
[2.599s] [01m[K/opt/ros/humble/include/unique_identifier_msgs/unique_identifier_msgs/msg/detail/uuid__struct.hpp:27:11:[m[K [01;36m[Knote: [m[K  ‘[01m[Kunique_identifier_msgs::msg[m[K’
[2.599s]    27 | namespace [01;36m[Kmsg[m[K
[2.599s]       |           [01;36m[K^~~[m[K
[2.599s] In file included from [01m[K/opt/ros/humble/include/action_msgs/action_msgs/msg/detail/goal_status__struct.hpp:20[m[K,
[2.599s]                  from [01m[K/opt/ros/humble/include/action_msgs/action_msgs/msg/goal_status.hpp:7[m[K,
[2.599s]                  from [01m[K/opt/ros/humble/include/rclcpp_action/rclcpp_action/client_goal_handle.hpp:25[m[K,
[2.599s]                  from [01m[K/opt/ros/humble/include/rclcpp_action/rclcpp_action/client.hpp:43[m[K,
[2.599s]                  from [01m[K/opt/ros/humble/include/rclcpp_action/rclcpp_action/rclcpp_action.hpp:36[m[K,
[2.599s]                  from [01m[K/home/bobdobchob/osu-uwrt/development/software/src/mercury_autonomy/mercury_autonomy/include/mercury_autonomy/autonomy_base.hpp:21[m[K,
[2.599s]                  from [01m[K/home/bobdobchob/osu-uwrt/development/software/src/mercury_autonomy/mercury_autonomy/include/mercury_autonomy/autonomy_lib.hpp:6[m[K,
[2.599s]                  from [01m[K/home/bobdobchob/osu-uwrt/development/software/src/mercury_autonomy/mercury_autonomy/include/mercury_autonomy/bt_actions/publish_int8.hpp:5[m[K,
[2.599s]                  from [01m[K/home/bobdobchob/osu-uwrt/development/software/src/mercury_autonomy/mercury_autonomy/src/bt_actions/publish_int8.cpp:3[m[K:
[2.599s] [01m[K/opt/ros/humble/include/action_msgs/action_msgs/msg/detail/goal_info__struct.hpp:33:11:[m[K [01;36m[Knote: [m[K  ‘[01m[Kaction_msgs::msg[m[K’
[2.599s]    33 | namespace [01;36m[Kmsg[m[K
[2.599s]       |           [01;36m[K^~~[m[K
[2.599s] In file included from [01m[K/opt/ros/humble/include/geometry_msgs/geometry_msgs/msg/detail/transform_stamped__struct.hpp:20[m[K,
[2.599s]                  from [01m[K/opt/ros/humble/include/geometry_msgs/geometry_msgs/msg/transform_stamped.hpp:7[m[K,
[2.599s]                  from [01m[K/opt/ros/humble/include/tf2/tf2/buffer_core.hpp:48[m[K,
[2.599s]                  from [01m[K/opt/ros/humble/include/tf2_ros/tf2_ros/async_buffer_interface.h:39[m[K,
[2.599s]                  from [01m[K/opt/ros/humble/include/tf2_ros/tf2_ros/buffer.h:41[m[K,
[2.599s]                  from [01m[K/home/bobdobchob/osu-uwrt/development/software/src/mercury_autonomy/mercury_autonomy/include/mercury_autonomy/autonomy_base.hpp:28[m[K,
[2.600s]                  from [01m[K/home/bobdobchob/osu-uwrt/development/software/src/mercury_autonomy/mercury_autonomy/include/mercury_autonomy/autonomy_lib.hpp:6[m[K,
[2.600s]                  from [01m[K/home/bobdobchob/osu-uwrt/development/software/src/mercury_autonomy/mercury_autonomy/include/mercury_autonomy/bt_actions/publish_int8.hpp:5[m[K,
[2.600s]                  from [01m[K/home/bobdobchob/osu-uwrt/development/software/src/mercury_autonomy/mercury_autonomy/src/bt_actions/publish_int8.cpp:3[m[K:
[2.600s] [01m[K/opt/ros/humble/include/std_msgs/std_msgs/msg/detail/header__struct.hpp:31:11:[m[K [01;36m[Knote: [m[K  ‘[01m[Kstd_msgs::msg[m[K’
[2.600s]    31 | namespace [01;36m[Kmsg[m[K
[2.600s]       |           [01;36m[K^~~[m[K
[2.600s] In file included from [01m[K/opt/ros/humble/include/geometry_msgs/geometry_msgs/msg/detail/transform__struct.hpp:20[m[K,
[2.600s]                  from [01m[K/opt/ros/humble/include/geometry_msgs/geometry_msgs/msg/detail/transform_stamped__struct.hpp:22[m[K,
[2.600s]                  from [01m[K/opt/ros/humble/include/geometry_msgs/geometry_msgs/msg/transform_stamped.hpp:7[m[K,
[2.600s]                  from [01m[K/opt/ros/humble/include/tf2/tf2/buffer_core.hpp:48[m[K,
[2.600s]                  from [01m[K/opt/ros/humble/include/tf2_ros/tf2_ros/async_buffer_interface.h:39[m[K,
[2.600s]                  from [01m[K/opt/ros/humble/include/tf2_ros/tf2_ros/buffer.h:41[m[K,
[2.600s]                  from [01m[K/home/bobdobchob/osu-uwrt/development/software/src/mercury_autonomy/mercury_autonomy/include/mercury_autonomy/autonomy_base.hpp:28[m[K,
[2.600s]                  from [01m[K/home/bobdobchob/osu-uwrt/development/software/src/mercury_autonomy/mercury_autonomy/include/mercury_autonomy/autonomy_lib.hpp:6[m[K,
[2.600s]                  from [01m[K/home/bobdobchob/osu-uwrt/development/software/src/mercury_autonomy/mercury_autonomy/include/mercury_autonomy/bt_actions/publish_int8.hpp:5[m[K,
[2.600s]                  from [01m[K/home/bobdobchob/osu-uwrt/development/software/src/mercury_autonomy/mercury_autonomy/src/bt_actions/publish_int8.cpp:3[m[K:
[2.600s] [01m[K/opt/ros/humble/include/geometry_msgs/geometry_msgs/msg/detail/vector3__struct.hpp:27:11:[m[K [01;36m[Knote: [m[K  ‘[01m[Kgeometry_msgs::msg[m[K’
[2.600s]    27 | namespace [01;36m[Kmsg[m[K
[2.600s]       |           [01;36m[K^~~[m[K
[2.600s] In file included from [01m[K/opt/ros/humble/include/tf2_msgs/tf2_msgs/msg/tf_message.hpp:7[m[K,
[2.600s]                  from [01m[K/opt/ros/humble/include/tf2_ros/tf2_ros/transform_listener.h:44[m[K,
[2.600s]                  from [01m[K/home/bobdobchob/osu-uwrt/development/software/src/mercury_autonomy/mercury_autonomy/include/mercury_autonomy/autonomy_base.hpp:29[m[K,
[2.600s]                  from [01m[K/home/bobdobchob/osu-uwrt/development/software/src/mercury_autonomy/mercury_autonomy/include/mercury_autonomy/autonomy_lib.hpp:6[m[K,
[2.600s]                  from [01m[K/home/bobdobchob/osu-uwrt/development/software/src/mercury_autonomy/mercury_autonomy/include/mercury_autonomy/bt_actions/publish_int8.hpp:5[m[K,
[2.600s]                  from [01m[K/home/bobdobchob/osu-uwrt/development/software/src/mercury_autonomy/mercury_autonomy/src/bt_actions/publish_int8.cpp:3[m[K:
[2.600s] [01m[K/opt/ros/humble/include/tf2_msgs/tf2_msgs/msg/detail/tf_message__struct.hpp:31:11:[m[K [01;36m[Knote: [m[K  ‘[01m[Ktf2_msgs::msg[m[K’
[2.600s]    31 | namespace [01;36m[Kmsg[m[K
[2.600s]       |           [01;36m[K^~~[m[K
[2.600s] In file included from [01m[K/opt/ros/humble/include/nav_msgs/nav_msgs/msg/odometry.hpp:7[m[K,
[2.600s]                  from [01m[K/home/bobdobchob/osu-uwrt/development/software/src/mercury_autonomy/mercury_autonomy/include/mercury_autonomy/autonomy_base.hpp:39[m[K,
[2.600s]                  from [01m[K/home/bobdobchob/osu-uwrt/development/software/src/mercury_autonomy/mercury_autonomy/include/mercury_autonomy/autonomy_lib.hpp:6[m[K,
[2.600s]                  from [01m[K/home/bobdobchob/osu-uwrt/development/software/src/mercury_autonomy/mercury_autonomy/include/mercury_autonomy/bt_actions/publish_int8.hpp:5[m[K,
[2.600s]                  from [01m[K/home/bobdobchob/osu-uwrt/development/software/src/mercury_autonomy/mercury_autonomy/src/bt_actions/publish_int8.cpp:3[m[K:
[2.600s] [01m[K/opt/ros/humble/include/nav_msgs/nav_msgs/msg/detail/odometry__struct.hpp:35:11:[m[K [01;36m[Knote: [m[K  ‘[01m[Knav_msgs::msg[m[K’
[2.600s]    35 | namespace [01;36m[Kmsg[m[K
[2.600s]       |           [01;36m[K^~~[m[K
[2.600s] In file included from [01m[K/opt/ros/humble/include/sensor_msgs/sensor_msgs/msg/imu.hpp:7[m[K,
[2.600s]                  from [01m[K/home/bobdobchob/osu-uwrt/development/software/src/mercury_autonomy/mercury_autonomy/include/mercury_autonomy/autonomy_base.hpp:40[m[K,
[2.600s]                  from [01m[K/home/bobdobchob/osu-uwrt/development/software/src/mercury_autonomy/mercury_autonomy/include/mercury_autonomy/autonomy_lib.hpp:6[m[K,
[2.601s]                  from [01m[K/home/bobdobchob/osu-uwrt/development/software/src/mercury_autonomy/mercury_autonomy/include/mercury_autonomy/bt_actions/publish_int8.hpp:5[m[K,
[2.601s]                  from [01m[K/home/bobdobchob/osu-uwrt/development/software/src/mercury_autonomy/mercury_autonomy/src/bt_actions/publish_int8.cpp:3[m[K:
[2.601s] [01m[K/opt/ros/humble/include/sensor_msgs/sensor_msgs/msg/detail/imu__struct.hpp:36:11:[m[K [01;36m[Knote: [m[K  ‘[01m[Ksensor_msgs::msg[m[K’
[2.601s]    36 | namespace [01;36m[Kmsg[m[K
[2.601s]       |           [01;36m[K^~~[m[K
[2.601s] [01m[K/home/bobdobchob/osu-uwrt/development/software/src/mercury_autonomy/mercury_autonomy/src/bt_actions/publish_int8.cpp:30:3:[m[K [01;31m[Kerror: [m[K‘[01m[Kpub_[m[K’ was not declared in this scope
[2.601s]    30 |   [01;31m[Kpub_[m[K->publish(msg);
[2.601s]       |   [01;31m[K^~~~[m[K
[2.607s] In file included from [01m[K/home/bobdobchob/osu-uwrt/development/software/src/mercury_autonomy/mercury_autonomy/src/bt_actions/set_controller_safe_mode.cpp:3[m[K:
[2.607s] [01m[K/home/bobdobchob/osu-uwrt/development/software/src/mercury_autonomy/mercury_autonomy/include/mercury_autonomy/bt_actions/set_controller_safe_mode.hpp:[m[K In static member function ‘[01m[Kstatic BT::PortsList mercury_autonomy::SetControllerSafeMode::providedPorts()[m[K’:
[2.607s] [01m[K/home/bobdobchob/osu-uwrt/development/software/src/mercury_autonomy/mercury_autonomy/include/mercury_autonomy/bt_actions/set_controller_safe_mode.hpp:20:26:[m[K [01;31m[Kerror: [m[Kno matching function for call to ‘[01m[KInputPort<bool>(const char [5], bool)[m[K’
[2.607s]    20 |       [01;31m[KBT::InputPort<bool>("safe", true)[m[K,
[2.607s]       |       [01;31m[K~~~~~~~~~~~~~~~~~~~^~~~~~~~~~~~~~[m[K
[2.607s] In file included from [01m[K/home/bobdobchob/osu-uwrt/development/software/install/behaviortree_cpp/include/behaviortree_cpp/tree_node.h:16[m[K,
[2.607s]                  from [01m[K/home/bobdobchob/osu-uwrt/development/software/install/behaviortree_cpp/include/behaviortree_cpp/leaf_node.h:17[m[K,
[2.607s]                  from [01m[K/home/bobdobchob/osu-uwrt/development/software/install/behaviortree_cpp/include/behaviortree_cpp/action_node.h:17[m[K,
[2.607s]                  from [01m[K/home/bobdobchob/osu-uwrt/development/software/install/behaviortree_cpp/include/behaviortree_cpp/behavior_tree.h:16[m[K,
[2.607s]                  from [01m[K/home/bobdobchob/osu-uwrt/development/software/src/mercury_autonomy/mercury_autonomy/include/mercury_autonomy/autonomy_base.hpp:15[m[K,
[2.607s]                  from [01m[K/home/bobdobchob/osu-uwrt/development/software/src/mercury_autonomy/mercury_autonomy/include/mercury_autonomy/autonomy_lib.hpp:6[m[K,
[2.608s]                  from [01m[K/home/bobdobchob/osu-uwrt/development/software/src/mercury_autonomy/mercury_autonomy/include/mercury_autonomy/bt_actions/set_controller_safe_mode.hpp:5[m[K,
[2.608s]                  from [01m[K/home/bobdobchob/osu-uwrt/development/software/src/mercury_autonomy/mercury_autonomy/src/bt_actions/set_controller_safe_mode.cpp:3[m[K:
[2.608s] [01m[K/home/bobdobchob/osu-uwrt/development/software/install/behaviortree_cpp/include/behaviortree_cpp/basic_types.h:484:1:[m[K [01;36m[Knote: [m[Kcandidate: ‘[01m[Kstd::pair<std::__cxx11::basic_string<char>, BT::PortInfo> BT::InputPort(BT::StringView, BT::StringView) [with T = bool; BT::StringView = std::basic_string_view<char>][m[K’
[2.608s]   484 | [01;36m[KInputPort[m[K(StringView name, StringView description = {})
[2.608s]       | [01;36m[K^~~~~~~~~[m[K
[2.608s] [01m[K/home/bobdobchob/osu-uwrt/development/software/install/behaviortree_cpp/include/behaviortree_cpp/basic_types.h:484:39:[m[K [01;36m[Knote: [m[K  no known conversion for argument 2 from ‘[01m[Kbool[m[K’ to ‘[01m[KBT::StringView[m[K’ {aka ‘[01m[Kstd::basic_string_view<char>[m[K’}
[2.608s]   484 | InputPort(StringView name, [01;36m[KStringView description = {}[m[K)
[2.608s]       |                            [01;36m[K~~~~~~~~~~~^~~~~~~~~~~~~~~~[m[K
[2.608s] [01m[K/home/bobdobchob/osu-uwrt/development/software/install/behaviortree_cpp/include/behaviortree_cpp/basic_types.h:554:1:[m[K [01;36m[Knote: [m[Kcandidate: ‘[01m[Ktemplate<class T, class DefaultT> std::pair<std::__cxx11::basic_string<char>, BT::PortInfo> BT::InputPort(BT::StringView, const DefaultT&, BT::StringView)[m[K’
[2.608s]   554 | [01;36m[KInputPort[m[K(StringView name, const DefaultT& default_value, StringView description)
[2.608s]       | [01;36m[K^~~~~~~~~[m[K
[2.608s] [01m[K/home/bobdobchob/osu-uwrt/development/software/install/behaviortree_cpp/include/behaviortree_cpp/basic_types.h:554:1:[m[K [01;36m[Knote: [m[K  template argument deduction/substitution failed:
[2.608s] In file included from [01m[K/home/bobdobchob/osu-uwrt/development/software/src/mercury_autonomy/mercury_autonomy/src/bt_actions/set_controller_safe_mode.cpp:3[m[K:
[2.608s] [01m[K/home/bobdobchob/osu-uwrt/development/software/src/mercury_autonomy/mercury_autonomy/include/mercury_autonomy/bt_actions/set_controller_safe_mode.hpp:20:26:[m[K [01;36m[Knote: [m[K  candidate expects 3 arguments, 2 provided
[2.608s]    20 |       [01;36m[KBT::InputPort<bool>("safe", true)[m[K,
[2.608s]       |       [01;36m[K~~~~~~~~~~~~~~~~~~~^~~~~~~~~~~~~~[m[K
[2.608s] [01m[K/home/bobdobchob/osu-uwrt/development/software/src/mercury_autonomy/mercury_autonomy/include/mercury_autonomy/bt_actions/set_controller_safe_mode.hpp:21:28:[m[K [01;31m[Kerror: [m[Kno matching function for call to ‘[01m[KInputPort<double>(const char [13], double)[m[K’
[2.608s]    21 |       [01;31m[KBT::InputPort<double>("timeout_secs", 0.0)[m[K,
[2.608s]       |       [01;31m[K~~~~~~~~~~~~~~~~~~~~~^~~~~~~~~~~~~~~~~~~~~[m[K
[2.608s] In file included from [01m[K/home/bobdobchob/osu-uwrt/development/software/install/behaviortree_cpp/include/behaviortree_cpp/tree_node.h:16[m[K,
[2.608s]                  from [01m[K/home/bobdobchob/osu-uwrt/development/software/install/behaviortree_cpp/include/behaviortree_cpp/leaf_node.h:17[m[K,
[2.608s]                  from [01m[K/home/bobdobchob/osu-uwrt/development/software/install/behaviortree_cpp/include/behaviortree_cpp/action_node.h:17[m[K,
[2.608s]                  from [01m[K/home/bobdobchob/osu-uwrt/development/software/install/behaviortree_cpp/include/behaviortree_cpp/behavior_tree.h:16[m[K,
[2.608s]                  from [01m[K/home/bobdobchob/osu-uwrt/development/software/src/mercury_autonomy/mercury_autonomy/include/mercury_autonomy/autonomy_base.hpp:15[m[K,
[2.608s]                  from [01m[K/home/bobdobchob/osu-uwrt/development/software/src/mercury_autonomy/mercury_autonomy/include/mercury_autonomy/autonomy_lib.hpp:6[m[K,
[2.608s]                  from [01m[K/home/bobdobchob/osu-uwrt/development/software/src/mercury_autonomy/mercury_autonomy/include/mercury_autonomy/bt_actions/set_controller_safe_mode.hpp:5[m[K,
[2.608s]                  from [01m[K/home/bobdobchob/osu-uwrt/development/software/src/mercury_autonomy/mercury_autonomy/src/bt_actions/set_controller_safe_mode.cpp:3[m[K:
[2.608s] [01m[K/home/bobdobchob/osu-uwrt/development/software/install/behaviortree_cpp/include/behaviortree_cpp/basic_types.h:484:1:[m[K [01;36m[Knote: [m[Kcandidate: ‘[01m[Kstd::pair<std::__cxx11::basic_string<char>, BT::PortInfo> BT::InputPort(BT::StringView, BT::StringView) [with T = double; BT::StringView = std::basic_string_view<char>][m[K’
[2.608s]   484 | [01;36m[KInputPort[m[K(StringView name, StringView description = {})
[2.608s]       | [01;36m[K^~~~~~~~~[m[K
[2.608s] [01m[K/home/bobdobchob/osu-uwrt/development/software/install/behaviortree_cpp/include/behaviortree_cpp/basic_types.h:484:39:[m[K [01;36m[Knote: [m[K  no known conversion for argument 2 from ‘[01m[Kdouble[m[K’ to ‘[01m[KBT::StringView[m[K’ {aka ‘[01m[Kstd::basic_string_view<char>[m[K’}
[2.608s]   484 | InputPort(StringView name, [01;36m[KStringView description = {}[m[K)
[2.608s]       |                            [01;36m[K~~~~~~~~~~~^~~~~~~~~~~~~~~~[m[K
[2.608s] [01m[K/home/bobdobchob/osu-uwrt/development/software/install/behaviortree_cpp/include/behaviortree_cpp/basic_types.h:554:1:[m[K [01;36m[Knote: [m[Kcandidate: ‘[01m[Ktemplate<class T, class DefaultT> std::pair<std::__cxx11::basic_string<char>, BT::PortInfo> BT::InputPort(BT::StringView, const DefaultT&, BT::StringView)[m[K’
[2.608s]   554 | [01;36m[KInputPort[m[K(StringView name, const DefaultT& default_value, StringView description)
[2.608s]       | [01;36m[K^~~~~~~~~[m[K
[2.608s] [01m[K/home/bobdobchob/osu-uwrt/development/software/install/behaviortree_cpp/include/behaviortree_cpp/basic_types.h:554:1:[m[K [01;36m[Knote: [m[K  template argument deduction/substitution failed:
[2.608s] In file included from [01m[K/home/bobdobchob/osu-uwrt/development/software/src/mercury_autonomy/mercury_autonomy/src/bt_actions/set_controller_safe_mode.cpp:3[m[K:
[2.608s] [01m[K/home/bobdobchob/osu-uwrt/development/software/src/mercury_autonomy/mercury_autonomy/include/mercury_autonomy/bt_actions/set_controller_safe_mode.hpp:21:28:[m[K [01;36m[Knote: [m[K  candidate expects 3 arguments, 2 provided
[2.609s]    21 |       [01;36m[KBT::InputPort<double>("timeout_secs", 0.0)[m[K,
[2.609s]       |       [01;36m[K~~~~~~~~~~~~~~~~~~~~~^~~~~~~~~~~~~~~~~~~~~[m[K
[2.609s] [01m[K/home/bobdobchob/osu-uwrt/development/software/src/mercury_autonomy/mercury_autonomy/include/mercury_autonomy/bt_actions/set_controller_safe_mode.hpp:22:5:[m[K [01;31m[Kerror: [m[Kcould not convert ‘[01m[K{<expression error>, <expression error>}[m[K’ from ‘[01m[K<brace-enclosed initializer list>[m[K’ to ‘[01m[KBT::PortsList[m[K’ {aka ‘[01m[Kstd::unordered_map<std::__cxx11::basic_string<char>, BT::PortInfo>[m[K’}
[2.609s]    22 |     [01;31m[K}[m[K;
[2.609s]       |     [01;31m[K^[m[K
[2.609s]       |     [01;31m[K|[m[K
[2.609s]       |     [01;31m[K<brace-enclosed initializer list>[m[K
[2.865s] [01m[K/home/bobdobchob/osu-uwrt/development/software/src/mercury_autonomy/mercury_autonomy/src/bt_actions/set_mapping_target.cpp:[m[K In member function ‘[01m[Kvirtual BT::NodeStatus mercury_autonomy::SetMappingTarget::onStart()[m[K’:
[2.865s] [01m[K/home/bobdobchob/osu-uwrt/development/software/src/mercury_autonomy/mercury_autonomy/src/bt_actions/set_mapping_target.cpp:39:48:[m[K [01;35m[Kwarning: [m[K‘[01m[Krclcpp::Client<ServiceT>::FutureAndRequestId::operator rclcpp::Client<ServiceT>::SharedFuture() [with ServiceT = mercury_msgs::srv::MappingTarget; rclcpp::Client<ServiceT>::SharedFuture = std::shared_future<std::shared_ptr<mercury_msgs::srv::MappingTarget_Response_<std::allocator<void> > > >][m[K’ is deprecated: FutureAndRequestId: use .future.share() instead of an implicit conversion [[01;35m[K]8;;https://gcc.gnu.org/onlinedocs/gcc/Warning-Options.html#index-Wdeprecated-declarations-Wdeprecated-declarations]8;;[m[K]
[2.865s]    39 |   future_ = client_->async_send_request(request[01;35m[K)[m[K;
[2.865s]       |                                                [01;35m[K^[m[K
[2.865s] In file included from [01m[K/opt/ros/humble/include/rclcpp/rclcpp/callback_group.hpp:24[m[K,
[2.865s]                  from [01m[K/opt/ros/humble/include/rclcpp/rclcpp/any_executable.hpp:20[m[K,
[2.865s]                  from [01m[K/opt/ros/humble/include/rclcpp/rclcpp/memory_strategy.hpp:25[m[K,
[2.865s]                  from [01m[K/opt/ros/humble/include/rclcpp/rclcpp/memory_strategies.hpp:18[m[K,
[2.865s]                  from [01m[K/opt/ros/humble/include/rclcpp/rclcpp/executor_options.hpp:20[m[K,
[2.865s]                  from [01m[K/opt/ros/humble/include/rclcpp/rclcpp/executor.hpp:37[m[K,
[2.865s]                  from [01m[K/opt/ros/humble/include/rclcpp/rclcpp/executors/multi_threaded_executor.hpp:25[m[K,
[2.865s]                  from [01m[K/opt/ros/humble/include/rclcpp/rclcpp/executors.hpp:21[m[K,
[2.865s]                  from [01m[K/opt/ros/humble/include/rclcpp/rclcpp/rclcpp.hpp:155[m[K,
[2.865s]                  from [01m[K/home/bobdobchob/osu-uwrt/development/software/src/mercury_autonomy/mercury_autonomy/include/mercury_autonomy/autonomy_base.hpp:20[m[K,
[2.865s]                  from [01m[K/home/bobdobchob/osu-uwrt/development/software/src/mercury_autonomy/mercury_autonomy/include/mercury_autonomy/autonomy_lib.hpp:6[m[K,
[2.865s]                  from [01m[K/home/bobdobchob/osu-uwrt/development/software/src/mercury_autonomy/mercury_autonomy/include/mercury_autonomy/bt_actions/set_mapping_target.hpp:5[m[K,
[2.865s]                  from [01m[K/home/bobdobchob/osu-uwrt/development/software/src/mercury_autonomy/mercury_autonomy/src/bt_actions/set_mapping_target.cpp:3[m[K:
[2.866s] [01m[K/opt/ros/humble/include/rclcpp/rclcpp/client.hpp:415:5:[m[K [01;36m[Knote: [m[Kdeclared here
[2.866s]   415 |     [01;36m[Koperator[m[K SharedFuture() {return this->future.share();}
[2.866s]       |     [01;36m[K^~~~~~~~[m[K
[2.916s] In file included from [01m[K/home/bobdobchob/osu-uwrt/development/software/src/mercury_autonomy/mercury_autonomy/src/bt_actions/publish_to_controller.cpp:3[m[K:
[2.916s] [01m[K/home/bobdobchob/osu-uwrt/development/software/src/mercury_autonomy/mercury_autonomy/include/mercury_autonomy/bt_actions/publish_to_controller.hpp:[m[K In static member function ‘[01m[Kstatic BT::PortsList mercury_autonomy::PublishToController::providedPorts()[m[K’:
[2.917s] [01m[K/home/bobdobchob/osu-uwrt/development/software/src/mercury_autonomy/mercury_autonomy/include/mercury_autonomy/bt_actions/publish_to_controller.hpp:21:26:[m[K [01;31m[Kerror: [m[Kno matching function for call to ‘[01m[KInputPort<bool>(const char [14], bool)[m[K’
[2.917s]    21 |       [01;31m[KBT::InputPort<bool>("isOrientation", false)[m[K,
[2.917s]       |       [01;31m[K~~~~~~~~~~~~~~~~~~~^~~~~~~~~~~~~~~~~~~~~~~~[m[K
[2.917s] In file included from [01m[K/home/bobdobchob/osu-uwrt/development/software/install/behaviortree_cpp/include/behaviortree_cpp/tree_node.h:16[m[K,
[2.917s]                  from [01m[K/home/bobdobchob/osu-uwrt/development/software/install/behaviortree_cpp/include/behaviortree_cpp/leaf_node.h:17[m[K,
[2.917s]                  from [01m[K/home/bobdobchob/osu-uwrt/development/software/install/behaviortree_cpp/include/behaviortree_cpp/action_node.h:17[m[K,
[2.917s]                  from [01m[K/home/bobdobchob/osu-uwrt/development/software/install/behaviortree_cpp/include/behaviortree_cpp/behavior_tree.h:16[m[K,
[2.917s]                  from [01m[K/home/bobdobchob/osu-uwrt/development/software/src/mercury_autonomy/mercury_autonomy/include/mercury_autonomy/autonomy_base.hpp:15[m[K,
[2.917s]                  from [01m[K/home/bobdobchob/osu-uwrt/development/software/src/mercury_autonomy/mercury_autonomy/include/mercury_autonomy/autonomy_lib.hpp:6[m[K,
[2.917s]                  from [01m[K/home/bobdobchob/osu-uwrt/development/software/src/mercury_autonomy/mercury_autonomy/include/mercury_autonomy/bt_actions/publish_to_controller.hpp:5[m[K,
[2.917s]                  from [01m[K/home/bobdobchob/osu-uwrt/development/software/src/mercury_autonomy/mercury_autonomy/src/bt_actions/publish_to_controller.cpp:3[m[K:
[2.917s] [01m[K/home/bobdobchob/osu-uwrt/development/software/install/behaviortree_cpp/include/behaviortree_cpp/basic_types.h:484:1:[m[K [01;36m[Knote: [m[Kcandidate: ‘[01m[Kstd::pair<std::__cxx11::basic_string<char>, BT::PortInfo> BT::InputPort(BT::StringView, BT::StringView) [with T = bool; BT::StringView = std::basic_string_view<char>][m[K’
[2.917s]   484 | [01;36m[KInputPort[m[K(StringView name, StringView description = {})
[2.917s]       | [01;36m[K^~~~~~~~~[m[K
[2.917s] [01m[K/home/bobdobchob/osu-uwrt/development/software/install/behaviortree_cpp/include/behaviortree_cpp/basic_types.h:484:39:[m[K [01;36m[Knote: [m[K  no known conversion for argument 2 from ‘[01m[Kbool[m[K’ to ‘[01m[KBT::StringView[m[K’ {aka ‘[01m[Kstd::basic_string_view<char>[m[K’}
[2.917s]   484 | InputPort(StringView name, [01;36m[KStringView description = {}[m[K)
[2.917s]       |                            [01;36m[K~~~~~~~~~~~^~~~~~~~~~~~~~~~[m[K
[2.917s] [01m[K/home/bobdobchob/osu-uwrt/development/software/install/behaviortree_cpp/include/behaviortree_cpp/basic_types.h:554:1:[m[K [01;36m[Knote: [m[Kcandidate: ‘[01m[Ktemplate<class T, class DefaultT> std::pair<std::__cxx11::basic_string<char>, BT::PortInfo> BT::InputPort(BT::StringView, const DefaultT&, BT::StringView)[m[K’
[2.917s]   554 | [01;36m[KInputPort[m[K(StringView name, const DefaultT& default_value, StringView description)
[2.917s]       | [01;36m[K^~~~~~~~~[m[K
[2.918s] [01m[K/home/bobdobchob/osu-uwrt/development/software/install/behaviortree_cpp/include/behaviortree_cpp/basic_types.h:554:1:[m[K [01;36m[Knote: [m[K  template argument deduction/substitution failed:
[2.918s] In file included from [01m[K/home/bobdobchob/osu-uwrt/development/software/src/mercury_autonomy/mercury_autonomy/src/bt_actions/publish_to_controller.cpp:3[m[K:
[2.918s] [01m[K/home/bobdobchob/osu-uwrt/development/software/src/mercury_autonomy/mercury_autonomy/include/mercury_autonomy/bt_actions/publish_to_controller.hpp:21:26:[m[K [01;36m[Knote: [m[K  candidate expects 3 arguments, 2 provided
[2.918s]    21 |       [01;36m[KBT::InputPort<bool>("isOrientation", false)[m[K,
[2.918s]       |       [01;36m[K~~~~~~~~~~~~~~~~~~~^~~~~~~~~~~~~~~~~~~~~~~~[m[K
[2.918s] [01m[K/home/bobdobchob/osu-uwrt/development/software/src/mercury_autonomy/mercury_autonomy/include/mercury_autonomy/bt_actions/publish_to_controller.hpp:22:25:[m[K [01;31m[Kerror: [m[Kno matching function for call to ‘[01m[KInputPort<int>(const char [5], int)[m[K’
[2.918s]    22 |       [01;31m[KBT::InputPort<int>("mode", 3)[m[K,
[2.918s]       |       [01;31m[K~~~~~~~~~~~~~~~~~~^~~~~~~~~~~[m[K
[2.918s] In file included from [01m[K/home/bobdobchob/osu-uwrt/development/software/install/behaviortree_cpp/include/behaviortree_cpp/tree_node.h:16[m[K,
[2.918s]                  from [01m[K/home/bobdobchob/osu-uwrt/development/software/install/behaviortree_cpp/include/behaviortree_cpp/leaf_node.h:17[m[K,
[2.918s]                  from [01m[K/home/bobdobchob/osu-uwrt/development/software/install/behaviortree_cpp/include/behaviortree_cpp/action_node.h:17[m[K,
[2.918s]                  from [01m[K/home/bobdobchob/osu-uwrt/development/software/install/behaviortree_cpp/include/behaviortree_cpp/behavior_tree.h:16[m[K,
[2.918s]                  from [01m[K/home/bobdobchob/osu-uwrt/development/software/src/mercury_autonomy/mercury_autonomy/include/mercury_autonomy/autonomy_base.hpp:15[m[K,
[2.918s]                  from [01m[K/home/bobdobchob/osu-uwrt/development/software/src/mercury_autonomy/mercury_autonomy/include/mercury_autonomy/autonomy_lib.hpp:6[m[K,
[2.918s]                  from [01m[K/home/bobdobchob/osu-uwrt/development/software/src/mercury_autonomy/mercury_autonomy/include/mercury_autonomy/bt_actions/publish_to_controller.hpp:5[m[K,
[2.918s]                  from [01m[K/home/bobdobchob/osu-uwrt/development/software/src/mercury_autonomy/mercury_autonomy/src/bt_actions/publish_to_controller.cpp:3[m[K:
[2.918s] [01m[K/home/bobdobchob/osu-uwrt/development/software/install/behaviortree_cpp/include/behaviortree_cpp/basic_types.h:484:1:[m[K [01;36m[Knote: [m[Kcandidate: ‘[01m[Kstd::pair<std::__cxx11::basic_string<char>, BT::PortInfo> BT::InputPort(BT::StringView, BT::StringView) [with T = int; BT::StringView = std::basic_string_view<char>][m[K’ (near match)
[2.918s]   484 | [01;36m[KInputPort[m[K(StringView name, StringView description = {})
[2.918s]       | [01;36m[K^~~~~~~~~[m[K
[2.918s] [01m[K/home/bobdobchob/osu-uwrt/development/software/install/behaviortree_cpp/include/behaviortree_cpp/basic_types.h:484:1:[m[K [01;36m[Knote: [m[K  conversion of argument 2 would be ill-formed:
[2.918s] In file included from [01m[K/home/bobdobchob/osu-uwrt/development/software/src/mercury_autonomy/mercury_autonomy/src/bt_actions/publish_to_controller.cpp:3[m[K:
[2.918s] [01m[K/home/bobdobchob/osu-uwrt/development/software/src/mercury_autonomy/mercury_autonomy/include/mercury_autonomy/bt_actions/publish_to_controller.hpp:22:34:[m[K [01;31m[Kerror: [m[Kinvalid conversion from ‘[01m[Kint[m[K’ to ‘[01m[Kconst char*[m[K’ [[01;31m[K]8;;https://gcc.gnu.org/onlinedocs/gcc/Warning-Options.html#index-fpermissive-fpermissive]8;;[m[K]
[2.918s]    22 |       BT::InputPort<int>("mode", [01;31m[K3[m[K),
[2.918s]       |                                  [01;31m[K^[m[K
[2.918s]       |                                  [01;31m[K|[m[K
[2.918s]       |                                  [01;31m[Kint[m[K
[2.918s] In file included from [01m[K/usr/include/c++/11/bits/basic_string.h:48[m[K,
[2.918s]                  from [01m[K/usr/include/c++/11/string:55[m[K,
[2.918s]                  from [01m[K/home/bobdobchob/osu-uwrt/development/software/src/mercury_autonomy/mercury_autonomy/include/mercury_autonomy/autonomy_base.hpp:11[m[K,
[2.918s]                  from [01m[K/home/bobdobchob/osu-uwrt/development/software/src/mercury_autonomy/mercury_autonomy/include/mercury_autonomy/autonomy_lib.hpp:6[m[K,
[2.918s]                  from [01m[K/home/bobdobchob/osu-uwrt/development/software/src/mercury_autonomy/mercury_autonomy/include/mercury_autonomy/bt_actions/publish_to_controller.hpp:5[m[K,
[2.918s]                  from [01m[K/home/bobdobchob/osu-uwrt/development/software/src/mercury_autonomy/mercury_autonomy/src/bt_actions/publish_to_controller.cpp:3[m[K:
[2.918s] [01m[K/usr/include/c++/11/string_view:131:39:[m[K [01;36m[Knote: [m[K  initializing argument 1 of ‘[01m[Kconstexpr std::basic_string_view<_CharT, _Traits>::basic_string_view(const _CharT*) [with _CharT = char; _Traits = std::char_traits<char>][m[K’
[2.918s]   131 |       basic_string_view([01;36m[Kconst _CharT* __str[m[K) noexcept
[2.918s]       |                         [01;36m[K~~~~~~~~~~~~~~^~~~~[m[K
[2.918s] In file included from [01m[K/home/bobdobchob/osu-uwrt/development/software/install/behaviortree_cpp/include/behaviortree_cpp/tree_node.h:16[m[K,
[2.918s]                  from [01m[K/home/bobdobchob/osu-uwrt/development/software/install/behaviortree_cpp/include/behaviortree_cpp/leaf_node.h:17[m[K,
[2.918s]                  from [01m[K/home/bobdobchob/osu-uwrt/development/software/install/behaviortree_cpp/include/behaviortree_cpp/action_node.h:17[m[K,
[2.918s]                  from [01m[K/home/bobdobchob/osu-uwrt/development/software/install/behaviortree_cpp/include/behaviortree_cpp/behavior_tree.h:16[m[K,
[2.919s]                  from [01m[K/home/bobdobchob/osu-uwrt/development/software/src/mercury_autonomy/mercury_autonomy/include/mercury_autonomy/autonomy_base.hpp:15[m[K,
[2.919s]                  from [01m[K/home/bobdobchob/osu-uwrt/development/software/src/mercury_autonomy/mercury_autonomy/include/mercury_autonomy/autonomy_lib.hpp:6[m[K,
[2.919s]                  from [01m[K/home/bobdobchob/osu-uwrt/development/software/src/mercury_autonomy/mercury_autonomy/include/mercury_autonomy/bt_actions/publish_to_controller.hpp:5[m[K,
[2.919s]                  from [01m[K/home/bobdobchob/osu-uwrt/development/software/src/mercury_autonomy/mercury_autonomy/src/bt_actions/publish_to_controller.cpp:3[m[K:
[2.919s] [01m[K/home/bobdobchob/osu-uwrt/development/software/install/behaviortree_cpp/include/behaviortree_cpp/basic_types.h:554:1:[m[K [01;36m[Knote: [m[Kcandidate: ‘[01m[Ktemplate<class T, class DefaultT> std::pair<std::__cxx11::basic_string<char>, BT::PortInfo> BT::InputPort(BT::StringView, const DefaultT&, BT::StringView)[m[K’
[2.919s]   554 | [01;36m[KInputPort[m[K(StringView name, const DefaultT& default_value, StringView description)
[2.919s]       | [01;36m[K^~~~~~~~~[m[K
[2.919s] [01m[K/home/bobdobchob/osu-uwrt/development/software/install/behaviortree_cpp/include/behaviortree_cpp/basic_types.h:554:1:[m[K [01;36m[Knote: [m[K  template argument deduction/substitution failed:
[2.919s] In file included from [01m[K/home/bobdobchob/osu-uwrt/development/software/src/mercury_autonomy/mercury_autonomy/src/bt_actions/publish_to_controller.cpp:3[m[K:
[2.919s] [01m[K/home/bobdobchob/osu-uwrt/development/software/src/mercury_autonomy/mercury_autonomy/include/mercury_autonomy/bt_actions/publish_to_controller.hpp:22:25:[m[K [01;36m[Knote: [m[K  candidate expects 3 arguments, 2 provided
[2.919s]    22 |       [01;36m[KBT::InputPort<int>("mode", 3)[m[K,
[2.919s]       |       [01;36m[K~~~~~~~~~~~~~~~~~~^~~~~~~~~~~[m[K
[2.919s] [01m[K/home/bobdobchob/osu-uwrt/development/software/src/mercury_autonomy/mercury_autonomy/include/mercury_autonomy/bt_actions/publish_to_controller.hpp:23:28:[m[K [01;31m[Kerror: [m[Kno matching function for call to ‘[01m[KInputPort<double>(const char [2], double)[m[K’
[2.919s]    23 |       [01;31m[KBT::InputPort<double>("x", 0.0)[m[K,
[2.919s]       |       [01;31m[K~~~~~~~~~~~~~~~~~~~~~^~~~~~~~~~[m[K
[2.919s] In file included from [01m[K/home/bobdobchob/osu-uwrt/development/software/install/behaviortree_cpp/include/behaviortree_cpp/tree_node.h:16[m[K,
[2.919s]                  from [01m[K/home/bobdobchob/osu-uwrt/development/software/install/behaviortree_cpp/include/behaviortree_cpp/leaf_node.h:17[m[K,
[2.919s]                  from [01m[K/home/bobdobchob/osu-uwrt/development/software/install/behaviortree_cpp/include/behaviortree_cpp/action_node.h:17[m[K,
[2.919s]                  from [01m[K/home/bobdobchob/osu-uwrt/development/software/install/behaviortree_cpp/include/behaviortree_cpp/behavior_tree.h:16[m[K,
[2.919s]                  from [01m[K/home/bobdobchob/osu-uwrt/development/software/src/mercury_autonomy/mercury_autonomy/include/mercury_autonomy/autonomy_base.hpp:15[m[K,
[2.919s]                  from [01m[K/home/bobdobchob/osu-uwrt/development/software/src/mercury_autonomy/mercury_autonomy/include/mercury_autonomy/autonomy_lib.hpp:6[m[K,
[2.919s]                  from [01m[K/home/bobdobchob/osu-uwrt/development/software/src/mercury_autonomy/mercury_autonomy/include/mercury_autonomy/bt_actions/publish_to_controller.hpp:5[m[K,
[2.919s]                  from [01m[K/home/bobdobchob/osu-uwrt/development/software/src/mercury_autonomy/mercury_autonomy/src/bt_actions/publish_to_controller.cpp:3[m[K:
[2.919s] [01m[K/home/bobdobchob/osu-uwrt/development/software/install/behaviortree_cpp/include/behaviortree_cpp/basic_types.h:484:1:[m[K [01;36m[Knote: [m[Kcandidate: ‘[01m[Kstd::pair<std::__cxx11::basic_string<char>, BT::PortInfo> BT::InputPort(BT::StringView, BT::StringView) [with T = double; BT::StringView = std::basic_string_view<char>][m[K’
[2.919s]   484 | [01;36m[KInputPort[m[K(StringView name, StringView description = {})
[2.919s]       | [01;36m[K^~~~~~~~~[m[K
[2.919s] [01m[K/home/bobdobchob/osu-uwrt/development/software/install/behaviortree_cpp/include/behaviortree_cpp/basic_types.h:484:39:[m[K [01;36m[Knote: [m[K  no known conversion for argument 2 from ‘[01m[Kdouble[m[K’ to ‘[01m[KBT::StringView[m[K’ {aka ‘[01m[Kstd::basic_string_view<char>[m[K’}
[2.919s]   484 | InputPort(StringView name, [01;36m[KStringView description = {}[m[K)
[2.919s]       |                            [01;36m[K~~~~~~~~~~~^~~~~~~~~~~~~~~~[m[K
[2.919s] [01m[K/home/bobdobchob/osu-uwrt/development/software/install/behaviortree_cpp/include/behaviortree_cpp/basic_types.h:554:1:[m[K [01;36m[Knote: [m[Kcandidate: ‘[01m[Ktemplate<class T, class DefaultT> std::pair<std::__cxx11::basic_string<char>, BT::PortInfo> BT::InputPort(BT::StringView, const DefaultT&, BT::StringView)[m[K’
[2.919s]   554 | [01;36m[KInputPort[m[K(StringView name, const DefaultT& default_value, StringView description)
[2.919s]       | [01;36m[K^~~~~~~~~[m[K
[2.919s] [01m[K/home/bobdobchob/osu-uwrt/development/software/install/behaviortree_cpp/include/behaviortree_cpp/basic_types.h:554:1:[m[K [01;36m[Knote: [m[K  template argument deduction/substitution failed:
[2.919s] In file included from [01m[K/home/bobdobchob/osu-uwrt/development/software/src/mercury_autonomy/mercury_autonomy/src/bt_actions/publish_to_controller.cpp:3[m[K:
[2.919s] [01m[K/home/bobdobchob/osu-uwrt/development/software/src/mercury_autonomy/mercury_autonomy/include/mercury_autonomy/bt_actions/publish_to_controller.hpp:23:28:[m[K [01;36m[Knote: [m[K  candidate expects 3 arguments, 2 provided
[2.919s]    23 |       [01;36m[KBT::InputPort<double>("x", 0.0)[m[K,
[2.919s]       |       [01;36m[K~~~~~~~~~~~~~~~~~~~~~^~~~~~~~~~[m[K
[2.919s] [01m[K/home/bobdobchob/osu-uwrt/development/software/src/mercury_autonomy/mercury_autonomy/include/mercury_autonomy/bt_actions/publish_to_controller.hpp:24:28:[m[K [01;31m[Kerror: [m[Kno matching function for call to ‘[01m[KInputPort<double>(const char [2], double)[m[K’
[2.919s]    24 |       [01;31m[KBT::InputPort<double>("y", 0.0)[m[K,
[2.920s]       |       [01;31m[K~~~~~~~~~~~~~~~~~~~~~^~~~~~~~~~[m[K
[2.920s] In file included from [01m[K/home/bobdobchob/osu-uwrt/development/software/install/behaviortree_cpp/include/behaviortree_cpp/tree_node.h:16[m[K,
[2.920s]                  from [01m[K/home/bobdobchob/osu-uwrt/development/software/install/behaviortree_cpp/include/behaviortree_cpp/leaf_node.h:17[m[K,
[2.920s]                  from [01m[K/home/bobdobchob/osu-uwrt/development/software/install/behaviortree_cpp/include/behaviortree_cpp/action_node.h:17[m[K,
[2.920s]                  from [01m[K/home/bobdobchob/osu-uwrt/development/software/install/behaviortree_cpp/include/behaviortree_cpp/behavior_tree.h:16[m[K,
[2.920s]                  from [01m[K/home/bobdobchob/osu-uwrt/development/software/src/mercury_autonomy/mercury_autonomy/include/mercury_autonomy/autonomy_base.hpp:15[m[K,
[2.920s]                  from [01m[K/home/bobdobchob/osu-uwrt/development/software/src/mercury_autonomy/mercury_autonomy/include/mercury_autonomy/autonomy_lib.hpp:6[m[K,
[2.920s]                  from [01m[K/home/bobdobchob/osu-uwrt/development/software/src/mercury_autonomy/mercury_autonomy/include/mercury_autonomy/bt_actions/publish_to_controller.hpp:5[m[K,
[2.920s]                  from [01m[K/home/bobdobchob/osu-uwrt/development/software/src/mercury_autonomy/mercury_autonomy/src/bt_actions/publish_to_controller.cpp:3[m[K:
[2.920s] [01m[K/home/bobdobchob/osu-uwrt/development/software/install/behaviortree_cpp/include/behaviortree_cpp/basic_types.h:484:1:[m[K [01;36m[Knote: [m[Kcandidate: ‘[01m[Kstd::pair<std::__cxx11::basic_string<char>, BT::PortInfo> BT::InputPort(BT::StringView, BT::StringView) [with T = double; BT::StringView = std::basic_string_view<char>][m[K’
[2.920s]   484 | [01;36m[KInputPort[m[K(StringView name, StringView description = {})
[2.920s]       | [01;36m[K^~~~~~~~~[m[K
[2.920s] [01m[K/home/bobdobchob/osu-uwrt/development/software/install/behaviortree_cpp/include/behaviortree_cpp/basic_types.h:484:39:[m[K [01;36m[Knote: [m[K  no known conversion for argument 2 from ‘[01m[Kdouble[m[K’ to ‘[01m[KBT::StringView[m[K’ {aka ‘[01m[Kstd::basic_string_view<char>[m[K’}
[2.920s]   484 | InputPort(StringView name, [01;36m[KStringView description = {}[m[K)
[2.920s]       |                            [01;36m[K~~~~~~~~~~~^~~~~~~~~~~~~~~~[m[K
[2.920s] [01m[K/home/bobdobchob/osu-uwrt/development/software/install/behaviortree_cpp/include/behaviortree_cpp/basic_types.h:554:1:[m[K [01;36m[Knote: [m[Kcandidate: ‘[01m[Ktemplate<class T, class DefaultT> std::pair<std::__cxx11::basic_string<char>, BT::PortInfo> BT::InputPort(BT::StringView, const DefaultT&, BT::StringView)[m[K’
[2.920s]   554 | [01;36m[KInputPort[m[K(StringView name, const DefaultT& default_value, StringView description)
[2.920s]       | [01;36m[K^~~~~~~~~[m[K
[2.920s] [01m[K/home/bobdobchob/osu-uwrt/development/software/install/behaviortree_cpp/include/behaviortree_cpp/basic_types.h:554:1:[m[K [01;36m[Knote: [m[K  template argument deduction/substitution failed:
[2.920s] In file included from [01m[K/home/bobdobchob/osu-uwrt/development/software/src/mercury_autonomy/mercury_autonomy/src/bt_actions/publish_to_controller.cpp:3[m[K:
[2.920s] [01m[K/home/bobdobchob/osu-uwrt/development/software/src/mercury_autonomy/mercury_autonomy/include/mercury_autonomy/bt_actions/publish_to_controller.hpp:24:28:[m[K [01;36m[Knote: [m[K  candidate expects 3 arguments, 2 provided
[2.920s]    24 |       [01;36m[KBT::InputPort<double>("y", 0.0)[m[K,
[2.920s]       |       [01;36m[K~~~~~~~~~~~~~~~~~~~~~^~~~~~~~~~[m[K
[2.920s] [01m[K/home/bobdobchob/osu-uwrt/development/software/src/mercury_autonomy/mercury_autonomy/include/mercury_autonomy/bt_actions/publish_to_controller.hpp:25:28:[m[K [01;31m[Kerror: [m[Kno matching function for call to ‘[01m[KInputPort<double>(const char [2], double)[m[K’
[2.920s]    25 |       [01;31m[KBT::InputPort<double>("z", 0.0)[m[K,
[2.920s]       |       [01;31m[K~~~~~~~~~~~~~~~~~~~~~^~~~~~~~~~[m[K
[2.920s] In file included from [01m[K/home/bobdobchob/osu-uwrt/development/software/install/behaviortree_cpp/include/behaviortree_cpp/tree_node.h:16[m[K,
[2.920s]                  from [01m[K/home/bobdobchob/osu-uwrt/development/software/install/behaviortree_cpp/include/behaviortree_cpp/leaf_node.h:17[m[K,
[2.920s]                  from [01m[K/home/bobdobchob/osu-uwrt/development/software/install/behaviortree_cpp/include/behaviortree_cpp/action_node.h:17[m[K,
[2.920s]                  from [01m[K/home/bobdobchob/osu-uwrt/development/software/install/behaviortree_cpp/include/behaviortree_cpp/behavior_tree.h:16[m[K,
[2.920s]                  from [01m[K/home/bobdobchob/osu-uwrt/development/software/src/mercury_autonomy/mercury_autonomy/include/mercury_autonomy/autonomy_base.hpp:15[m[K,
[2.920s]                  from [01m[K/home/bobdobchob/osu-uwrt/development/software/src/mercury_autonomy/mercury_autonomy/include/mercury_autonomy/autonomy_lib.hpp:6[m[K,
[2.920s]                  from [01m[K/home/bobdobchob/osu-uwrt/development/software/src/mercury_autonomy/mercury_autonomy/include/mercury_autonomy/bt_actions/publish_to_controller.hpp:5[m[K,
[2.920s]                  from [01m[K/home/bobdobchob/osu-uwrt/development/software/src/mercury_autonomy/mercury_autonomy/src/bt_actions/publish_to_controller.cpp:3[m[K:
[2.920s] [01m[K/home/bobdobchob/osu-uwrt/development/software/install/behaviortree_cpp/include/behaviortree_cpp/basic_types.h:484:1:[m[K [01;36m[Knote: [m[Kcandidate: ‘[01m[Kstd::pair<std::__cxx11::basic_string<char>, BT::PortInfo> BT::InputPort(BT::StringView, BT::StringView) [with T = double; BT::StringView = std::basic_string_view<char>][m[K’
[2.920s]   484 | [01;36m[KInputPort[m[K(StringView name, StringView description = {})
[2.920s]       | [01;36m[K^~~~~~~~~[m[K
[2.920s] [01m[K/home/bobdobchob/osu-uwrt/development/software/install/behaviortree_cpp/include/behaviortree_cpp/basic_types.h:484:39:[m[K [01;36m[Knote: [m[K  no known conversion for argument 2 from ‘[01m[Kdouble[m[K’ to ‘[01m[KBT::StringView[m[K’ {aka ‘[01m[Kstd::basic_string_view<char>[m[K’}
[2.920s]   484 | InputPort(StringView name, [01;36m[KStringView description = {}[m[K)
[2.921s]       |                            [01;36m[K~~~~~~~~~~~^~~~~~~~~~~~~~~~[m[K
[2.921s] [01m[K/home/bobdobchob/osu-uwrt/development/software/install/behaviortree_cpp/include/behaviortree_cpp/basic_types.h:554:1:[m[K [01;36m[Knote: [m[Kcandidate: ‘[01m[Ktemplate<class T, class DefaultT> std::pair<std::__cxx11::basic_string<char>, BT::PortInfo> BT::InputPort(BT::StringView, const DefaultT&, BT::StringView)[m[K’
[2.921s]   554 | [01;36m[KInputPort[m[K(StringView name, const DefaultT& default_value, StringView description)
[2.921s]       | [01;36m[K^~~~~~~~~[m[K
[2.921s] [01m[K/home/bobdobchob/osu-uwrt/development/software/install/behaviortree_cpp/include/behaviortree_cpp/basic_types.h:554:1:[m[K [01;36m[Knote: [m[K  template argument deduction/substitution failed:
[2.921s] In file included from [01m[K/home/bobdobchob/osu-uwrt/development/software/src/mercury_autonomy/mercury_autonomy/src/bt_actions/publish_to_controller.cpp:3[m[K:
[2.921s] [01m[K/home/bobdobchob/osu-uwrt/development/software/src/mercury_autonomy/mercury_autonomy/include/mercury_autonomy/bt_actions/publish_to_controller.hpp:25:28:[m[K [01;36m[Knote: [m[K  candidate expects 3 arguments, 2 provided
[2.921s]    25 |       [01;36m[KBT::InputPort<double>("z", 0.0)[m[K,
[2.921s]       |       [01;36m[K~~~~~~~~~~~~~~~~~~~~~^~~~~~~~~~[m[K
[2.921s] [01m[K/home/bobdobchob/osu-uwrt/development/software/src/mercury_autonomy/mercury_autonomy/include/mercury_autonomy/bt_actions/publish_to_controller.hpp:26:5:[m[K [01;31m[Kerror: [m[Kcould not convert ‘[01m[K{<expression error>, <expression error>, <expression error>, <expression error>, <expression error>}[m[K’ from ‘[01m[K<brace-enclosed initializer list>[m[K’ to ‘[01m[KBT::PortsList[m[K’ {aka ‘[01m[Kstd::unordered_map<std::__cxx11::basic_string<char>, BT::PortInfo>[m[K’}
[2.921s]    26 |     [01;31m[K}[m[K;
[2.921s]       |     [01;31m[K^[m[K
[2.921s]       |     [01;31m[K|[m[K
[2.921s]       |     [01;31m[K<brace-enclosed initializer list>[m[K
[3.057s] In file included from [01m[K/home/bobdobchob/osu-uwrt/development/software/src/mercury_autonomy/mercury_autonomy/src/bt_actions/publish_ekf_pose.cpp:3[m[K:
[3.057s] [01m[K/home/bobdobchob/osu-uwrt/development/software/src/mercury_autonomy/mercury_autonomy/include/mercury_autonomy/bt_actions/publish_ekf_pose.hpp:[m[K In static member function ‘[01m[Kstatic BT::PortsList mercury_autonomy::PublishEKFPose::providedPorts()[m[K’:
[3.057s] [01m[K/home/bobdobchob/osu-uwrt/development/software/src/mercury_autonomy/mercury_autonomy/include/mercury_autonomy/bt_actions/publish_ekf_pose.hpp:21:28:[m[K [01;31m[Kerror: [m[Kno matching function for call to ‘[01m[KInputPort<double>(const char [2], double)[m[K’
[3.057s]    21 |       [01;31m[KBT::InputPort<double>("x", 0.0)[m[K,
[3.057s]       |       [01;31m[K~~~~~~~~~~~~~~~~~~~~~^~~~~~~~~~[m[K
[3.057s] In file included from [01m[K/home/bobdobchob/osu-uwrt/development/software/install/behaviortree_cpp/include/behaviortree_cpp/tree_node.h:16[m[K,
[3.057s]                  from [01m[K/home/bobdobchob/osu-uwrt/development/software/install/behaviortree_cpp/include/behaviortree_cpp/leaf_node.h:17[m[K,
[3.057s]                  from [01m[K/home/bobdobchob/osu-uwrt/development/software/install/behaviortree_cpp/include/behaviortree_cpp/action_node.h:17[m[K,
[3.057s]                  from [01m[K/home/bobdobchob/osu-uwrt/development/software/install/behaviortree_cpp/include/behaviortree_cpp/behavior_tree.h:16[m[K,
[3.057s]                  from [01m[K/home/bobdobchob/osu-uwrt/development/software/src/mercury_autonomy/mercury_autonomy/include/mercury_autonomy/autonomy_base.hpp:15[m[K,
[3.057s]                  from [01m[K/home/bobdobchob/osu-uwrt/development/software/src/mercury_autonomy/mercury_autonomy/include/mercury_autonomy/autonomy_lib.hpp:6[m[K,
[3.057s]                  from [01m[K/home/bobdobchob/osu-uwrt/development/software/src/mercury_autonomy/mercury_autonomy/include/mercury_autonomy/bt_actions/publish_ekf_pose.hpp:5[m[K,
[3.057s]                  from [01m[K/home/bobdobchob/osu-uwrt/development/software/src/mercury_autonomy/mercury_autonomy/src/bt_actions/publish_ekf_pose.cpp:3[m[K:
[3.057s] [01m[K/home/bobdobchob/osu-uwrt/development/software/install/behaviortree_cpp/include/behaviortree_cpp/basic_types.h:484:1:[m[K [01;36m[Knote: [m[Kcandidate: ‘[01m[Kstd::pair<std::__cxx11::basic_string<char>, BT::PortInfo> BT::InputPort(BT::StringView, BT::StringView) [with T = double; BT::StringView = std::basic_string_view<char>][m[K’
[3.057s]   484 | [01;36m[KInputPort[m[K(StringView name, StringView description = {})
[3.057s]       | [01;36m[K^~~~~~~~~[m[K
[3.057s] [01m[K/home/bobdobchob/osu-uwrt/development/software/install/behaviortree_cpp/include/behaviortree_cpp/basic_types.h:484:39:[m[K [01;36m[Knote: [m[K  no known conversion for argument 2 from ‘[01m[Kdouble[m[K’ to ‘[01m[KBT::StringView[m[K’ {aka ‘[01m[Kstd::basic_string_view<char>[m[K’}
[3.057s]   484 | InputPort(StringView name, [01;36m[KStringView description = {}[m[K)
[3.058s]       |                            [01;36m[K~~~~~~~~~~~^~~~~~~~~~~~~~~~[m[K
[3.058s] [01m[K/home/bobdobchob/osu-uwrt/development/software/install/behaviortree_cpp/include/behaviortree_cpp/basic_types.h:554:1:[m[K [01;36m[Knote: [m[Kcandidate: ‘[01m[Ktemplate<class T, class DefaultT> std::pair<std::__cxx11::basic_string<char>, BT::PortInfo> BT::InputPort(BT::StringView, const DefaultT&, BT::StringView)[m[K’
[3.058s]   554 | [01;36m[KInputPort[m[K(StringView name, const DefaultT& default_value, StringView description)
[3.058s]       | [01;36m[K^~~~~~~~~[m[K
[3.058s] [01m[K/home/bobdobchob/osu-uwrt/development/software/install/behaviortree_cpp/include/behaviortree_cpp/basic_types.h:554:1:[m[K [01;36m[Knote: [m[K  template argument deduction/substitution failed:
[3.058s] In file included from [01m[K/home/bobdobchob/osu-uwrt/development/software/src/mercury_autonomy/mercury_autonomy/src/bt_actions/publish_ekf_pose.cpp:3[m[K:
[3.058s] [01m[K/home/bobdobchob/osu-uwrt/development/software/src/mercury_autonomy/mercury_autonomy/include/mercury_autonomy/bt_actions/publish_ekf_pose.hpp:21:28:[m[K [01;36m[Knote: [m[K  candidate expects 3 arguments, 2 provided
[3.058s]    21 |       [01;36m[KBT::InputPort<double>("x", 0.0)[m[K,
[3.058s]       |       [01;36m[K~~~~~~~~~~~~~~~~~~~~~^~~~~~~~~~[m[K
[3.058s] [01m[K/home/bobdobchob/osu-uwrt/development/software/src/mercury_autonomy/mercury_autonomy/include/mercury_autonomy/bt_actions/publish_ekf_pose.hpp:22:26:[m[K [01;31m[Kerror: [m[Kno matching function for call to ‘[01m[KInputPort<bool>(const char [5], bool)[m[K’
[3.058s]    22 |       [01;31m[KBT::InputPort<bool>("setX", false)[m[K,
[3.058s]       |       [01;31m[K~~~~~~~~~~~~~~~~~~~^~~~~~~~~~~~~~~[m[K
[3.058s] In file included from [01m[K/home/bobdobchob/osu-uwrt/development/software/install/behaviortree_cpp/include/behaviortree_cpp/tree_node.h:16[m[K,
[3.058s]                  from [01m[K/home/bobdobchob/osu-uwrt/development/software/install/behaviortree_cpp/include/behaviortree_cpp/leaf_node.h:17[m[K,
[3.058s]                  from [01m[K/home/bobdobchob/osu-uwrt/development/software/install/behaviortree_cpp/include/behaviortree_cpp/action_node.h:17[m[K,
[3.058s]                  from [01m[K/home/bobdobchob/osu-uwrt/development/software/install/behaviortree_cpp/include/behaviortree_cpp/behavior_tree.h:16[m[K,
[3.058s]                  from [01m[K/home/bobdobchob/osu-uwrt/development/software/src/mercury_autonomy/mercury_autonomy/include/mercury_autonomy/autonomy_base.hpp:15[m[K,
[3.058s]                  from [01m[K/home/bobdobchob/osu-uwrt/development/software/src/mercury_autonomy/mercury_autonomy/include/mercury_autonomy/autonomy_lib.hpp:6[m[K,
[3.058s]                  from [01m[K/home/bobdobchob/osu-uwrt/development/software/src/mercury_autonomy/mercury_autonomy/include/mercury_autonomy/bt_actions/publish_ekf_pose.hpp:5[m[K,
[3.058s]                  from [01m[K/home/bobdobchob/osu-uwrt/development/software/src/mercury_autonomy/mercury_autonomy/src/bt_actions/publish_ekf_pose.cpp:3[m[K:
[3.058s] [01m[K/home/bobdobchob/osu-uwrt/development/software/install/behaviortree_cpp/include/behaviortree_cpp/basic_types.h:484:1:[m[K [01;36m[Knote: [m[Kcandidate: ‘[01m[Kstd::pair<std::__cxx11::basic_string<char>, BT::PortInfo> BT::InputPort(BT::StringView, BT::StringView) [with T = bool; BT::StringView = std::basic_string_view<char>][m[K’
[3.058s]   484 | [01;36m[KInputPort[m[K(StringView name, StringView description = {})
[3.058s]       | [01;36m[K^~~~~~~~~[m[K
[3.058s] [01m[K/home/bobdobchob/osu-uwrt/development/software/install/behaviortree_cpp/include/behaviortree_cpp/basic_types.h:484:39:[m[K [01;36m[Knote: [m[K  no known conversion for argument 2 from ‘[01m[Kbool[m[K’ to ‘[01m[KBT::StringView[m[K’ {aka ‘[01m[Kstd::basic_string_view<char>[m[K’}
[3.058s]   484 | InputPort(StringView name, [01;36m[KStringView description = {}[m[K)
[3.058s]       |                            [01;36m[K~~~~~~~~~~~^~~~~~~~~~~~~~~~[m[K
[3.058s] [01m[K/home/bobdobchob/osu-uwrt/development/software/install/behaviortree_cpp/include/behaviortree_cpp/basic_types.h:554:1:[m[K [01;36m[Knote: [m[Kcandidate: ‘[01m[Ktemplate<class T, class DefaultT> std::pair<std::__cxx11::basic_string<char>, BT::PortInfo> BT::InputPort(BT::StringView, const DefaultT&, BT::StringView)[m[K’
[3.058s]   554 | [01;36m[KInputPort[m[K(StringView name, const DefaultT& default_value, StringView description)
[3.058s]       | [01;36m[K^~~~~~~~~[m[K
[3.058s] [01m[K/home/bobdobchob/osu-uwrt/development/software/install/behaviortree_cpp/include/behaviortree_cpp/basic_types.h:554:1:[m[K [01;36m[Knote: [m[K  template argument deduction/substitution failed:
[3.058s] In file included from [01m[K/home/bobdobchob/osu-uwrt/development/software/src/mercury_autonomy/mercury_autonomy/src/bt_actions/publish_ekf_pose.cpp:3[m[K:
[3.058s] [01m[K/home/bobdobchob/osu-uwrt/development/software/src/mercury_autonomy/mercury_autonomy/include/mercury_autonomy/bt_actions/publish_ekf_pose.hpp:22:26:[m[K [01;36m[Knote: [m[K  candidate expects 3 arguments, 2 provided
[3.058s]    22 |       [01;36m[KBT::InputPort<bool>("setX", false)[m[K,
[3.058s]       |       [01;36m[K~~~~~~~~~~~~~~~~~~~^~~~~~~~~~~~~~~[m[K
[3.058s] [01m[K/home/bobdobchob/osu-uwrt/development/software/src/mercury_autonomy/mercury_autonomy/include/mercury_autonomy/bt_actions/publish_ekf_pose.hpp:23:28:[m[K [01;31m[Kerror: [m[Kno matching function for call to ‘[01m[KInputPort<double>(const char [2], double)[m[K’
[3.058s]    23 |       [01;31m[KBT::InputPort<double>("y", 0.0)[m[K,
[3.058s]       |       [01;31m[K~~~~~~~~~~~~~~~~~~~~~^~~~~~~~~~[m[K
[3.058s] In file included from [01m[K/home/bobdobchob/osu-uwrt/development/software/install/behaviortree_cpp/include/behaviortree_cpp/tree_node.h:16[m[K,
[3.058s]                  from [01m[K/home/bobdobchob/osu-uwrt/development/software/install/behaviortree_cpp/include/behaviortree_cpp/leaf_node.h:17[m[K,
[3.058s]                  from [01m[K/home/bobdobchob/osu-uwrt/development/software/install/behaviortree_cpp/include/behaviortree_cpp/action_node.h:17[m[K,
[3.059s]                  from [01m[K/home/bobdobchob/osu-uwrt/development/software/install/behaviortree_cpp/include/behaviortree_cpp/behavior_tree.h:16[m[K,
[3.059s]                  from [01m[K/home/bobdobchob/osu-uwrt/development/software/src/mercury_autonomy/mercury_autonomy/include/mercury_autonomy/autonomy_base.hpp:15[m[K,
[3.059s]                  from [01m[K/home/bobdobchob/osu-uwrt/development/software/src/mercury_autonomy/mercury_autonomy/include/mercury_autonomy/autonomy_lib.hpp:6[m[K,
[3.059s]                  from [01m[K/home/bobdobchob/osu-uwrt/development/software/src/mercury_autonomy/mercury_autonomy/include/mercury_autonomy/bt_actions/publish_ekf_pose.hpp:5[m[K,
[3.059s]                  from [01m[K/home/bobdobchob/osu-uwrt/development/software/src/mercury_autonomy/mercury_autonomy/src/bt_actions/publish_ekf_pose.cpp:3[m[K:
[3.059s] [01m[K/home/bobdobchob/osu-uwrt/development/software/install/behaviortree_cpp/include/behaviortree_cpp/basic_types.h:484:1:[m[K [01;36m[Knote: [m[Kcandidate: ‘[01m[Kstd::pair<std::__cxx11::basic_string<char>, BT::PortInfo> BT::InputPort(BT::StringView, BT::StringView) [with T = double; BT::StringView = std::basic_string_view<char>][m[K’
[3.059s]   484 | [01;36m[KInputPort[m[K(StringView name, StringView description = {})
[3.059s]       | [01;36m[K^~~~~~~~~[m[K
[3.059s] [01m[K/home/bobdobchob/osu-uwrt/development/software/install/behaviortree_cpp/include/behaviortree_cpp/basic_types.h:484:39:[m[K [01;36m[Knote: [m[K  no known conversion for argument 2 from ‘[01m[Kdouble[m[K’ to ‘[01m[KBT::StringView[m[K’ {aka ‘[01m[Kstd::basic_string_view<char>[m[K’}
[3.059s]   484 | InputPort(StringView name, [01;36m[KStringView description = {}[m[K)
[3.059s]       |                            [01;36m[K~~~~~~~~~~~^~~~~~~~~~~~~~~~[m[K
[3.059s] [01m[K/home/bobdobchob/osu-uwrt/development/software/install/behaviortree_cpp/include/behaviortree_cpp/basic_types.h:554:1:[m[K [01;36m[Knote: [m[Kcandidate: ‘[01m[Ktemplate<class T, class DefaultT> std::pair<std::__cxx11::basic_string<char>, BT::PortInfo> BT::InputPort(BT::StringView, const DefaultT&, BT::StringView)[m[K’
[3.059s]   554 | [01;36m[KInputPort[m[K(StringView name, const DefaultT& default_value, StringView description)
[3.059s]       | [01;36m[K^~~~~~~~~[m[K
[3.059s] [01m[K/home/bobdobchob/osu-uwrt/development/software/install/behaviortree_cpp/include/behaviortree_cpp/basic_types.h:554:1:[m[K [01;36m[Knote: [m[K  template argument deduction/substitution failed:
[3.059s] In file included from [01m[K/home/bobdobchob/osu-uwrt/development/software/src/mercury_autonomy/mercury_autonomy/src/bt_actions/publish_ekf_pose.cpp:3[m[K:
[3.059s] [01m[K/home/bobdobchob/osu-uwrt/development/software/src/mercury_autonomy/mercury_autonomy/include/mercury_autonomy/bt_actions/publish_ekf_pose.hpp:23:28:[m[K [01;36m[Knote: [m[K  candidate expects 3 arguments, 2 provided
[3.059s]    23 |       [01;36m[KBT::InputPort<double>("y", 0.0)[m[K,
[3.059s]       |       [01;36m[K~~~~~~~~~~~~~~~~~~~~~^~~~~~~~~~[m[K
[3.059s] [01m[K/home/bobdobchob/osu-uwrt/development/software/src/mercury_autonomy/mercury_autonomy/include/mercury_autonomy/bt_actions/publish_ekf_pose.hpp:24:26:[m[K [01;31m[Kerror: [m[Kno matching function for call to ‘[01m[KInputPort<bool>(const char [5], bool)[m[K’
[3.059s]    24 |       [01;31m[KBT::InputPort<bool>("setY", false)[m[K,
[3.059s]       |       [01;31m[K~~~~~~~~~~~~~~~~~~~^~~~~~~~~~~~~~~[m[K
[3.059s] In file included from [01m[K/home/bobdobchob/osu-uwrt/development/software/install/behaviortree_cpp/include/behaviortree_cpp/tree_node.h:16[m[K,
[3.059s]                  from [01m[K/home/bobdobchob/osu-uwrt/development/software/install/behaviortree_cpp/include/behaviortree_cpp/leaf_node.h:17[m[K,
[3.059s]                  from [01m[K/home/bobdobchob/osu-uwrt/development/software/install/behaviortree_cpp/include/behaviortree_cpp/action_node.h:17[m[K,
[3.059s]                  from [01m[K/home/bobdobchob/osu-uwrt/development/software/install/behaviortree_cpp/include/behaviortree_cpp/behavior_tree.h:16[m[K,
[3.059s]                  from [01m[K/home/bobdobchob/osu-uwrt/development/software/src/mercury_autonomy/mercury_autonomy/include/mercury_autonomy/autonomy_base.hpp:15[m[K,
[3.059s]                  from [01m[K/home/bobdobchob/osu-uwrt/development/software/src/mercury_autonomy/mercury_autonomy/include/mercury_autonomy/autonomy_lib.hpp:6[m[K,
[3.059s]                  from [01m[K/home/bobdobchob/osu-uwrt/development/software/src/mercury_autonomy/mercury_autonomy/include/mercury_autonomy/bt_actions/publish_ekf_pose.hpp:5[m[K,
[3.059s]                  from [01m[K/home/bobdobchob/osu-uwrt/development/software/src/mercury_autonomy/mercury_autonomy/src/bt_actions/publish_ekf_pose.cpp:3[m[K:
[3.059s] [01m[K/home/bobdobchob/osu-uwrt/development/software/install/behaviortree_cpp/include/behaviortree_cpp/basic_types.h:484:1:[m[K [01;36m[Knote: [m[Kcandidate: ‘[01m[Kstd::pair<std::__cxx11::basic_string<char>, BT::PortInfo> BT::InputPort(BT::StringView, BT::StringView) [with T = bool; BT::StringView = std::basic_string_view<char>][m[K’
[3.059s]   484 | [01;36m[KInputPort[m[K(StringView name, StringView description = {})
[3.059s]       | [01;36m[K^~~~~~~~~[m[K
[3.059s] [01m[K/home/bobdobchob/osu-uwrt/development/software/install/behaviortree_cpp/include/behaviortree_cpp/basic_types.h:484:39:[m[K [01;36m[Knote: [m[K  no known conversion for argument 2 from ‘[01m[Kbool[m[K’ to ‘[01m[KBT::StringView[m[K’ {aka ‘[01m[Kstd::basic_string_view<char>[m[K’}
[3.059s]   484 | InputPort(StringView name, [01;36m[KStringView description = {}[m[K)
[3.059s]       |                            [01;36m[K~~~~~~~~~~~^~~~~~~~~~~~~~~~[m[K
[3.059s] [01m[K/home/bobdobchob/osu-uwrt/development/software/install/behaviortree_cpp/include/behaviortree_cpp/basic_types.h:554:1:[m[K [01;36m[Knote: [m[Kcandidate: ‘[01m[Ktemplate<class T, class DefaultT> std::pair<std::__cxx11::basic_string<char>, BT::PortInfo> BT::InputPort(BT::StringView, const DefaultT&, BT::StringView)[m[K’
[3.059s]   554 | [01;36m[KInputPort[m[K(StringView name, const DefaultT& default_value, StringView description)
[3.059s]       | [01;36m[K^~~~~~~~~[m[K
[3.059s] [01m[K/home/bobdobchob/osu-uwrt/development/software/install/behaviortree_cpp/include/behaviortree_cpp/basic_types.h:554:1:[m[K [01;36m[Knote: [m[K  template argument deduction/substitution failed:
[3.060s] In file included from [01m[K/home/bobdobchob/osu-uwrt/development/software/src/mercury_autonomy/mercury_autonomy/src/bt_actions/publish_ekf_pose.cpp:3[m[K:
[3.060s] [01m[K/home/bobdobchob/osu-uwrt/development/software/src/mercury_autonomy/mercury_autonomy/include/mercury_autonomy/bt_actions/publish_ekf_pose.hpp:24:26:[m[K [01;36m[Knote: [m[K  candidate expects 3 arguments, 2 provided
[3.060s]    24 |       [01;36m[KBT::InputPort<bool>("setY", false)[m[K,
[3.060s]       |       [01;36m[K~~~~~~~~~~~~~~~~~~~^~~~~~~~~~~~~~~[m[K
[3.060s] [01m[K/home/bobdobchob/osu-uwrt/development/software/src/mercury_autonomy/mercury_autonomy/include/mercury_autonomy/bt_actions/publish_ekf_pose.hpp:25:28:[m[K [01;31m[Kerror: [m[Kno matching function for call to ‘[01m[KInputPort<double>(const char [2], double)[m[K’
[3.060s]    25 |       [01;31m[KBT::InputPort<double>("z", 0.0)[m[K,
[3.060s]       |       [01;31m[K~~~~~~~~~~~~~~~~~~~~~^~~~~~~~~~[m[K
[3.060s] In file included from [01m[K/home/bobdobchob/osu-uwrt/development/software/install/behaviortree_cpp/include/behaviortree_cpp/tree_node.h:16[m[K,
[3.060s]                  from [01m[K/home/bobdobchob/osu-uwrt/development/software/install/behaviortree_cpp/include/behaviortree_cpp/leaf_node.h:17[m[K,
[3.060s]                  from [01m[K/home/bobdobchob/osu-uwrt/development/software/install/behaviortree_cpp/include/behaviortree_cpp/action_node.h:17[m[K,
[3.060s]                  from [01m[K/home/bobdobchob/osu-uwrt/development/software/install/behaviortree_cpp/include/behaviortree_cpp/behavior_tree.h:16[m[K,
[3.060s]                  from [01m[K/home/bobdobchob/osu-uwrt/development/software/src/mercury_autonomy/mercury_autonomy/include/mercury_autonomy/autonomy_base.hpp:15[m[K,
[3.060s]                  from [01m[K/home/bobdobchob/osu-uwrt/development/software/src/mercury_autonomy/mercury_autonomy/include/mercury_autonomy/autonomy_lib.hpp:6[m[K,
[3.060s]                  from [01m[K/home/bobdobchob/osu-uwrt/development/software/src/mercury_autonomy/mercury_autonomy/include/mercury_autonomy/bt_actions/publish_ekf_pose.hpp:5[m[K,
[3.060s]                  from [01m[K/home/bobdobchob/osu-uwrt/development/software/src/mercury_autonomy/mercury_autonomy/src/bt_actions/publish_ekf_pose.cpp:3[m[K:
[3.060s] [01m[K/home/bobdobchob/osu-uwrt/development/software/install/behaviortree_cpp/include/behaviortree_cpp/basic_types.h:484:1:[m[K [01;36m[Knote: [m[Kcandidate: ‘[01m[Kstd::pair<std::__cxx11::basic_string<char>, BT::PortInfo> BT::InputPort(BT::StringView, BT::StringView) [with T = double; BT::StringView = std::basic_string_view<char>][m[K’
[3.060s]   484 | [01;36m[KInputPort[m[K(StringView name, StringView description = {})
[3.060s]       | [01;36m[K^~~~~~~~~[m[K
[3.060s] [01m[K/home/bobdobchob/osu-uwrt/development/software/install/behaviortree_cpp/include/behaviortree_cpp/basic_types.h:484:39:[m[K [01;36m[Knote: [m[K  no known conversion for argument 2 from ‘[01m[Kdouble[m[K’ to ‘[01m[KBT::StringView[m[K’ {aka ‘[01m[Kstd::basic_string_view<char>[m[K’}
[3.060s]   484 | InputPort(StringView name, [01;36m[KStringView description = {}[m[K)
[3.060s]       |                            [01;36m[K~~~~~~~~~~~^~~~~~~~~~~~~~~~[m[K
[3.060s] [01m[K/home/bobdobchob/osu-uwrt/development/software/install/behaviortree_cpp/include/behaviortree_cpp/basic_types.h:554:1:[m[K [01;36m[Knote: [m[Kcandidate: ‘[01m[Ktemplate<class T, class DefaultT> std::pair<std::__cxx11::basic_string<char>, BT::PortInfo> BT::InputPort(BT::StringView, const DefaultT&, BT::StringView)[m[K’
[3.060s]   554 | [01;36m[KInputPort[m[K(StringView name, const DefaultT& default_value, StringView description)
[3.060s]       | [01;36m[K^~~~~~~~~[m[K
[3.060s] [01m[K/home/bobdobchob/osu-uwrt/development/software/install/behaviortree_cpp/include/behaviortree_cpp/basic_types.h:554:1:[m[K [01;36m[Knote: [m[K  template argument deduction/substitution failed:
[3.060s] In file included from [01m[K/home/bobdobchob/osu-uwrt/development/software/src/mercury_autonomy/mercury_autonomy/src/bt_actions/publish_ekf_pose.cpp:3[m[K:
[3.061s] [01m[K/home/bobdobchob/osu-uwrt/development/software/src/mercury_autonomy/mercury_autonomy/include/mercury_autonomy/bt_actions/publish_ekf_pose.hpp:25:28:[m[K [01;36m[Knote: [m[K  candidate expects 3 arguments, 2 provided
[3.061s]    25 |       [01;36m[KBT::InputPort<double>("z", 0.0)[m[K,
[3.061s]       |       [01;36m[K~~~~~~~~~~~~~~~~~~~~~^~~~~~~~~~[m[K
[3.061s] [01m[K/home/bobdobchob/osu-uwrt/development/software/src/mercury_autonomy/mercury_autonomy/include/mercury_autonomy/bt_actions/publish_ekf_pose.hpp:26:26:[m[K [01;31m[Kerror: [m[Kno matching function for call to ‘[01m[KInputPort<bool>(const char [5], bool)[m[K’
[3.061s]    26 |       [01;31m[KBT::InputPort<bool>("setZ", false)[m[K,
[3.061s]       |       [01;31m[K~~~~~~~~~~~~~~~~~~~^~~~~~~~~~~~~~~[m[K
[3.061s] In file included from [01m[K/home/bobdobchob/osu-uwrt/development/software/install/behaviortree_cpp/include/behaviortree_cpp/tree_node.h:16[m[K,
[3.061s]                  from [01m[K/home/bobdobchob/osu-uwrt/development/software/install/behaviortree_cpp/include/behaviortree_cpp/leaf_node.h:17[m[K,
[3.061s]                  from [01m[K/home/bobdobchob/osu-uwrt/development/software/install/behaviortree_cpp/include/behaviortree_cpp/action_node.h:17[m[K,
[3.061s]                  from [01m[K/home/bobdobchob/osu-uwrt/development/software/install/behaviortree_cpp/include/behaviortree_cpp/behavior_tree.h:16[m[K,
[3.061s]                  from [01m[K/home/bobdobchob/osu-uwrt/development/software/src/mercury_autonomy/mercury_autonomy/include/mercury_autonomy/autonomy_base.hpp:15[m[K,
[3.061s]                  from [01m[K/home/bobdobchob/osu-uwrt/development/software/src/mercury_autonomy/mercury_autonomy/include/mercury_autonomy/autonomy_lib.hpp:6[m[K,
[3.061s]                  from [01m[K/home/bobdobchob/osu-uwrt/development/software/src/mercury_autonomy/mercury_autonomy/include/mercury_autonomy/bt_actions/publish_ekf_pose.hpp:5[m[K,
[3.061s]                  from [01m[K/home/bobdobchob/osu-uwrt/development/software/src/mercury_autonomy/mercury_autonomy/src/bt_actions/publish_ekf_pose.cpp:3[m[K:
[3.061s] [01m[K/home/bobdobchob/osu-uwrt/development/software/install/behaviortree_cpp/include/behaviortree_cpp/basic_types.h:484:1:[m[K [01;36m[Knote: [m[Kcandidate: ‘[01m[Kstd::pair<std::__cxx11::basic_string<char>, BT::PortInfo> BT::InputPort(BT::StringView, BT::StringView) [with T = bool; BT::StringView = std::basic_string_view<char>][m[K’
[3.061s]   484 | [01;36m[KInputPort[m[K(StringView name, StringView description = {})
[3.061s]       | [01;36m[K^~~~~~~~~[m[K
[3.061s] [01m[K/home/bobdobchob/osu-uwrt/development/software/install/behaviortree_cpp/include/behaviortree_cpp/basic_types.h:484:39:[m[K [01;36m[Knote: [m[K  no known conversion for argument 2 from ‘[01m[Kbool[m[K’ to ‘[01m[KBT::StringView[m[K’ {aka ‘[01m[Kstd::basic_string_view<char>[m[K’}
[3.061s]   484 | InputPort(StringView name, [01;36m[KStringView description = {}[m[K)
[3.061s]       |                            [01;36m[K~~~~~~~~~~~^~~~~~~~~~~~~~~~[m[K
[3.061s] [01m[K/home/bobdobchob/osu-uwrt/development/software/install/behaviortree_cpp/include/behaviortree_cpp/basic_types.h:554:1:[m[K [01;36m[Knote: [m[Kcandidate: ‘[01m[Ktemplate<class T, class DefaultT> std::pair<std::__cxx11::basic_string<char>, BT::PortInfo> BT::InputPort(BT::StringView, const DefaultT&, BT::StringView)[m[K’
[3.061s]   554 | [01;36m[KInputPort[m[K(StringView name, const DefaultT& default_value, StringView description)
[3.061s]       | [01;36m[K^~~~~~~~~[m[K
[3.061s] [01m[K/home/bobdobchob/osu-uwrt/development/software/install/behaviortree_cpp/include/behaviortree_cpp/basic_types.h:554:1:[m[K [01;36m[Knote: [m[K  template argument deduction/substitution failed:
[3.061s] In file included from [01m[K/home/bobdobchob/osu-uwrt/development/software/src/mercury_autonomy/mercury_autonomy/src/bt_actions/publish_ekf_pose.cpp:3[m[K:
[3.061s] [01m[K/home/bobdobchob/osu-uwrt/development/software/src/mercury_autonomy/mercury_autonomy/include/mercury_autonomy/bt_actions/publish_ekf_pose.hpp:26:26:[m[K [01;36m[Knote: [m[K  candidate expects 3 arguments, 2 provided
[3.061s]    26 |       [01;36m[KBT::InputPort<bool>("setZ", false)[m[K,
[3.061s]       |       [01;36m[K~~~~~~~~~~~~~~~~~~~^~~~~~~~~~~~~~~[m[K
[3.061s] [01m[K/home/bobdobchob/osu-uwrt/development/software/src/mercury_autonomy/mercury_autonomy/include/mercury_autonomy/bt_actions/publish_ekf_pose.hpp:27:28:[m[K [01;31m[Kerror: [m[Kno matching function for call to ‘[01m[KInputPort<double>(const char [5], double)[m[K’
[3.061s]    27 |       [01;31m[KBT::InputPort<double>("roll", 0.0)[m[K,
[3.061s]       |       [01;31m[K~~~~~~~~~~~~~~~~~~~~~^~~~~~~~~~~~~[m[K
[3.061s] In file included from [01m[K/home/bobdobchob/osu-uwrt/development/software/install/behaviortree_cpp/include/behaviortree_cpp/tree_node.h:16[m[K,
[3.061s]                  from [01m[K/home/bobdobchob/osu-uwrt/development/software/install/behaviortree_cpp/include/behaviortree_cpp/leaf_node.h:17[m[K,
[3.061s]                  from [01m[K/home/bobdobchob/osu-uwrt/development/software/install/behaviortree_cpp/include/behaviortree_cpp/action_node.h:17[m[K,
[3.062s]                  from [01m[K/home/bobdobchob/osu-uwrt/development/software/install/behaviortree_cpp/include/behaviortree_cpp/behavior_tree.h:16[m[K,
[3.062s]                  from [01m[K/home/bobdobchob/osu-uwrt/development/software/src/mercury_autonomy/mercury_autonomy/include/mercury_autonomy/autonomy_base.hpp:15[m[K,
[3.062s]                  from [01m[K/home/bobdobchob/osu-uwrt/development/software/src/mercury_autonomy/mercury_autonomy/include/mercury_autonomy/autonomy_lib.hpp:6[m[K,
[3.062s]                  from [01m[K/home/bobdobchob/osu-uwrt/development/software/src/mercury_autonomy/mercury_autonomy/include/mercury_autonomy/bt_actions/publish_ekf_pose.hpp:5[m[K,
[3.062s]                  from [01m[K/home/bobdobchob/osu-uwrt/development/software/src/mercury_autonomy/mercury_autonomy/src/bt_actions/publish_ekf_pose.cpp:3[m[K:
[3.062s] [01m[K/home/bobdobchob/osu-uwrt/development/software/install/behaviortree_cpp/include/behaviortree_cpp/basic_types.h:484:1:[m[K [01;36m[Knote: [m[Kcandidate: ‘[01m[Kstd::pair<std::__cxx11::basic_string<char>, BT::PortInfo> BT::InputPort(BT::StringView, BT::StringView) [with T = double; BT::StringView = std::basic_string_view<char>][m[K’
[3.062s]   484 | [01;36m[KInputPort[m[K(StringView name, StringView description = {})
[3.062s]       | [01;36m[K^~~~~~~~~[m[K
[3.062s] [01m[K/home/bobdobchob/osu-uwrt/development/software/install/behaviortree_cpp/include/behaviortree_cpp/basic_types.h:484:39:[m[K [01;36m[Knote: [m[K  no known conversion for argument 2 from ‘[01m[Kdouble[m[K’ to ‘[01m[KBT::StringView[m[K’ {aka ‘[01m[Kstd::basic_string_view<char>[m[K’}
[3.062s]   484 | InputPort(StringView name, [01;36m[KStringView description = {}[m[K)
[3.062s]       |                            [01;36m[K~~~~~~~~~~~^~~~~~~~~~~~~~~~[m[K
[3.062s] [01m[K/home/bobdobchob/osu-uwrt/development/software/install/behaviortree_cpp/include/behaviortree_cpp/basic_types.h:554:1:[m[K [01;36m[Knote: [m[Kcandidate: ‘[01m[Ktemplate<class T, class DefaultT> std::pair<std::__cxx11::basic_string<char>, BT::PortInfo> BT::InputPort(BT::StringView, const DefaultT&, BT::StringView)[m[K’
[3.062s]   554 | [01;36m[KInputPort[m[K(StringView name, const DefaultT& default_value, StringView description)
[3.062s]       | [01;36m[K^~~~~~~~~[m[K
[3.062s] [01m[K/home/bobdobchob/osu-uwrt/development/software/install/behaviortree_cpp/include/behaviortree_cpp/basic_types.h:554:1:[m[K [01;36m[Knote: [m[K  template argument deduction/substitution failed:
[3.062s] In file included from [01m[K/home/bobdobchob/osu-uwrt/development/software/src/mercury_autonomy/mercury_autonomy/src/bt_actions/publish_ekf_pose.cpp:3[m[K:
[3.062s] [01m[K/home/bobdobchob/osu-uwrt/development/software/src/mercury_autonomy/mercury_autonomy/include/mercury_autonomy/bt_actions/publish_ekf_pose.hpp:27:28:[m[K [01;36m[Knote: [m[K  candidate expects 3 arguments, 2 provided
[3.062s]    27 |       [01;36m[KBT::InputPort<double>("roll", 0.0)[m[K,
[3.062s]       |       [01;36m[K~~~~~~~~~~~~~~~~~~~~~^~~~~~~~~~~~~[m[K
[3.062s] [01m[K/home/bobdobchob/osu-uwrt/development/software/src/mercury_autonomy/mercury_autonomy/include/mercury_autonomy/bt_actions/publish_ekf_pose.hpp:28:28:[m[K [01;31m[Kerror: [m[Kno matching function for call to ‘[01m[KInputPort<double>(const char [6], double)[m[K’
[3.062s]    28 |       [01;31m[KBT::InputPort<double>("pitch", 0.0)[m[K,
[3.062s]       |       [01;31m[K~~~~~~~~~~~~~~~~~~~~~^~~~~~~~~~~~~~[m[K
[3.062s] In file included from [01m[K/home/bobdobchob/osu-uwrt/development/software/install/behaviortree_cpp/include/behaviortree_cpp/tree_node.h:16[m[K,
[3.062s]                  from [01m[K/home/bobdobchob/osu-uwrt/development/software/install/behaviortree_cpp/include/behaviortree_cpp/leaf_node.h:17[m[K,
[3.062s]                  from [01m[K/home/bobdobchob/osu-uwrt/development/software/install/behaviortree_cpp/include/behaviortree_cpp/action_node.h:17[m[K,
[3.062s]                  from [01m[K/home/bobdobchob/osu-uwrt/development/software/install/behaviortree_cpp/include/behaviortree_cpp/behavior_tree.h:16[m[K,
[3.062s]                  from [01m[K/home/bobdobchob/osu-uwrt/development/software/src/mercury_autonomy/mercury_autonomy/include/mercury_autonomy/autonomy_base.hpp:15[m[K,
[3.062s]                  from [01m[K/home/bobdobchob/osu-uwrt/development/software/src/mercury_autonomy/mercury_autonomy/include/mercury_autonomy/autonomy_lib.hpp:6[m[K,
[3.062s]                  from [01m[K/home/bobdobchob/osu-uwrt/development/software/src/mercury_autonomy/mercury_autonomy/include/mercury_autonomy/bt_actions/publish_ekf_pose.hpp:5[m[K,
[3.062s]                  from [01m[K/home/bobdobchob/osu-uwrt/development/software/src/mercury_autonomy/mercury_autonomy/src/bt_actions/publish_ekf_pose.cpp:3[m[K:
[3.062s] [01m[K/home/bobdobchob/osu-uwrt/development/software/install/behaviortree_cpp/include/behaviortree_cpp/basic_types.h:484:1:[m[K [01;36m[Knote: [m[Kcandidate: ‘[01m[Kstd::pair<std::__cxx11::basic_string<char>, BT::PortInfo> BT::InputPort(BT::StringView, BT::StringView) [with T = double; BT::StringView = std::basic_string_view<char>][m[K’
[3.062s]   484 | [01;36m[KInputPort[m[K(StringView name, StringView description = {})
[3.062s]       | [01;36m[K^~~~~~~~~[m[K
[3.062s] [01m[K/home/bobdobchob/osu-uwrt/development/software/install/behaviortree_cpp/include/behaviortree_cpp/basic_types.h:484:39:[m[K [01;36m[Knote: [m[K  no known conversion for argument 2 from ‘[01m[Kdouble[m[K’ to ‘[01m[KBT::StringView[m[K’ {aka ‘[01m[Kstd::basic_string_view<char>[m[K’}
[3.062s]   484 | InputPort(StringView name, [01;36m[KStringView description = {}[m[K)
[3.062s]       |                            [01;36m[K~~~~~~~~~~~^~~~~~~~~~~~~~~~[m[K
[3.062s] [01m[K/home/bobdobchob/osu-uwrt/development/software/install/behaviortree_cpp/include/behaviortree_cpp/basic_types.h:554:1:[m[K [01;36m[Knote: [m[Kcandidate: ‘[01m[Ktemplate<class T, class DefaultT> std::pair<std::__cxx11::basic_string<char>, BT::PortInfo> BT::InputPort(BT::StringView, const DefaultT&, BT::StringView)[m[K’
[3.062s]   554 | [01;36m[KInputPort[m[K(StringView name, const DefaultT& default_value, StringView description)
[3.062s]       | [01;36m[K^~~~~~~~~[m[K
[3.063s] [01m[K/home/bobdobchob/osu-uwrt/development/software/install/behaviortree_cpp/include/behaviortree_cpp/basic_types.h:554:1:[m[K [01;36m[Knote: [m[K  template argument deduction/substitution failed:
[3.063s] In file included from [01m[K/home/bobdobchob/osu-uwrt/development/software/src/mercury_autonomy/mercury_autonomy/src/bt_actions/publish_ekf_pose.cpp:3[m[K:
[3.063s] [01m[K/home/bobdobchob/osu-uwrt/development/software/src/mercury_autonomy/mercury_autonomy/include/mercury_autonomy/bt_actions/publish_ekf_pose.hpp:28:28:[m[K [01;36m[Knote: [m[K  candidate expects 3 arguments, 2 provided
[3.063s]    28 |       [01;36m[KBT::InputPort<double>("pitch", 0.0)[m[K,
[3.063s]       |       [01;36m[K~~~~~~~~~~~~~~~~~~~~~^~~~~~~~~~~~~~[m[K
[3.063s] [01m[K/home/bobdobchob/osu-uwrt/development/software/src/mercury_autonomy/mercury_autonomy/include/mercury_autonomy/bt_actions/publish_ekf_pose.hpp:29:28:[m[K [01;31m[Kerror: [m[Kno matching function for call to ‘[01m[KInputPort<double>(const char [4], double)[m[K’
[3.063s]    29 |       [01;31m[KBT::InputPort<double>("yaw", 0.0)[m[K,
[3.063s]       |       [01;31m[K~~~~~~~~~~~~~~~~~~~~~^~~~~~~~~~~~[m[K
[3.063s] In file included from [01m[K/home/bobdobchob/osu-uwrt/development/software/install/behaviortree_cpp/include/behaviortree_cpp/tree_node.h:16[m[K,
[3.063s]                  from [01m[K/home/bobdobchob/osu-uwrt/development/software/install/behaviortree_cpp/include/behaviortree_cpp/leaf_node.h:17[m[K,
[3.063s]                  from [01m[K/home/bobdobchob/osu-uwrt/development/software/install/behaviortree_cpp/include/behaviortree_cpp/action_node.h:17[m[K,
[3.063s]                  from [01m[K/home/bobdobchob/osu-uwrt/development/software/install/behaviortree_cpp/include/behaviortree_cpp/behavior_tree.h:16[m[K,
[3.063s]                  from [01m[K/home/bobdobchob/osu-uwrt/development/software/src/mercury_autonomy/mercury_autonomy/include/mercury_autonomy/autonomy_base.hpp:15[m[K,
[3.063s]                  from [01m[K/home/bobdobchob/osu-uwrt/development/software/src/mercury_autonomy/mercury_autonomy/include/mercury_autonomy/autonomy_lib.hpp:6[m[K,
[3.063s]                  from [01m[K/home/bobdobchob/osu-uwrt/development/software/src/mercury_autonomy/mercury_autonomy/include/mercury_autonomy/bt_actions/publish_ekf_pose.hpp:5[m[K,
[3.063s]                  from [01m[K/home/bobdobchob/osu-uwrt/development/software/src/mercury_autonomy/mercury_autonomy/src/bt_actions/publish_ekf_pose.cpp:3[m[K:
[3.063s] [01m[K/home/bobdobchob/osu-uwrt/development/software/install/behaviortree_cpp/include/behaviortree_cpp/basic_types.h:484:1:[m[K [01;36m[Knote: [m[Kcandidate: ‘[01m[Kstd::pair<std::__cxx11::basic_string<char>, BT::PortInfo> BT::InputPort(BT::StringView, BT::StringView) [with T = double; BT::StringView = std::basic_string_view<char>][m[K’
[3.063s]   484 | [01;36m[KInputPort[m[K(StringView name, StringView description = {})
[3.063s]       | [01;36m[K^~~~~~~~~[m[K
[3.063s] [01m[K/home/bobdobchob/osu-uwrt/development/software/install/behaviortree_cpp/include/behaviortree_cpp/basic_types.h:484:39:[m[K [01;36m[Knote: [m[K  no known conversion for argument 2 from ‘[01m[Kdouble[m[K’ to ‘[01m[KBT::StringView[m[K’ {aka ‘[01m[Kstd::basic_string_view<char>[m[K’}
[3.063s]   484 | InputPort(StringView name, [01;36m[KStringView description = {}[m[K)
[3.063s]       |                            [01;36m[K~~~~~~~~~~~^~~~~~~~~~~~~~~~[m[K
[3.063s] [01m[K/home/bobdobchob/osu-uwrt/development/software/install/behaviortree_cpp/include/behaviortree_cpp/basic_types.h:554:1:[m[K [01;36m[Knote: [m[Kcandidate: ‘[01m[Ktemplate<class T, class DefaultT> std::pair<std::__cxx11::basic_string<char>, BT::PortInfo> BT::InputPort(BT::StringView, const DefaultT&, BT::StringView)[m[K’
[3.063s]   554 | [01;36m[KInputPort[m[K(StringView name, const DefaultT& default_value, StringView description)
[3.063s]       | [01;36m[K^~~~~~~~~[m[K
[3.063s] [01m[K/home/bobdobchob/osu-uwrt/development/software/install/behaviortree_cpp/include/behaviortree_cpp/basic_types.h:554:1:[m[K [01;36m[Knote: [m[K  template argument deduction/substitution failed:
[3.063s] In file included from [01m[K/home/bobdobchob/osu-uwrt/development/software/src/mercury_autonomy/mercury_autonomy/src/bt_actions/publish_ekf_pose.cpp:3[m[K:
[3.063s] [01m[K/home/bobdobchob/osu-uwrt/development/software/src/mercury_autonomy/mercury_autonomy/include/mercury_autonomy/bt_actions/publish_ekf_pose.hpp:29:28:[m[K [01;36m[Knote: [m[K  candidate expects 3 arguments, 2 provided
[3.063s]    29 |       [01;36m[KBT::InputPort<double>("yaw", 0.0)[m[K,
[3.063s]       |       [01;36m[K~~~~~~~~~~~~~~~~~~~~~^~~~~~~~~~~~[m[K
[3.063s] [01m[K/home/bobdobchob/osu-uwrt/development/software/src/mercury_autonomy/mercury_autonomy/include/mercury_autonomy/bt_actions/publish_ekf_pose.hpp:30:26:[m[K [01;31m[Kerror: [m[Kno matching function for call to ‘[01m[KInputPort<bool>(const char [15], bool)[m[K’
[3.063s]    30 |       [01;31m[KBT::InputPort<bool>("setOrientation", false)[m[K,
[3.063s]       |       [01;31m[K~~~~~~~~~~~~~~~~~~~^~~~~~~~~~~~~~~~~~~~~~~~~[m[K
[3.063s] In file included from [01m[K/home/bobdobchob/osu-uwrt/development/software/install/behaviortree_cpp/include/behaviortree_cpp/tree_node.h:16[m[K,
[3.063s]                  from [01m[K/home/bobdobchob/osu-uwrt/development/software/install/behaviortree_cpp/include/behaviortree_cpp/leaf_node.h:17[m[K,
[3.063s]                  from [01m[K/home/bobdobchob/osu-uwrt/development/software/install/behaviortree_cpp/include/behaviortree_cpp/action_node.h:17[m[K,
[3.063s]                  from [01m[K/home/bobdobchob/osu-uwrt/development/software/install/behaviortree_cpp/include/behaviortree_cpp/behavior_tree.h:16[m[K,
[3.063s]                  from [01m[K/home/bobdobchob/osu-uwrt/development/software/src/mercury_autonomy/mercury_autonomy/include/mercury_autonomy/autonomy_base.hpp:15[m[K,
[3.064s]                  from [01m[K/home/bobdobchob/osu-uwrt/development/software/src/mercury_autonomy/mercury_autonomy/include/mercury_autonomy/autonomy_lib.hpp:6[m[K,
[3.064s]                  from [01m[K/home/bobdobchob/osu-uwrt/development/software/src/mercury_autonomy/mercury_autonomy/include/mercury_autonomy/bt_actions/publish_ekf_pose.hpp:5[m[K,
[3.064s]                  from [01m[K/home/bobdobchob/osu-uwrt/development/software/src/mercury_autonomy/mercury_autonomy/src/bt_actions/publish_ekf_pose.cpp:3[m[K:
[3.064s] [01m[K/home/bobdobchob/osu-uwrt/development/software/install/behaviortree_cpp/include/behaviortree_cpp/basic_types.h:484:1:[m[K [01;36m[Knote: [m[Kcandidate: ‘[01m[Kstd::pair<std::__cxx11::basic_string<char>, BT::PortInfo> BT::InputPort(BT::StringView, BT::StringView) [with T = bool; BT::StringView = std::basic_string_view<char>][m[K’
[3.064s]   484 | [01;36m[KInputPort[m[K(StringView name, StringView description = {})
[3.064s]       | [01;36m[K^~~~~~~~~[m[K
[3.064s] [01m[K/home/bobdobchob/osu-uwrt/development/software/install/behaviortree_cpp/include/behaviortree_cpp/basic_types.h:484:39:[m[K [01;36m[Knote: [m[K  no known conversion for argument 2 from ‘[01m[Kbool[m[K’ to ‘[01m[KBT::StringView[m[K’ {aka ‘[01m[Kstd::basic_string_view<char>[m[K’}
[3.064s]   484 | InputPort(StringView name, [01;36m[KStringView description = {}[m[K)
[3.064s]       |                            [01;36m[K~~~~~~~~~~~^~~~~~~~~~~~~~~~[m[K
[3.064s] [01m[K/home/bobdobchob/osu-uwrt/development/software/install/behaviortree_cpp/include/behaviortree_cpp/basic_types.h:554:1:[m[K [01;36m[Knote: [m[Kcandidate: ‘[01m[Ktemplate<class T, class DefaultT> std::pair<std::__cxx11::basic_string<char>, BT::PortInfo> BT::InputPort(BT::StringView, const DefaultT&, BT::StringView)[m[K’
[3.064s]   554 | [01;36m[KInputPort[m[K(StringView name, const DefaultT& default_value, StringView description)
[3.064s]       | [01;36m[K^~~~~~~~~[m[K
[3.064s] [01m[K/home/bobdobchob/osu-uwrt/development/software/install/behaviortree_cpp/include/behaviortree_cpp/basic_types.h:554:1:[m[K [01;36m[Knote: [m[K  template argument deduction/substitution failed:
[3.064s] In file included from [01m[K/home/bobdobchob/osu-uwrt/development/software/src/mercury_autonomy/mercury_autonomy/src/bt_actions/publish_ekf_pose.cpp:3[m[K:
[3.064s] [01m[K/home/bobdobchob/osu-uwrt/development/software/src/mercury_autonomy/mercury_autonomy/include/mercury_autonomy/bt_actions/publish_ekf_pose.hpp:30:26:[m[K [01;36m[Knote: [m[K  candidate expects 3 arguments, 2 provided
[3.064s]    30 |       [01;36m[KBT::InputPort<bool>("setOrientation", false)[m[K,
[3.064s]       |       [01;36m[K~~~~~~~~~~~~~~~~~~~^~~~~~~~~~~~~~~~~~~~~~~~~[m[K
[3.064s] [01m[K/home/bobdobchob/osu-uwrt/development/software/src/mercury_autonomy/mercury_autonomy/include/mercury_autonomy/bt_actions/publish_ekf_pose.hpp:31:5:[m[K [01;31m[Kerror: [m[Kcould not convert ‘[01m[K{<expression error>, <expression error>, <expression error>, <expression error>, <expression error>, <expression error>, <expression error>, <expression error>, <expression error>, <expression error>}[m[K’ from ‘[01m[K<brace-enclosed initializer list>[m[K’ to ‘[01m[KBT::PortsList[m[K’ {aka ‘[01m[Kstd::unordered_map<std::__cxx11::basic_string<char>, BT::PortInfo>[m[K’}
[3.064s]    31 |     [01;31m[K}[m[K;
[3.064s]       |     [01;31m[K^[m[K
[3.064s]       |     [01;31m[K|[m[K
[3.064s]       |     [01;31m[K<brace-enclosed initializer list>[m[K
[3.071s] In file included from [01m[K/home/bobdobchob/osu-uwrt/development/software/src/mercury_autonomy/mercury_autonomy/src/register_actions.cpp:17[m[K:
[3.072s] [01m[K/home/bobdobchob/osu-uwrt/development/software/src/mercury_autonomy/mercury_autonomy/include/mercury_autonomy/bt_actions/publish_ekf_pose.hpp:[m[K In static member function ‘[01m[Kstatic BT::PortsList mercury_autonomy::PublishEKFPose::providedPorts()[m[K’:
[3.072s] [01m[K/home/bobdobchob/osu-uwrt/development/software/src/mercury_autonomy/mercury_autonomy/include/mercury_autonomy/bt_actions/publish_ekf_pose.hpp:21:28:[m[K [01;31m[Kerror: [m[Kno matching function for call to ‘[01m[KInputPort<double>(const char [2], double)[m[K’
[3.072s]    21 |       [01;31m[KBT::InputPort<double>("x", 0.0)[m[K,
[3.072s]       |       [01;31m[K~~~~~~~~~~~~~~~~~~~~~^~~~~~~~~~[m[K
[3.072s] In file included from [01m[K/home/bobdobchob/osu-uwrt/development/software/install/behaviortree_cpp/include/behaviortree_cpp/tree_node.h:16[m[K,
[3.072s]                  from [01m[K/home/bobdobchob/osu-uwrt/development/software/install/behaviortree_cpp/include/behaviortree_cpp/leaf_node.h:17[m[K,
[3.072s]                  from [01m[K/home/bobdobchob/osu-uwrt/development/software/install/behaviortree_cpp/include/behaviortree_cpp/action_node.h:17[m[K,
[3.072s]                  from [01m[K/home/bobdobchob/osu-uwrt/development/software/install/behaviortree_cpp/include/behaviortree_cpp/behavior_tree.h:16[m[K,
[3.072s]                  from [01m[K/home/bobdobchob/osu-uwrt/development/software/src/mercury_autonomy/mercury_autonomy/include/mercury_autonomy/autonomy_base.hpp:15[m[K,
[3.072s]                  from [01m[K/home/bobdobchob/osu-uwrt/development/software/src/mercury_autonomy/mercury_autonomy/include/mercury_autonomy/autonomy_lib.hpp:6[m[K,
[3.072s]                  from [01m[K/home/bobdobchob/osu-uwrt/development/software/src/mercury_autonomy/mercury_autonomy/include/mercury_autonomy/bt_actions/example_action.hpp:14[m[K,
[3.072s]                  from [01m[K/home/bobdobchob/osu-uwrt/development/software/src/mercury_autonomy/mercury_autonomy/src/register_actions.cpp:4[m[K:
[3.072s] [01m[K/home/bobdobchob/osu-uwrt/development/software/install/behaviortree_cpp/include/behaviortree_cpp/basic_types.h:484:1:[m[K [01;36m[Knote: [m[Kcandidate: ‘[01m[Kstd::pair<std::__cxx11::basic_string<char>, BT::PortInfo> BT::InputPort(BT::StringView, BT::StringView) [with T = double; BT::StringView = std::basic_string_view<char>][m[K’
[3.072s]   484 | [01;36m[KInputPort[m[K(StringView name, StringView description = {})
[3.072s]       | [01;36m[K^~~~~~~~~[m[K
[3.072s] [01m[K/home/bobdobchob/osu-uwrt/development/software/install/behaviortree_cpp/include/behaviortree_cpp/basic_types.h:484:39:[m[K [01;36m[Knote: [m[K  no known conversion for argument 2 from ‘[01m[Kdouble[m[K’ to ‘[01m[KBT::StringView[m[K’ {aka ‘[01m[Kstd::basic_string_view<char>[m[K’}
[3.072s]   484 | InputPort(StringView name, [01;36m[KStringView description = {}[m[K)
[3.072s]       |                            [01;36m[K~~~~~~~~~~~^~~~~~~~~~~~~~~~[m[K
[3.072s] [01m[K/home/bobdobchob/osu-uwrt/development/software/install/behaviortree_cpp/include/behaviortree_cpp/basic_types.h:554:1:[m[K [01;36m[Knote: [m[Kcandidate: ‘[01m[Ktemplate<class T, class DefaultT> std::pair<std::__cxx11::basic_string<char>, BT::PortInfo> BT::InputPort(BT::StringView, const DefaultT&, BT::StringView)[m[K’
[3.073s]   554 | [01;36m[KInputPort[m[K(StringView name, const DefaultT& default_value, StringView description)
[3.073s]       | [01;36m[K^~~~~~~~~[m[K
[3.073s] [01m[K/home/bobdobchob/osu-uwrt/development/software/install/behaviortree_cpp/include/behaviortree_cpp/basic_types.h:554:1:[m[K [01;36m[Knote: [m[K  template argument deduction/substitution failed:
[3.073s] In file included from [01m[K/home/bobdobchob/osu-uwrt/development/software/src/mercury_autonomy/mercury_autonomy/src/register_actions.cpp:17[m[K:
[3.073s] [01m[K/home/bobdobchob/osu-uwrt/development/software/src/mercury_autonomy/mercury_autonomy/include/mercury_autonomy/bt_actions/publish_ekf_pose.hpp:21:28:[m[K [01;36m[Knote: [m[K  candidate expects 3 arguments, 2 provided
[3.073s]    21 |       [01;36m[KBT::InputPort<double>("x", 0.0)[m[K,
[3.073s]       |       [01;36m[K~~~~~~~~~~~~~~~~~~~~~^~~~~~~~~~[m[K
[3.073s] [01m[K/home/bobdobchob/osu-uwrt/development/software/src/mercury_autonomy/mercury_autonomy/include/mercury_autonomy/bt_actions/publish_ekf_pose.hpp:22:26:[m[K [01;31m[Kerror: [m[Kno matching function for call to ‘[01m[KInputPort<bool>(const char [5], bool)[m[K’
[3.073s]    22 |       [01;31m[KBT::InputPort<bool>("setX", false)[m[K,
[3.073s]       |       [01;31m[K~~~~~~~~~~~~~~~~~~~^~~~~~~~~~~~~~~[m[K
[3.073s] In file included from [01m[K/home/bobdobchob/osu-uwrt/development/software/install/behaviortree_cpp/include/behaviortree_cpp/tree_node.h:16[m[K,
[3.073s]                  from [01m[K/home/bobdobchob/osu-uwrt/development/software/install/behaviortree_cpp/include/behaviortree_cpp/leaf_node.h:17[m[K,
[3.073s]                  from [01m[K/home/bobdobchob/osu-uwrt/development/software/install/behaviortree_cpp/include/behaviortree_cpp/action_node.h:17[m[K,
[3.073s]                  from [01m[K/home/bobdobchob/osu-uwrt/development/software/install/behaviortree_cpp/include/behaviortree_cpp/behavior_tree.h:16[m[K,
[3.073s]                  from [01m[K/home/bobdobchob/osu-uwrt/development/software/src/mercury_autonomy/mercury_autonomy/include/mercury_autonomy/autonomy_base.hpp:15[m[K,
[3.073s]                  from [01m[K/home/bobdobchob/osu-uwrt/development/software/src/mercury_autonomy/mercury_autonomy/include/mercury_autonomy/autonomy_lib.hpp:6[m[K,
[3.073s]                  from [01m[K/home/bobdobchob/osu-uwrt/development/software/src/mercury_autonomy/mercury_autonomy/include/mercury_autonomy/bt_actions/example_action.hpp:14[m[K,
[3.073s]                  from [01m[K/home/bobdobchob/osu-uwrt/development/software/src/mercury_autonomy/mercury_autonomy/src/register_actions.cpp:4[m[K:
[3.073s] [01m[K/home/bobdobchob/osu-uwrt/development/software/install/behaviortree_cpp/include/behaviortree_cpp/basic_types.h:484:1:[m[K [01;36m[Knote: [m[Kcandidate: ‘[01m[Kstd::pair<std::__cxx11::basic_string<char>, BT::PortInfo> BT::InputPort(BT::StringView, BT::StringView) [with T = bool; BT::StringView = std::basic_string_view<char>][m[K’
[3.073s]   484 | [01;36m[KInputPort[m[K(StringView name, StringView description = {})
[3.073s]       | [01;36m[K^~~~~~~~~[m[K
[3.073s] [01m[K/home/bobdobchob/osu-uwrt/development/software/install/behaviortree_cpp/include/behaviortree_cpp/basic_types.h:484:39:[m[K [01;36m[Knote: [m[K  no known conversion for argument 2 from ‘[01m[Kbool[m[K’ to ‘[01m[KBT::StringView[m[K’ {aka ‘[01m[Kstd::basic_string_view<char>[m[K’}
[3.073s]   484 | InputPort(StringView name, [01;36m[KStringView description = {}[m[K)
[3.073s]       |                            [01;36m[K~~~~~~~~~~~^~~~~~~~~~~~~~~~[m[K
[3.073s] [01m[K/home/bobdobchob/osu-uwrt/development/software/install/behaviortree_cpp/include/behaviortree_cpp/basic_types.h:554:1:[m[K [01;36m[Knote: [m[Kcandidate: ‘[01m[Ktemplate<class T, class DefaultT> std::pair<std::__cxx11::basic_string<char>, BT::PortInfo> BT::InputPort(BT::StringView, const DefaultT&, BT::StringView)[m[K’
[3.073s]   554 | [01;36m[KInputPort[m[K(StringView name, const DefaultT& default_value, StringView description)
[3.073s]       | [01;36m[K^~~~~~~~~[m[K
[3.073s] [01m[K/home/bobdobchob/osu-uwrt/development/software/install/behaviortree_cpp/include/behaviortree_cpp/basic_types.h:554:1:[m[K [01;36m[Knote: [m[K  template argument deduction/substitution failed:
[3.073s] In file included from [01m[K/home/bobdobchob/osu-uwrt/development/software/src/mercury_autonomy/mercury_autonomy/src/register_actions.cpp:17[m[K:
[3.073s] [01m[K/home/bobdobchob/osu-uwrt/development/software/src/mercury_autonomy/mercury_autonomy/include/mercury_autonomy/bt_actions/publish_ekf_pose.hpp:22:26:[m[K [01;36m[Knote: [m[K  candidate expects 3 arguments, 2 provided
[3.073s]    22 |       [01;36m[KBT::InputPort<bool>("setX", false)[m[K,
[3.073s]       |       [01;36m[K~~~~~~~~~~~~~~~~~~~^~~~~~~~~~~~~~~[m[K
[3.073s] [01m[K/home/bobdobchob/osu-uwrt/development/software/src/mercury_autonomy/mercury_autonomy/include/mercury_autonomy/bt_actions/publish_ekf_pose.hpp:23:28:[m[K [01;31m[Kerror: [m[Kno matching function for call to ‘[01m[KInputPort<double>(const char [2], double)[m[K’
[3.073s]    23 |       [01;31m[KBT::InputPort<double>("y", 0.0)[m[K,
[3.073s]       |       [01;31m[K~~~~~~~~~~~~~~~~~~~~~^~~~~~~~~~[m[K
[3.073s] In file included from [01m[K/home/bobdobchob/osu-uwrt/development/software/install/behaviortree_cpp/include/behaviortree_cpp/tree_node.h:16[m[K,
[3.073s]                  from [01m[K/home/bobdobchob/osu-uwrt/development/software/install/behaviortree_cpp/include/behaviortree_cpp/leaf_node.h:17[m[K,
[3.073s]                  from [01m[K/home/bobdobchob/osu-uwrt/development/software/install/behaviortree_cpp/include/behaviortree_cpp/action_node.h:17[m[K,
[3.073s]                  from [01m[K/home/bobdobchob/osu-uwrt/development/software/install/behaviortree_cpp/include/behaviortree_cpp/behavior_tree.h:16[m[K,
[3.074s]                  from [01m[K/home/bobdobchob/osu-uwrt/development/software/src/mercury_autonomy/mercury_autonomy/include/mercury_autonomy/autonomy_base.hpp:15[m[K,
[3.074s]                  from [01m[K/home/bobdobchob/osu-uwrt/development/software/src/mercury_autonomy/mercury_autonomy/include/mercury_autonomy/autonomy_lib.hpp:6[m[K,
[3.074s]                  from [01m[K/home/bobdobchob/osu-uwrt/development/software/src/mercury_autonomy/mercury_autonomy/include/mercury_autonomy/bt_actions/example_action.hpp:14[m[K,
[3.074s]                  from [01m[K/home/bobdobchob/osu-uwrt/development/software/src/mercury_autonomy/mercury_autonomy/src/register_actions.cpp:4[m[K:
[3.074s] [01m[K/home/bobdobchob/osu-uwrt/development/software/install/behaviortree_cpp/include/behaviortree_cpp/basic_types.h:484:1:[m[K [01;36m[Knote: [m[Kcandidate: ‘[01m[Kstd::pair<std::__cxx11::basic_string<char>, BT::PortInfo> BT::InputPort(BT::StringView, BT::StringView) [with T = double; BT::StringView = std::basic_string_view<char>][m[K’
[3.074s]   484 | [01;36m[KInputPort[m[K(StringView name, StringView description = {})
[3.074s]       | [01;36m[K^~~~~~~~~[m[K
[3.074s] [01m[K/home/bobdobchob/osu-uwrt/development/software/install/behaviortree_cpp/include/behaviortree_cpp/basic_types.h:484:39:[m[K [01;36m[Knote: [m[K  no known conversion for argument 2 from ‘[01m[Kdouble[m[K’ to ‘[01m[KBT::StringView[m[K’ {aka ‘[01m[Kstd::basic_string_view<char>[m[K’}
[3.074s]   484 | InputPort(StringView name, [01;36m[KStringView description = {}[m[K)
[3.074s]       |                            [01;36m[K~~~~~~~~~~~^~~~~~~~~~~~~~~~[m[K
[3.074s] [01m[K/home/bobdobchob/osu-uwrt/development/software/install/behaviortree_cpp/include/behaviortree_cpp/basic_types.h:554:1:[m[K [01;36m[Knote: [m[Kcandidate: ‘[01m[Ktemplate<class T, class DefaultT> std::pair<std::__cxx11::basic_string<char>, BT::PortInfo> BT::InputPort(BT::StringView, const DefaultT&, BT::StringView)[m[K’
[3.074s]   554 | [01;36m[KInputPort[m[K(StringView name, const DefaultT& default_value, StringView description)
[3.074s]       | [01;36m[K^~~~~~~~~[m[K
[3.074s] [01m[K/home/bobdobchob/osu-uwrt/development/software/install/behaviortree_cpp/include/behaviortree_cpp/basic_types.h:554:1:[m[K [01;36m[Knote: [m[K  template argument deduction/substitution failed:
[3.074s] In file included from [01m[K/home/bobdobchob/osu-uwrt/development/software/src/mercury_autonomy/mercury_autonomy/src/register_actions.cpp:17[m[K:
[3.074s] [01m[K/home/bobdobchob/osu-uwrt/development/software/src/mercury_autonomy/mercury_autonomy/include/mercury_autonomy/bt_actions/publish_ekf_pose.hpp:23:28:[m[K [01;36m[Knote: [m[K  candidate expects 3 arguments, 2 provided
[3.074s]    23 |       [01;36m[KBT::InputPort<double>("y", 0.0)[m[K,
[3.074s]       |       [01;36m[K~~~~~~~~~~~~~~~~~~~~~^~~~~~~~~~[m[K
[3.074s] [01m[K/home/bobdobchob/osu-uwrt/development/software/src/mercury_autonomy/mercury_autonomy/include/mercury_autonomy/bt_actions/publish_ekf_pose.hpp:24:26:[m[K [01;31m[Kerror: [m[Kno matching function for call to ‘[01m[KInputPort<bool>(const char [5], bool)[m[K’
[3.074s]    24 |       [01;31m[KBT::InputPort<bool>("setY", false)[m[K,
[3.074s]       |       [01;31m[K~~~~~~~~~~~~~~~~~~~^~~~~~~~~~~~~~~[m[K
[3.074s] In file included from [01m[K/home/bobdobchob/osu-uwrt/development/software/install/behaviortree_cpp/include/behaviortree_cpp/tree_node.h:16[m[K,
[3.074s]                  from [01m[K/home/bobdobchob/osu-uwrt/development/software/install/behaviortree_cpp/include/behaviortree_cpp/leaf_node.h:17[m[K,
[3.074s]                  from [01m[K/home/bobdobchob/osu-uwrt/development/software/install/behaviortree_cpp/include/behaviortree_cpp/action_node.h:17[m[K,
[3.074s]                  from [01m[K/home/bobdobchob/osu-uwrt/development/software/install/behaviortree_cpp/include/behaviortree_cpp/behavior_tree.h:16[m[K,
[3.074s]                  from [01m[K/home/bobdobchob/osu-uwrt/development/software/src/mercury_autonomy/mercury_autonomy/include/mercury_autonomy/autonomy_base.hpp:15[m[K,
[3.074s]                  from [01m[K/home/bobdobchob/osu-uwrt/development/software/src/mercury_autonomy/mercury_autonomy/include/mercury_autonomy/autonomy_lib.hpp:6[m[K,
[3.074s]                  from [01m[K/home/bobdobchob/osu-uwrt/development/software/src/mercury_autonomy/mercury_autonomy/include/mercury_autonomy/bt_actions/example_action.hpp:14[m[K,
[3.074s]                  from [01m[K/home/bobdobchob/osu-uwrt/development/software/src/mercury_autonomy/mercury_autonomy/src/register_actions.cpp:4[m[K:
[3.074s] [01m[K/home/bobdobchob/osu-uwrt/development/software/install/behaviortree_cpp/include/behaviortree_cpp/basic_types.h:484:1:[m[K [01;36m[Knote: [m[Kcandidate: ‘[01m[Kstd::pair<std::__cxx11::basic_string<char>, BT::PortInfo> BT::InputPort(BT::StringView, BT::StringView) [with T = bool; BT::StringView = std::basic_string_view<char>][m[K’
[3.074s]   484 | [01;36m[KInputPort[m[K(StringView name, StringView description = {})
[3.074s]       | [01;36m[K^~~~~~~~~[m[K
[3.075s] [01m[K/home/bobdobchob/osu-uwrt/development/software/install/behaviortree_cpp/include/behaviortree_cpp/basic_types.h:484:39:[m[K [01;36m[Knote: [m[K  no known conversion for argument 2 from ‘[01m[Kbool[m[K’ to ‘[01m[KBT::StringView[m[K’ {aka ‘[01m[Kstd::basic_string_view<char>[m[K’}
[3.075s]   484 | InputPort(StringView name, [01;36m[KStringView description = {}[m[K)
[3.075s]       |                            [01;36m[K~~~~~~~~~~~^~~~~~~~~~~~~~~~[m[K
[3.075s] [01m[K/home/bobdobchob/osu-uwrt/development/software/install/behaviortree_cpp/include/behaviortree_cpp/basic_types.h:554:1:[m[K [01;36m[Knote: [m[Kcandidate: ‘[01m[Ktemplate<class T, class DefaultT> std::pair<std::__cxx11::basic_string<char>, BT::PortInfo> BT::InputPort(BT::StringView, const DefaultT&, BT::StringView)[m[K’
[3.075s]   554 | [01;36m[KInputPort[m[K(StringView name, const DefaultT& default_value, StringView description)
[3.075s]       | [01;36m[K^~~~~~~~~[m[K
[3.075s] [01m[K/home/bobdobchob/osu-uwrt/development/software/install/behaviortree_cpp/include/behaviortree_cpp/basic_types.h:554:1:[m[K [01;36m[Knote: [m[K  template argument deduction/substitution failed:
[3.075s] In file included from [01m[K/home/bobdobchob/osu-uwrt/development/software/src/mercury_autonomy/mercury_autonomy/src/register_actions.cpp:17[m[K:
[3.075s] [01m[K/home/bobdobchob/osu-uwrt/development/software/src/mercury_autonomy/mercury_autonomy/include/mercury_autonomy/bt_actions/publish_ekf_pose.hpp:24:26:[m[K [01;36m[Knote: [m[K  candidate expects 3 arguments, 2 provided
[3.075s]    24 |       [01;36m[KBT::InputPort<bool>("setY", false)[m[K,
[3.075s]       |       [01;36m[K~~~~~~~~~~~~~~~~~~~^~~~~~~~~~~~~~~[m[K
[3.075s] [01m[K/home/bobdobchob/osu-uwrt/development/software/src/mercury_autonomy/mercury_autonomy/include/mercury_autonomy/bt_actions/publish_ekf_pose.hpp:25:28:[m[K [01;31m[Kerror: [m[Kno matching function for call to ‘[01m[KInputPort<double>(const char [2], double)[m[K’
[3.075s]    25 |       [01;31m[KBT::InputPort<double>("z", 0.0)[m[K,
[3.075s]       |       [01;31m[K~~~~~~~~~~~~~~~~~~~~~^~~~~~~~~~[m[K
[3.075s] In file included from [01m[K/home/bobdobchob/osu-uwrt/development/software/install/behaviortree_cpp/include/behaviortree_cpp/tree_node.h:16[m[K,
[3.075s]                  from [01m[K/home/bobdobchob/osu-uwrt/development/software/install/behaviortree_cpp/include/behaviortree_cpp/leaf_node.h:17[m[K,
[3.075s]                  from [01m[K/home/bobdobchob/osu-uwrt/development/software/install/behaviortree_cpp/include/behaviortree_cpp/action_node.h:17[m[K,
[3.075s]                  from [01m[K/home/bobdobchob/osu-uwrt/development/software/install/behaviortree_cpp/include/behaviortree_cpp/behavior_tree.h:16[m[K,
[3.075s]                  from [01m[K/home/bobdobchob/osu-uwrt/development/software/src/mercury_autonomy/mercury_autonomy/include/mercury_autonomy/autonomy_base.hpp:15[m[K,
[3.075s]                  from [01m[K/home/bobdobchob/osu-uwrt/development/software/src/mercury_autonomy/mercury_autonomy/include/mercury_autonomy/autonomy_lib.hpp:6[m[K,
[3.075s]                  from [01m[K/home/bobdobchob/osu-uwrt/development/software/src/mercury_autonomy/mercury_autonomy/include/mercury_autonomy/bt_actions/example_action.hpp:14[m[K,
[3.075s]                  from [01m[K/home/bobdobchob/osu-uwrt/development/software/src/mercury_autonomy/mercury_autonomy/src/register_actions.cpp:4[m[K:
[3.075s] [01m[K/home/bobdobchob/osu-uwrt/development/software/install/behaviortree_cpp/include/behaviortree_cpp/basic_types.h:484:1:[m[K [01;36m[Knote: [m[Kcandidate: ‘[01m[Kstd::pair<std::__cxx11::basic_string<char>, BT::PortInfo> BT::InputPort(BT::StringView, BT::StringView) [with T = double; BT::StringView = std::basic_string_view<char>][m[K’
[3.075s]   484 | [01;36m[KInputPort[m[K(StringView name, StringView description = {})
[3.075s]       | [01;36m[K^~~~~~~~~[m[K
[3.075s] [01m[K/home/bobdobchob/osu-uwrt/development/software/install/behaviortree_cpp/include/behaviortree_cpp/basic_types.h:484:39:[m[K [01;36m[Knote: [m[K  no known conversion for argument 2 from ‘[01m[Kdouble[m[K’ to ‘[01m[KBT::StringView[m[K’ {aka ‘[01m[Kstd::basic_string_view<char>[m[K’}
[3.075s]   484 | InputPort(StringView name, [01;36m[KStringView description = {}[m[K)
[3.075s]       |                            [01;36m[K~~~~~~~~~~~^~~~~~~~~~~~~~~~[m[K
[3.075s] [01m[K/home/bobdobchob/osu-uwrt/development/software/install/behaviortree_cpp/include/behaviortree_cpp/basic_types.h:554:1:[m[K [01;36m[Knote: [m[Kcandidate: ‘[01m[Ktemplate<class T, class DefaultT> std::pair<std::__cxx11::basic_string<char>, BT::PortInfo> BT::InputPort(BT::StringView, const DefaultT&, BT::StringView)[m[K’
[3.075s]   554 | [01;36m[KInputPort[m[K(StringView name, const DefaultT& default_value, StringView description)
[3.076s]       | [01;36m[K^~~~~~~~~[m[K
[3.076s] [01m[K/home/bobdobchob/osu-uwrt/development/software/install/behaviortree_cpp/include/behaviortree_cpp/basic_types.h:554:1:[m[K [01;36m[Knote: [m[K  template argument deduction/substitution failed:
[3.076s] In file included from [01m[K/home/bobdobchob/osu-uwrt/development/software/src/mercury_autonomy/mercury_autonomy/src/register_actions.cpp:17[m[K:
[3.076s] [01m[K/home/bobdobchob/osu-uwrt/development/software/src/mercury_autonomy/mercury_autonomy/include/mercury_autonomy/bt_actions/publish_ekf_pose.hpp:25:28:[m[K [01;36m[Knote: [m[K  candidate expects 3 arguments, 2 provided
[3.076s]    25 |       [01;36m[KBT::InputPort<double>("z", 0.0)[m[K,
[3.076s]       |       [01;36m[K~~~~~~~~~~~~~~~~~~~~~^~~~~~~~~~[m[K
[3.076s] [01m[K/home/bobdobchob/osu-uwrt/development/software/src/mercury_autonomy/mercury_autonomy/include/mercury_autonomy/bt_actions/publish_ekf_pose.hpp:26:26:[m[K [01;31m[Kerror: [m[Kno matching function for call to ‘[01m[KInputPort<bool>(const char [5], bool)[m[K’
[3.076s]    26 |       [01;31m[KBT::InputPort<bool>("setZ", false)[m[K,
[3.076s]       |       [01;31m[K~~~~~~~~~~~~~~~~~~~^~~~~~~~~~~~~~~[m[K
[3.076s] In file included from [01m[K/home/bobdobchob/osu-uwrt/development/software/install/behaviortree_cpp/include/behaviortree_cpp/tree_node.h:16[m[K,
[3.076s]                  from [01m[K/home/bobdobchob/osu-uwrt/development/software/install/behaviortree_cpp/include/behaviortree_cpp/leaf_node.h:17[m[K,
[3.076s]                  from [01m[K/home/bobdobchob/osu-uwrt/development/software/install/behaviortree_cpp/include/behaviortree_cpp/action_node.h:17[m[K,
[3.076s]                  from [01m[K/home/bobdobchob/osu-uwrt/development/software/install/behaviortree_cpp/include/behaviortree_cpp/behavior_tree.h:16[m[K,
[3.076s]                  from [01m[K/home/bobdobchob/osu-uwrt/development/software/src/mercury_autonomy/mercury_autonomy/include/mercury_autonomy/autonomy_base.hpp:15[m[K,
[3.076s]                  from [01m[K/home/bobdobchob/osu-uwrt/development/software/src/mercury_autonomy/mercury_autonomy/include/mercury_autonomy/autonomy_lib.hpp:6[m[K,
[3.076s]                  from [01m[K/home/bobdobchob/osu-uwrt/development/software/src/mercury_autonomy/mercury_autonomy/include/mercury_autonomy/bt_actions/example_action.hpp:14[m[K,
[3.076s]                  from [01m[K/home/bobdobchob/osu-uwrt/development/software/src/mercury_autonomy/mercury_autonomy/src/register_actions.cpp:4[m[K:
[3.076s] [01m[K/home/bobdobchob/osu-uwrt/development/software/install/behaviortree_cpp/include/behaviortree_cpp/basic_types.h:484:1:[m[K [01;36m[Knote: [m[Kcandidate: ‘[01m[Kstd::pair<std::__cxx11::basic_string<char>, BT::PortInfo> BT::InputPort(BT::StringView, BT::StringView) [with T = bool; BT::StringView = std::basic_string_view<char>][m[K’
[3.076s]   484 | [01;36m[KInputPort[m[K(StringView name, StringView description = {})
[3.076s]       | [01;36m[K^~~~~~~~~[m[K
[3.076s] [01m[K/home/bobdobchob/osu-uwrt/development/software/install/behaviortree_cpp/include/behaviortree_cpp/basic_types.h:484:39:[m[K [01;36m[Knote: [m[K  no known conversion for argument 2 from ‘[01m[Kbool[m[K’ to ‘[01m[KBT::StringView[m[K’ {aka ‘[01m[Kstd::basic_string_view<char>[m[K’}
[3.076s]   484 | InputPort(StringView name, [01;36m[KStringView description = {}[m[K)
[3.077s]       |                            [01;36m[K~~~~~~~~~~~^~~~~~~~~~~~~~~~[m[K
[3.077s] [01m[K/home/bobdobchob/osu-uwrt/development/software/install/behaviortree_cpp/include/behaviortree_cpp/basic_types.h:554:1:[m[K [01;36m[Knote: [m[Kcandidate: ‘[01m[Ktemplate<class T, class DefaultT> std::pair<std::__cxx11::basic_string<char>, BT::PortInfo> BT::InputPort(BT::StringView, const DefaultT&, BT::StringView)[m[K’
[3.077s]   554 | [01;36m[KInputPort[m[K(StringView name, const DefaultT& default_value, StringView description)
[3.077s]       | [01;36m[K^~~~~~~~~[m[K
[3.077s] [01m[K/home/bobdobchob/osu-uwrt/development/software/install/behaviortree_cpp/include/behaviortree_cpp/basic_types.h:554:1:[m[K [01;36m[Knote: [m[K  template argument deduction/substitution failed:
[3.077s] In file included from [01m[K/home/bobdobchob/osu-uwrt/development/software/src/mercury_autonomy/mercury_autonomy/src/register_actions.cpp:17[m[K:
[3.077s] [01m[K/home/bobdobchob/osu-uwrt/development/software/src/mercury_autonomy/mercury_autonomy/include/mercury_autonomy/bt_actions/publish_ekf_pose.hpp:26:26:[m[K [01;36m[Knote: [m[K  candidate expects 3 arguments, 2 provided
[3.077s]    26 |       [01;36m[KBT::InputPort<bool>("setZ", false)[m[K,
[3.077s]       |       [01;36m[K~~~~~~~~~~~~~~~~~~~^~~~~~~~~~~~~~~[m[K
[3.077s] [01m[K/home/bobdobchob/osu-uwrt/development/software/src/mercury_autonomy/mercury_autonomy/include/mercury_autonomy/bt_actions/publish_ekf_pose.hpp:27:28:[m[K [01;31m[Kerror: [m[Kno matching function for call to ‘[01m[KInputPort<double>(const char [5], double)[m[K’
[3.077s]    27 |       [01;31m[KBT::InputPort<double>("roll", 0.0)[m[K,
[3.077s]       |       [01;31m[K~~~~~~~~~~~~~~~~~~~~~^~~~~~~~~~~~~[m[K
[3.077s] In file included from [01m[K/home/bobdobchob/osu-uwrt/development/software/install/behaviortree_cpp/include/behaviortree_cpp/tree_node.h:16[m[K,
[3.077s]                  from [01m[K/home/bobdobchob/osu-uwrt/development/software/install/behaviortree_cpp/include/behaviortree_cpp/leaf_node.h:17[m[K,
[3.077s]                  from [01m[K/home/bobdobchob/osu-uwrt/development/software/install/behaviortree_cpp/include/behaviortree_cpp/action_node.h:17[m[K,
[3.077s]                  from [01m[K/home/bobdobchob/osu-uwrt/development/software/install/behaviortree_cpp/include/behaviortree_cpp/behavior_tree.h:16[m[K,
[3.077s]                  from [01m[K/home/bobdobchob/osu-uwrt/development/software/src/mercury_autonomy/mercury_autonomy/include/mercury_autonomy/autonomy_base.hpp:15[m[K,
[3.077s]                  from [01m[K/home/bobdobchob/osu-uwrt/development/software/src/mercury_autonomy/mercury_autonomy/include/mercury_autonomy/autonomy_lib.hpp:6[m[K,
[3.077s]                  from [01m[K/home/bobdobchob/osu-uwrt/development/software/src/mercury_autonomy/mercury_autonomy/include/mercury_autonomy/bt_actions/example_action.hpp:14[m[K,
[3.077s]                  from [01m[K/home/bobdobchob/osu-uwrt/development/software/src/mercury_autonomy/mercury_autonomy/src/register_actions.cpp:4[m[K:
[3.077s] [01m[K/home/bobdobchob/osu-uwrt/development/software/install/behaviortree_cpp/include/behaviortree_cpp/basic_types.h:484:1:[m[K [01;36m[Knote: [m[Kcandidate: ‘[01m[Kstd::pair<std::__cxx11::basic_string<char>, BT::PortInfo> BT::InputPort(BT::StringView, BT::StringView) [with T = double; BT::StringView = std::basic_string_view<char>][m[K’
[3.077s]   484 | [01;36m[KInputPort[m[K(StringView name, StringView description = {})
[3.077s]       | [01;36m[K^~~~~~~~~[m[K
[3.077s] [01m[K/home/bobdobchob/osu-uwrt/development/software/install/behaviortree_cpp/include/behaviortree_cpp/basic_types.h:484:39:[m[K [01;36m[Knote: [m[K  no known conversion for argument 2 from ‘[01m[Kdouble[m[K’ to ‘[01m[KBT::StringView[m[K’ {aka ‘[01m[Kstd::basic_string_view<char>[m[K’}
[3.077s]   484 | InputPort(StringView name, [01;36m[KStringView description = {}[m[K)
[3.077s]       |                            [01;36m[K~~~~~~~~~~~^~~~~~~~~~~~~~~~[m[K
[3.077s] [01m[K/home/bobdobchob/osu-uwrt/development/software/install/behaviortree_cpp/include/behaviortree_cpp/basic_types.h:554:1:[m[K [01;36m[Knote: [m[Kcandidate: ‘[01m[Ktemplate<class T, class DefaultT> std::pair<std::__cxx11::basic_string<char>, BT::PortInfo> BT::InputPort(BT::StringView, const DefaultT&, BT::StringView)[m[K’
[3.077s]   554 | [01;36m[KInputPort[m[K(StringView name, const DefaultT& default_value, StringView description)
[3.078s]       | [01;36m[K^~~~~~~~~[m[K
[3.078s] [01m[K/home/bobdobchob/osu-uwrt/development/software/install/behaviortree_cpp/include/behaviortree_cpp/basic_types.h:554:1:[m[K [01;36m[Knote: [m[K  template argument deduction/substitution failed:
[3.078s] In file included from [01m[K/home/bobdobchob/osu-uwrt/development/software/src/mercury_autonomy/mercury_autonomy/src/register_actions.cpp:17[m[K:
[3.078s] [01m[K/home/bobdobchob/osu-uwrt/development/software/src/mercury_autonomy/mercury_autonomy/include/mercury_autonomy/bt_actions/publish_ekf_pose.hpp:27:28:[m[K [01;36m[Knote: [m[K  candidate expects 3 arguments, 2 provided
[3.078s]    27 |       [01;36m[KBT::InputPort<double>("roll", 0.0)[m[K,
[3.078s]       |       [01;36m[K~~~~~~~~~~~~~~~~~~~~~^~~~~~~~~~~~~[m[K
[3.078s] [01m[K/home/bobdobchob/osu-uwrt/development/software/src/mercury_autonomy/mercury_autonomy/include/mercury_autonomy/bt_actions/publish_ekf_pose.hpp:28:28:[m[K [01;31m[Kerror: [m[Kno matching function for call to ‘[01m[KInputPort<double>(const char [6], double)[m[K’
[3.078s]    28 |       [01;31m[KBT::InputPort<double>("pitch", 0.0)[m[K,
[3.078s]       |       [01;31m[K~~~~~~~~~~~~~~~~~~~~~^~~~~~~~~~~~~~[m[K
[3.078s] In file included from [01m[K/home/bobdobchob/osu-uwrt/development/software/install/behaviortree_cpp/include/behaviortree_cpp/tree_node.h:16[m[K,
[3.078s]                  from [01m[K/home/bobdobchob/osu-uwrt/development/software/install/behaviortree_cpp/include/behaviortree_cpp/leaf_node.h:17[m[K,
[3.078s]                  from [01m[K/home/bobdobchob/osu-uwrt/development/software/install/behaviortree_cpp/include/behaviortree_cpp/action_node.h:17[m[K,
[3.078s]                  from [01m[K/home/bobdobchob/osu-uwrt/development/software/install/behaviortree_cpp/include/behaviortree_cpp/behavior_tree.h:16[m[K,
[3.078s]                  from [01m[K/home/bobdobchob/osu-uwrt/development/software/src/mercury_autonomy/mercury_autonomy/include/mercury_autonomy/autonomy_base.hpp:15[m[K,
[3.078s]                  from [01m[K/home/bobdobchob/osu-uwrt/development/software/src/mercury_autonomy/mercury_autonomy/include/mercury_autonomy/autonomy_lib.hpp:6[m[K,
[3.078s]                  from [01m[K/home/bobdobchob/osu-uwrt/development/software/src/mercury_autonomy/mercury_autonomy/include/mercury_autonomy/bt_actions/example_action.hpp:14[m[K,
[3.078s]                  from [01m[K/home/bobdobchob/osu-uwrt/development/software/src/mercury_autonomy/mercury_autonomy/src/register_actions.cpp:4[m[K:
[3.078s] [01m[K/home/bobdobchob/osu-uwrt/development/software/install/behaviortree_cpp/include/behaviortree_cpp/basic_types.h:484:1:[m[K [01;36m[Knote: [m[Kcandidate: ‘[01m[Kstd::pair<std::__cxx11::basic_string<char>, BT::PortInfo> BT::InputPort(BT::StringView, BT::StringView) [with T = double; BT::StringView = std::basic_string_view<char>][m[K’
[3.078s]   484 | [01;36m[KInputPort[m[K(StringView name, StringView description = {})
[3.078s]       | [01;36m[K^~~~~~~~~[m[K
[3.078s] [01m[K/home/bobdobchob/osu-uwrt/development/software/install/behaviortree_cpp/include/behaviortree_cpp/basic_types.h:484:39:[m[K [01;36m[Knote: [m[K  no known conversion for argument 2 from ‘[01m[Kdouble[m[K’ to ‘[01m[KBT::StringView[m[K’ {aka ‘[01m[Kstd::basic_string_view<char>[m[K’}
[3.078s]   484 | InputPort(StringView name, [01;36m[KStringView description = {}[m[K)
[3.078s]       |                            [01;36m[K~~~~~~~~~~~^~~~~~~~~~~~~~~~[m[K
[3.078s] [01m[K/home/bobdobchob/osu-uwrt/development/software/install/behaviortree_cpp/include/behaviortree_cpp/basic_types.h:554:1:[m[K [01;36m[Knote: [m[Kcandidate: ‘[01m[Ktemplate<class T, class DefaultT> std::pair<std::__cxx11::basic_string<char>, BT::PortInfo> BT::InputPort(BT::StringView, const DefaultT&, BT::StringView)[m[K’
[3.078s]   554 | [01;36m[KInputPort[m[K(StringView name, const DefaultT& default_value, StringView description)
[3.078s]       | [01;36m[K^~~~~~~~~[m[K
[3.078s] [01m[K/home/bobdobchob/osu-uwrt/development/software/install/behaviortree_cpp/include/behaviortree_cpp/basic_types.h:554:1:[m[K [01;36m[Knote: [m[K  template argument deduction/substitution failed:
[3.078s] In file included from [01m[K/home/bobdobchob/osu-uwrt/development/software/src/mercury_autonomy/mercury_autonomy/src/register_actions.cpp:17[m[K:
[3.078s] [01m[K/home/bobdobchob/osu-uwrt/development/software/src/mercury_autonomy/mercury_autonomy/include/mercury_autonomy/bt_actions/publish_ekf_pose.hpp:28:28:[m[K [01;36m[Knote: [m[K  candidate expects 3 arguments, 2 provided
[3.078s]    28 |       [01;36m[KBT::InputPort<double>("pitch", 0.0)[m[K,
[3.079s]       |       [01;36m[K~~~~~~~~~~~~~~~~~~~~~^~~~~~~~~~~~~~[m[K
[3.079s] [01m[K/home/bobdobchob/osu-uwrt/development/software/src/mercury_autonomy/mercury_autonomy/include/mercury_autonomy/bt_actions/publish_ekf_pose.hpp:29:28:[m[K [01;31m[Kerror: [m[Kno matching function for call to ‘[01m[KInputPort<double>(const char [4], double)[m[K’
[3.079s]    29 |       [01;31m[KBT::InputPort<double>("yaw", 0.0)[m[K,
[3.079s]       |       [01;31m[K~~~~~~~~~~~~~~~~~~~~~^~~~~~~~~~~~[m[K
[3.079s] In file included from [01m[K/home/bobdobchob/osu-uwrt/development/software/install/behaviortree_cpp/include/behaviortree_cpp/tree_node.h:16[m[K,
[3.079s]                  from [01m[K/home/bobdobchob/osu-uwrt/development/software/install/behaviortree_cpp/include/behaviortree_cpp/leaf_node.h:17[m[K,
[3.079s]                  from [01m[K/home/bobdobchob/osu-uwrt/development/software/install/behaviortree_cpp/include/behaviortree_cpp/action_node.h:17[m[K,
[3.079s]                  from [01m[K/home/bobdobchob/osu-uwrt/development/software/install/behaviortree_cpp/include/behaviortree_cpp/behavior_tree.h:16[m[K,
[3.079s]                  from [01m[K/home/bobdobchob/osu-uwrt/development/software/src/mercury_autonomy/mercury_autonomy/include/mercury_autonomy/autonomy_base.hpp:15[m[K,
[3.079s]                  from [01m[K/home/bobdobchob/osu-uwrt/development/software/src/mercury_autonomy/mercury_autonomy/include/mercury_autonomy/autonomy_lib.hpp:6[m[K,
[3.079s]                  from [01m[K/home/bobdobchob/osu-uwrt/development/software/src/mercury_autonomy/mercury_autonomy/include/mercury_autonomy/bt_actions/example_action.hpp:14[m[K,
[3.079s]                  from [01m[K/home/bobdobchob/osu-uwrt/development/software/src/mercury_autonomy/mercury_autonomy/src/register_actions.cpp:4[m[K:
[3.079s] [01m[K/home/bobdobchob/osu-uwrt/development/software/install/behaviortree_cpp/include/behaviortree_cpp/basic_types.h:484:1:[m[K [01;36m[Knote: [m[Kcandidate: ‘[01m[Kstd::pair<std::__cxx11::basic_string<char>, BT::PortInfo> BT::InputPort(BT::StringView, BT::StringView) [with T = double; BT::StringView = std::basic_string_view<char>][m[K’
[3.079s]   484 | [01;36m[KInputPort[m[K(StringView name, StringView description = {})
[3.079s]       | [01;36m[K^~~~~~~~~[m[K
[3.079s] [01m[K/home/bobdobchob/osu-uwrt/development/software/install/behaviortree_cpp/include/behaviortree_cpp/basic_types.h:484:39:[m[K [01;36m[Knote: [m[K  no known conversion for argument 2 from ‘[01m[Kdouble[m[K’ to ‘[01m[KBT::StringView[m[K’ {aka ‘[01m[Kstd::basic_string_view<char>[m[K’}
[3.079s]   484 | InputPort(StringView name, [01;36m[KStringView description = {}[m[K)
[3.079s]       |                            [01;36m[K~~~~~~~~~~~^~~~~~~~~~~~~~~~[m[K
[3.079s] [01m[K/home/bobdobchob/osu-uwrt/development/software/install/behaviortree_cpp/include/behaviortree_cpp/basic_types.h:554:1:[m[K [01;36m[Knote: [m[Kcandidate: ‘[01m[Ktemplate<class T, class DefaultT> std::pair<std::__cxx11::basic_string<char>, BT::PortInfo> BT::InputPort(BT::StringView, const DefaultT&, BT::StringView)[m[K’
[3.079s]   554 | [01;36m[KInputPort[m[K(StringView name, const DefaultT& default_value, StringView description)
[3.079s]       | [01;36m[K^~~~~~~~~[m[K
[3.079s] [01m[K/home/bobdobchob/osu-uwrt/development/software/install/behaviortree_cpp/include/behaviortree_cpp/basic_types.h:554:1:[m[K [01;36m[Knote: [m[K  template argument deduction/substitution failed:
[3.079s] In file included from [01m[K/home/bobdobchob/osu-uwrt/development/software/src/mercury_autonomy/mercury_autonomy/src/register_actions.cpp:17[m[K:
[3.079s] [01m[K/home/bobdobchob/osu-uwrt/development/software/src/mercury_autonomy/mercury_autonomy/include/mercury_autonomy/bt_actions/publish_ekf_pose.hpp:29:28:[m[K [01;36m[Knote: [m[K  candidate expects 3 arguments, 2 provided
[3.079s]    29 |       [01;36m[KBT::InputPort<double>("yaw", 0.0)[m[K,
[3.079s]       |       [01;36m[K~~~~~~~~~~~~~~~~~~~~~^~~~~~~~~~~~[m[K
[3.079s] [01m[K/home/bobdobchob/osu-uwrt/development/software/src/mercury_autonomy/mercury_autonomy/include/mercury_autonomy/bt_actions/publish_ekf_pose.hpp:30:26:[m[K [01;31m[Kerror: [m[Kno matching function for call to ‘[01m[KInputPort<bool>(const char [15], bool)[m[K’
[3.079s]    30 |       [01;31m[KBT::InputPort<bool>("setOrientation", false)[m[K,
[3.079s]       |       [01;31m[K~~~~~~~~~~~~~~~~~~~^~~~~~~~~~~~~~~~~~~~~~~~~[m[K
[3.079s] In file included from [01m[K/home/bobdobchob/osu-uwrt/development/software/install/behaviortree_cpp/include/behaviortree_cpp/tree_node.h:16[m[K,
[3.079s]                  from [01m[K/home/bobdobchob/osu-uwrt/development/software/install/behaviortree_cpp/include/behaviortree_cpp/leaf_node.h:17[m[K,
[3.079s]                  from [01m[K/home/bobdobchob/osu-uwrt/development/software/install/behaviortree_cpp/include/behaviortree_cpp/action_node.h:17[m[K,
[3.079s]                  from [01m[K/home/bobdobchob/osu-uwrt/development/software/install/behaviortree_cpp/include/behaviortree_cpp/behavior_tree.h:16[m[K,
[3.079s]                  from [01m[K/home/bobdobchob/osu-uwrt/development/software/src/mercury_autonomy/mercury_autonomy/include/mercury_autonomy/autonomy_base.hpp:15[m[K,
[3.079s]                  from [01m[K/home/bobdobchob/osu-uwrt/development/software/src/mercury_autonomy/mercury_autonomy/include/mercury_autonomy/autonomy_lib.hpp:6[m[K,
[3.079s]                  from [01m[K/home/bobdobchob/osu-uwrt/development/software/src/mercury_autonomy/mercury_autonomy/include/mercury_autonomy/bt_actions/example_action.hpp:14[m[K,
[3.080s]                  from [01m[K/home/bobdobchob/osu-uwrt/development/software/src/mercury_autonomy/mercury_autonomy/src/register_actions.cpp:4[m[K:
[3.080s] [01m[K/home/bobdobchob/osu-uwrt/development/software/install/behaviortree_cpp/include/behaviortree_cpp/basic_types.h:484:1:[m[K [01;36m[Knote: [m[Kcandidate: ‘[01m[Kstd::pair<std::__cxx11::basic_string<char>, BT::PortInfo> BT::InputPort(BT::StringView, BT::StringView) [with T = bool; BT::StringView = std::basic_string_view<char>][m[K’
[3.080s]   484 | [01;36m[KInputPort[m[K(StringView name, StringView description = {})
[3.080s]       | [01;36m[K^~~~~~~~~[m[K
[3.080s] [01m[K/home/bobdobchob/osu-uwrt/development/software/install/behaviortree_cpp/include/behaviortree_cpp/basic_types.h:484:39:[m[K [01;36m[Knote: [m[K  no known conversion for argument 2 from ‘[01m[Kbool[m[K’ to ‘[01m[KBT::StringView[m[K’ {aka ‘[01m[Kstd::basic_string_view<char>[m[K’}
[3.080s]   484 | InputPort(StringView name, [01;36m[KStringView description = {}[m[K)
[3.080s]       |                            [01;36m[K~~~~~~~~~~~^~~~~~~~~~~~~~~~[m[K
[3.080s] [01m[K/home/bobdobchob/osu-uwrt/development/software/install/behaviortree_cpp/include/behaviortree_cpp/basic_types.h:554:1:[m[K [01;36m[Knote: [m[Kcandidate: ‘[01m[Ktemplate<class T, class DefaultT> std::pair<std::__cxx11::basic_string<char>, BT::PortInfo> BT::InputPort(BT::StringView, const DefaultT&, BT::StringView)[m[K’
[3.080s]   554 | [01;36m[KInputPort[m[K(StringView name, const DefaultT& default_value, StringView description)
[3.080s]       | [01;36m[K^~~~~~~~~[m[K
[3.080s] [01m[K/home/bobdobchob/osu-uwrt/development/software/install/behaviortree_cpp/include/behaviortree_cpp/basic_types.h:554:1:[m[K [01;36m[Knote: [m[K  template argument deduction/substitution failed:
[3.080s] In file included from [01m[K/home/bobdobchob/osu-uwrt/development/software/src/mercury_autonomy/mercury_autonomy/src/register_actions.cpp:17[m[K:
[3.080s] [01m[K/home/bobdobchob/osu-uwrt/development/software/src/mercury_autonomy/mercury_autonomy/include/mercury_autonomy/bt_actions/publish_ekf_pose.hpp:30:26:[m[K [01;36m[Knote: [m[K  candidate expects 3 arguments, 2 provided
[3.080s]    30 |       [01;36m[KBT::InputPort<bool>("setOrientation", false)[m[K,
[3.080s]       |       [01;36m[K~~~~~~~~~~~~~~~~~~~^~~~~~~~~~~~~~~~~~~~~~~~~[m[K
[3.080s] [01m[K/home/bobdobchob/osu-uwrt/development/software/src/mercury_autonomy/mercury_autonomy/include/mercury_autonomy/bt_actions/publish_ekf_pose.hpp:31:5:[m[K [01;31m[Kerror: [m[Kcould not convert ‘[01m[K{<expression error>, <expression error>, <expression error>, <expression error>, <expression error>, <expression error>, <expression error>, <expression error>, <expression error>, <expression error>}[m[K’ from ‘[01m[K<brace-enclosed initializer list>[m[K’ to ‘[01m[KBT::PortsList[m[K’ {aka ‘[01m[Kstd::unordered_map<std::__cxx11::basic_string<char>, BT::PortInfo>[m[K’}
[3.080s]    31 |     [01;31m[K}[m[K;
[3.080s]       |     [01;31m[K^[m[K
[3.080s]       |     [01;31m[K|[m[K
[3.080s]       |     [01;31m[K<brace-enclosed initializer list>[m[K
[3.080s] In file included from [01m[K/home/bobdobchob/osu-uwrt/development/software/src/mercury_autonomy/mercury_autonomy/src/register_actions.cpp:18[m[K:
[3.080s] [01m[K/home/bobdobchob/osu-uwrt/development/software/src/mercury_autonomy/mercury_autonomy/include/mercury_autonomy/bt_actions/publish_int8.hpp:[m[K At global scope:
[3.080s] [01m[K/home/bobdobchob/osu-uwrt/development/software/src/mercury_autonomy/mercury_autonomy/include/mercury_autonomy/bt_actions/publish_int8.hpp:32:36:[m[K [01;31m[Kerror: [m[K‘[01m[KUInt16[m[K’ is not a member of ‘[01m[Kstd_msgs::msg[m[K’
[3.080s]    32 |   rclcpp::Publisher<std_msgs::msg::[01;31m[KUInt16[m[K>::SharedPtr pub_;
[3.080s]       |                                    [01;31m[K^~~~~~[m[K
[3.080s] [01m[K/home/bobdobchob/osu-uwrt/development/software/src/mercury_autonomy/mercury_autonomy/include/mercury_autonomy/bt_actions/publish_int8.hpp:32:42:[m[K [01;31m[Kerror: [m[Ktemplate argument 1 is invalid
[3.080s]    32 |   rclcpp::Publisher<std_msgs::msg::UInt16[01;31m[K>[m[K::SharedPtr pub_;
[3.080s]       |                                          [01;31m[K^[m[K
[3.080s] [01m[K/home/bobdobchob/osu-uwrt/development/software/src/mercury_autonomy/mercury_autonomy/include/mercury_autonomy/bt_actions/publish_int8.hpp:32:45:[m[K [01;31m[Kerror: [m[Kexpected ‘[01m[K;[m[K’ at end of member declaration
[3.080s]    32 |   rclcpp::Publisher<std_msgs::msg::UInt16>::[01;31m[KSharedPtr[m[K pub_;
[3.080s]       |                                             [01;31m[K^~~~~~~~~[m[K
[3.080s]       |                                                      [32m[K;[m[K
[3.080s] [01m[K/home/bobdobchob/osu-uwrt/development/software/src/mercury_autonomy/mercury_autonomy/include/mercury_autonomy/bt_actions/publish_int8.hpp:32:55:[m[K [01;31m[Kerror: [m[K‘[01m[Kpub_[m[K’ does not name a type
[3.080s]    32 |   rclcpp::Publisher<std_msgs::msg::UInt16>::SharedPtr [01;31m[Kpub_[m[K;
[3.080s]       |                                                       [01;31m[K^~~~[m[K
[3.080s] In file included from [01m[K/home/bobdobchob/osu-uwrt/development/software/src/mercury_autonomy/mercury_autonomy/test/test_legacy_action_nodes.cpp:12[m[K:
[3.080s] [01m[K/home/bobdobchob/osu-uwrt/development/software/src/mercury_autonomy/mercury_autonomy/include/mercury_autonomy/bt_actions/publish_ekf_pose.hpp:[m[K In static member function ‘[01m[Kstatic BT::PortsList mercury_autonomy::PublishEKFPose::providedPorts()[m[K’:
[3.080s] [01m[K/home/bobdobchob/osu-uwrt/development/software/src/mercury_autonomy/mercury_autonomy/include/mercury_autonomy/bt_actions/publish_ekf_pose.hpp:21:28:[m[K [01;31m[Kerror: [m[Kno matching function for call to ‘[01m[KInputPort<double>(const char [2], double)[m[K’
[3.080s]    21 |       [01;31m[KBT::InputPort<double>("x", 0.0)[m[K,
[3.081s]       |       [01;31m[K~~~~~~~~~~~~~~~~~~~~~^~~~~~~~~~[m[K
[3.081s] In file included from [01m[K/home/bobdobchob/osu-uwrt/development/software/install/behaviortree_cpp/include/behaviortree_cpp/tree_node.h:16[m[K,
[3.081s]                  from [01m[K/home/bobdobchob/osu-uwrt/development/software/install/behaviortree_cpp/include/behaviortree_cpp/leaf_node.h:17[m[K,
[3.081s]                  from [01m[K/home/bobdobchob/osu-uwrt/development/software/install/behaviortree_cpp/include/behaviortree_cpp/action_node.h:17[m[K,
[3.081s]                  from [01m[K/home/bobdobchob/osu-uwrt/development/software/install/behaviortree_cpp/include/behaviortree_cpp/behavior_tree.h:16[m[K,
[3.081s]                  from [01m[K/home/bobdobchob/osu-uwrt/development/software/src/mercury_autonomy/mercury_autonomy/test/test_legacy_action_nodes.cpp:5[m[K:
[3.081s] [01m[K/home/bobdobchob/osu-uwrt/development/software/install/behaviortree_cpp/include/behaviortree_cpp/basic_types.h:484:1:[m[K [01;36m[Knote: [m[Kcandidate: ‘[01m[Kstd::pair<std::__cxx11::basic_string<char>, BT::PortInfo> BT::InputPort(BT::StringView, BT::StringView) [with T = double; BT::StringView = std::basic_string_view<char>][m[K’
[3.081s]   484 | [01;36m[KInputPort[m[K(StringView name, StringView description = {})
[3.081s]       | [01;36m[K^~~~~~~~~[m[K
[3.081s] [01m[K/home/bobdobchob/osu-uwrt/development/software/install/behaviortree_cpp/include/behaviortree_cpp/basic_types.h:484:39:[m[K [01;36m[Knote: [m[K  no known conversion for argument 2 from ‘[01m[Kdouble[m[K’ to ‘[01m[KBT::StringView[m[K’ {aka ‘[01m[Kstd::basic_string_view<char>[m[K’}
[3.081s]   484 | InputPort(StringView name, [01;36m[KStringView description = {}[m[K)
[3.081s]       |                            [01;36m[K~~~~~~~~~~~^~~~~~~~~~~~~~~~[m[K
[3.081s] [01m[K/home/bobdobchob/osu-uwrt/development/software/install/behaviortree_cpp/include/behaviortree_cpp/basic_types.h:554:1:[m[K [01;36m[Knote: [m[Kcandidate: ‘[01m[Ktemplate<class T, class DefaultT> std::pair<std::__cxx11::basic_string<char>, BT::PortInfo> BT::InputPort(BT::StringView, const DefaultT&, BT::StringView)[m[K’
[3.081s]   554 | [01;36m[KInputPort[m[K(StringView name, const DefaultT& default_value, StringView description)
[3.081s]       | [01;36m[K^~~~~~~~~[m[K
[3.081s] [01m[K/home/bobdobchob/osu-uwrt/development/software/install/behaviortree_cpp/include/behaviortree_cpp/basic_types.h:554:1:[m[K [01;36m[Knote: [m[K  template argument deduction/substitution failed:
[3.081s] In file included from [01m[K/home/bobdobchob/osu-uwrt/development/software/src/mercury_autonomy/mercury_autonomy/test/test_legacy_action_nodes.cpp:12[m[K:
[3.081s] [01m[K/home/bobdobchob/osu-uwrt/development/software/src/mercury_autonomy/mercury_autonomy/include/mercury_autonomy/bt_actions/publish_ekf_pose.hpp:21:28:[m[K [01;36m[Knote: [m[K  candidate expects 3 arguments, 2 provided
[3.081s]    21 |       [01;36m[KBT::InputPort<double>("x", 0.0)[m[K,
[3.081s]       |       [01;36m[K~~~~~~~~~~~~~~~~~~~~~^~~~~~~~~~[m[K
[3.081s] [01m[K/home/bobdobchob/osu-uwrt/development/software/src/mercury_autonomy/mercury_autonomy/include/mercury_autonomy/bt_actions/publish_ekf_pose.hpp:22:26:[m[K [01;31m[Kerror: [m[Kno matching function for call to ‘[01m[KInputPort<bool>(const char [5], bool)[m[K’
[3.081s]    22 |       [01;31m[KBT::InputPort<bool>("setX", false)[m[K,
[3.081s]       |       [01;31m[K~~~~~~~~~~~~~~~~~~~^~~~~~~~~~~~~~~[m[K
[3.081s] In file included from [01m[K/home/bobdobchob/osu-uwrt/development/software/install/behaviortree_cpp/include/behaviortree_cpp/tree_node.h:16[m[K,
[3.081s]                  from [01m[K/home/bobdobchob/osu-uwrt/development/software/install/behaviortree_cpp/include/behaviortree_cpp/leaf_node.h:17[m[K,
[3.081s]                  from [01m[K/home/bobdobchob/osu-uwrt/development/software/install/behaviortree_cpp/include/behaviortree_cpp/action_node.h:17[m[K,
[3.081s]                  from [01m[K/home/bobdobchob/osu-uwrt/development/software/install/behaviortree_cpp/include/behaviortree_cpp/behavior_tree.h:16[m[K,
[3.081s]                  from [01m[K/home/bobdobchob/osu-uwrt/development/software/src/mercury_autonomy/mercury_autonomy/test/test_legacy_action_nodes.cpp:5[m[K:
[3.081s] [01m[K/home/bobdobchob/osu-uwrt/development/software/install/behaviortree_cpp/include/behaviortree_cpp/basic_types.h:484:1:[m[K [01;36m[Knote: [m[Kcandidate: ‘[01m[Kstd::pair<std::__cxx11::basic_string<char>, BT::PortInfo> BT::InputPort(BT::StringView, BT::StringView) [with T = bool; BT::StringView = std::basic_string_view<char>][m[K’
[3.081s]   484 | [01;36m[KInputPort[m[K(StringView name, StringView description = {})
[3.081s]       | [01;36m[K^~~~~~~~~[m[K
[3.081s] [01m[K/home/bobdobchob/osu-uwrt/development/software/install/behaviortree_cpp/include/behaviortree_cpp/basic_types.h:484:39:[m[K [01;36m[Knote: [m[K  no known conversion for argument 2 from ‘[01m[Kbool[m[K’ to ‘[01m[KBT::StringView[m[K’ {aka ‘[01m[Kstd::basic_string_view<char>[m[K’}
[3.081s]   484 | InputPort(StringView name, [01;36m[KStringView description = {}[m[K)
[3.081s]       |                            [01;36m[K~~~~~~~~~~~^~~~~~~~~~~~~~~~[m[K
[3.081s] [01m[K/home/bobdobchob/osu-uwrt/development/software/install/behaviortree_cpp/include/behaviortree_cpp/basic_types.h:554:1:[m[K [01;36m[Knote: [m[Kcandidate: ‘[01m[Ktemplate<class T, class DefaultT> std::pair<std::__cxx11::basic_string<char>, BT::PortInfo> BT::InputPort(BT::StringView, const DefaultT&, BT::StringView)[m[K’
[3.081s]   554 | [01;36m[KInputPort[m[K(StringView name, const DefaultT& default_value, StringView description)
[3.081s]       | [01;36m[K^~~~~~~~~[m[K
[3.081s] [01m[K/home/bobdobchob/osu-uwrt/development/software/install/behaviortree_cpp/include/behaviortree_cpp/basic_types.h:554:1:[m[K [01;36m[Knote: [m[K  template argument deduction/substitution failed:
[3.081s] In file included from [01m[K/home/bobdobchob/osu-uwrt/development/software/src/mercury_autonomy/mercury_autonomy/test/test_legacy_action_nodes.cpp:12[m[K:
[3.081s] [01m[K/home/bobdobchob/osu-uwrt/development/software/src/mercury_autonomy/mercury_autonomy/include/mercury_autonomy/bt_actions/publish_ekf_pose.hpp:22:26:[m[K [01;36m[Knote: [m[K  candidate expects 3 arguments, 2 provided
[3.082s]    22 |       [01;36m[KBT::InputPort<bool>("setX", false)[m[K,
[3.082s]       |       [01;36m[K~~~~~~~~~~~~~~~~~~~^~~~~~~~~~~~~~~[m[K
[3.082s] [01m[K/home/bobdobchob/osu-uwrt/development/software/src/mercury_autonomy/mercury_autonomy/include/mercury_autonomy/bt_actions/publish_ekf_pose.hpp:23:28:[m[K [01;31m[Kerror: [m[Kno matching function for call to ‘[01m[KInputPort<double>(const char [2], double)[m[K’
[3.082s]    23 |       [01;31m[KBT::InputPort<double>("y", 0.0)[m[K,
[3.082s]       |       [01;31m[K~~~~~~~~~~~~~~~~~~~~~^~~~~~~~~~[m[K
[3.082s] In file included from [01m[K/home/bobdobchob/osu-uwrt/development/software/install/behaviortree_cpp/include/behaviortree_cpp/tree_node.h:16[m[K,
[3.082s]                  from [01m[K/home/bobdobchob/osu-uwrt/development/software/install/behaviortree_cpp/include/behaviortree_cpp/leaf_node.h:17[m[K,
[3.082s]                  from [01m[K/home/bobdobchob/osu-uwrt/development/software/install/behaviortree_cpp/include/behaviortree_cpp/action_node.h:17[m[K,
[3.082s]                  from [01m[K/home/bobdobchob/osu-uwrt/development/software/install/behaviortree_cpp/include/behaviortree_cpp/behavior_tree.h:16[m[K,
[3.082s]                  from [01m[K/home/bobdobchob/osu-uwrt/development/software/src/mercury_autonomy/mercury_autonomy/test/test_legacy_action_nodes.cpp:5[m[K:
[3.082s] [01m[K/home/bobdobchob/osu-uwrt/development/software/install/behaviortree_cpp/include/behaviortree_cpp/basic_types.h:484:1:[m[K [01;36m[Knote: [m[Kcandidate: ‘[01m[Kstd::pair<std::__cxx11::basic_string<char>, BT::PortInfo> BT::InputPort(BT::StringView, BT::StringView) [with T = double; BT::StringView = std::basic_string_view<char>][m[K’
[3.082s]   484 | [01;36m[KInputPort[m[K(StringView name, StringView description = {})
[3.082s]       | [01;36m[K^~~~~~~~~[m[K
[3.082s] [01m[K/home/bobdobchob/osu-uwrt/development/software/install/behaviortree_cpp/include/behaviortree_cpp/basic_types.h:484:39:[m[K [01;36m[Knote: [m[K  no known conversion for argument 2 from ‘[01m[Kdouble[m[K’ to ‘[01m[KBT::StringView[m[K’ {aka ‘[01m[Kstd::basic_string_view<char>[m[K’}
[3.082s]   484 | InputPort(StringView name, [01;36m[KStringView description = {}[m[K)
[3.082s]       |                            [01;36m[K~~~~~~~~~~~^~~~~~~~~~~~~~~~[m[K
[3.082s] [01m[K/home/bobdobchob/osu-uwrt/development/software/install/behaviortree_cpp/include/behaviortree_cpp/basic_types.h:554:1:[m[K [01;36m[Knote: [m[Kcandidate: ‘[01m[Ktemplate<class T, class DefaultT> std::pair<std::__cxx11::basic_string<char>, BT::PortInfo> BT::InputPort(BT::StringView, const DefaultT&, BT::StringView)[m[K’
[3.082s]   554 | [01;36m[KInputPort[m[K(StringView name, const DefaultT& default_value, StringView description)
[3.082s]       | [01;36m[K^~~~~~~~~[m[K
[3.082s] [01m[K/home/bobdobchob/osu-uwrt/development/software/install/behaviortree_cpp/include/behaviortree_cpp/basic_types.h:554:1:[m[K [01;36m[Knote: [m[K  template argument deduction/substitution failed:
[3.082s] In file included from [01m[K/home/bobdobchob/osu-uwrt/development/software/src/mercury_autonomy/mercury_autonomy/test/test_legacy_action_nodes.cpp:12[m[K:
[3.082s] [01m[K/home/bobdobchob/osu-uwrt/development/software/src/mercury_autonomy/mercury_autonomy/include/mercury_autonomy/bt_actions/publish_ekf_pose.hpp:23:28:[m[K [01;36m[Knote: [m[K  candidate expects 3 arguments, 2 provided
[3.082s]    23 |       [01;36m[KBT::InputPort<double>("y", 0.0)[m[K,
[3.082s]       |       [01;36m[K~~~~~~~~~~~~~~~~~~~~~^~~~~~~~~~[m[K
[3.082s] [01m[K/home/bobdobchob/osu-uwrt/development/software/src/mercury_autonomy/mercury_autonomy/include/mercury_autonomy/bt_actions/publish_ekf_pose.hpp:24:26:[m[K [01;31m[Kerror: [m[Kno matching function for call to ‘[01m[KInputPort<bool>(const char [5], bool)[m[K’
[3.082s]    24 |       [01;31m[KBT::InputPort<bool>("setY", false)[m[K,
[3.082s]       |       [01;31m[K~~~~~~~~~~~~~~~~~~~^~~~~~~~~~~~~~~[m[K
[3.082s] In file included from [01m[K/home/bobdobchob/osu-uwrt/development/software/install/behaviortree_cpp/include/behaviortree_cpp/tree_node.h:16[m[K,
[3.082s]                  from [01m[K/home/bobdobchob/osu-uwrt/development/software/install/behaviortree_cpp/include/behaviortree_cpp/leaf_node.h:17[m[K,
[3.082s]                  from [01m[K/home/bobdobchob/osu-uwrt/development/software/install/behaviortree_cpp/include/behaviortree_cpp/action_node.h:17[m[K,
[3.082s]                  from [01m[K/home/bobdobchob/osu-uwrt/development/software/install/behaviortree_cpp/include/behaviortree_cpp/behavior_tree.h:16[m[K,
[3.083s]                  from [01m[K/home/bobdobchob/osu-uwrt/development/software/src/mercury_autonomy/mercury_autonomy/test/test_legacy_action_nodes.cpp:5[m[K:
[3.083s] [01m[K/home/bobdobchob/osu-uwrt/development/software/install/behaviortree_cpp/include/behaviortree_cpp/basic_types.h:484:1:[m[K [01;36m[Knote: [m[Kcandidate: ‘[01m[Kstd::pair<std::__cxx11::basic_string<char>, BT::PortInfo> BT::InputPort(BT::StringView, BT::StringView) [with T = bool; BT::StringView = std::basic_string_view<char>][m[K’
[3.083s]   484 | [01;36m[KInputPort[m[K(StringView name, StringView description = {})
[3.083s]       | [01;36m[K^~~~~~~~~[m[K
[3.083s] [01m[K/home/bobdobchob/osu-uwrt/development/software/install/behaviortree_cpp/include/behaviortree_cpp/basic_types.h:484:39:[m[K [01;36m[Knote: [m[K  no known conversion for argument 2 from ‘[01m[Kbool[m[K’ to ‘[01m[KBT::StringView[m[K’ {aka ‘[01m[Kstd::basic_string_view<char>[m[K’}
[3.083s]   484 | InputPort(StringView name, [01;36m[KStringView description = {}[m[K)
[3.083s]       |                            [01;36m[K~~~~~~~~~~~^~~~~~~~~~~~~~~~[m[K
[3.083s] [01m[K/home/bobdobchob/osu-uwrt/development/software/install/behaviortree_cpp/include/behaviortree_cpp/basic_types.h:554:1:[m[K [01;36m[Knote: [m[Kcandidate: ‘[01m[Ktemplate<class T, class DefaultT> std::pair<std::__cxx11::basic_string<char>, BT::PortInfo> BT::InputPort(BT::StringView, const DefaultT&, BT::StringView)[m[K’
[3.083s]   554 | [01;36m[KInputPort[m[K(StringView name, const DefaultT& default_value, StringView description)
[3.083s]       | [01;36m[K^~~~~~~~~[m[K
[3.083s] [01m[K/home/bobdobchob/osu-uwrt/development/software/install/behaviortree_cpp/include/behaviortree_cpp/basic_types.h:554:1:[m[K [01;36m[Knote: [m[K  template argument deduction/substitution failed:
[3.083s] In file included from [01m[K/home/bobdobchob/osu-uwrt/development/software/src/mercury_autonomy/mercury_autonomy/test/test_legacy_action_nodes.cpp:12[m[K:
[3.083s] [01m[K/home/bobdobchob/osu-uwrt/development/software/src/mercury_autonomy/mercury_autonomy/include/mercury_autonomy/bt_actions/publish_ekf_pose.hpp:24:26:[m[K [01;36m[Knote: [m[K  candidate expects 3 arguments, 2 provided
[3.083s]    24 |       [01;36m[KBT::InputPort<bool>("setY", false)[m[K,
[3.083s]       |       [01;36m[K~~~~~~~~~~~~~~~~~~~^~~~~~~~~~~~~~~[m[K
[3.083s] [01m[K/home/bobdobchob/osu-uwrt/development/software/src/mercury_autonomy/mercury_autonomy/include/mercury_autonomy/bt_actions/publish_ekf_pose.hpp:25:28:[m[K [01;31m[Kerror: [m[Kno matching function for call to ‘[01m[KInputPort<double>(const char [2], double)[m[K’
[3.083s]    25 |       [01;31m[KBT::InputPort<double>("z", 0.0)[m[K,
[3.083s]       |       [01;31m[K~~~~~~~~~~~~~~~~~~~~~^~~~~~~~~~[m[K
[3.083s] In file included from [01m[K/home/bobdobchob/osu-uwrt/development/software/install/behaviortree_cpp/include/behaviortree_cpp/tree_node.h:16[m[K,
[3.083s]                  from [01m[K/home/bobdobchob/osu-uwrt/development/software/install/behaviortree_cpp/include/behaviortree_cpp/leaf_node.h:17[m[K,
[3.083s]                  from [01m[K/home/bobdobchob/osu-uwrt/development/software/install/behaviortree_cpp/include/behaviortree_cpp/action_node.h:17[m[K,
[3.083s]                  from [01m[K/home/bobdobchob/osu-uwrt/development/software/install/behaviortree_cpp/include/behaviortree_cpp/behavior_tree.h:16[m[K,
[3.083s]                  from [01m[K/home/bobdobchob/osu-uwrt/development/software/src/mercury_autonomy/mercury_autonomy/test/test_legacy_action_nodes.cpp:5[m[K:
[3.083s] [01m[K/home/bobdobchob/osu-uwrt/development/software/install/behaviortree_cpp/include/behaviortree_cpp/basic_types.h:484:1:[m[K [01;36m[Knote: [m[Kcandidate: ‘[01m[Kstd::pair<std::__cxx11::basic_string<char>, BT::PortInfo> BT::InputPort(BT::StringView, BT::StringView) [with T = double; BT::StringView = std::basic_string_view<char>][m[K’
[3.083s]   484 | [01;36m[KInputPort[m[K(StringView name, StringView description = {})
[3.083s]       | [01;36m[K^~~~~~~~~[m[K
[3.083s] [01m[K/home/bobdobchob/osu-uwrt/development/software/install/behaviortree_cpp/include/behaviortree_cpp/basic_types.h:484:39:[m[K [01;36m[Knote: [m[K  no known conversion for argument 2 from ‘[01m[Kdouble[m[K’ to ‘[01m[KBT::StringView[m[K’ {aka ‘[01m[Kstd::basic_string_view<char>[m[K’}
[3.083s]   484 | InputPort(StringView name, [01;36m[KStringView description = {}[m[K)
[3.083s]       |                            [01;36m[K~~~~~~~~~~~^~~~~~~~~~~~~~~~[m[K
[3.083s] [01m[K/home/bobdobchob/osu-uwrt/development/software/install/behaviortree_cpp/include/behaviortree_cpp/basic_types.h:554:1:[m[K [01;36m[Knote: [m[Kcandidate: ‘[01m[Ktemplate<class T, class DefaultT> std::pair<std::__cxx11::basic_string<char>, BT::PortInfo> BT::InputPort(BT::StringView, const DefaultT&, BT::StringView)[m[K’
[3.083s]   554 | [01;36m[KInputPort[m[K(StringView name, const DefaultT& default_value, StringView description)
[3.084s]       | [01;36m[K^~~~~~~~~[m[K
[3.084s] [01m[K/home/bobdobchob/osu-uwrt/development/software/install/behaviortree_cpp/include/behaviortree_cpp/basic_types.h:554:1:[m[K [01;36m[Knote: [m[K  template argument deduction/substitution failed:
[3.084s] In file included from [01m[K/home/bobdobchob/osu-uwrt/development/software/src/mercury_autonomy/mercury_autonomy/test/test_legacy_action_nodes.cpp:12[m[K:
[3.084s] [01m[K/home/bobdobchob/osu-uwrt/development/software/src/mercury_autonomy/mercury_autonomy/include/mercury_autonomy/bt_actions/publish_ekf_pose.hpp:25:28:[m[K [01;36m[Knote: [m[K  candidate expects 3 arguments, 2 provided
[3.084s]    25 |       [01;36m[KBT::InputPort<double>("z", 0.0)[m[K,
[3.084s]       |       [01;36m[K~~~~~~~~~~~~~~~~~~~~~^~~~~~~~~~[m[K
[3.084s] [01m[K/home/bobdobchob/osu-uwrt/development/software/src/mercury_autonomy/mercury_autonomy/include/mercury_autonomy/bt_actions/publish_ekf_pose.hpp:26:26:[m[K [01;31m[Kerror: [m[Kno matching function for call to ‘[01m[KInputPort<bool>(const char [5], bool)[m[K’
[3.084s]    26 |       [01;31m[KBT::InputPort<bool>("setZ", false)[m[K,
[3.084s]       |       [01;31m[K~~~~~~~~~~~~~~~~~~~^~~~~~~~~~~~~~~[m[K
[3.084s] In file included from [01m[K/home/bobdobchob/osu-uwrt/development/software/install/behaviortree_cpp/include/behaviortree_cpp/tree_node.h:16[m[K,
[3.084s]                  from [01m[K/home/bobdobchob/osu-uwrt/development/software/install/behaviortree_cpp/include/behaviortree_cpp/leaf_node.h:17[m[K,
[3.084s]                  from [01m[K/home/bobdobchob/osu-uwrt/development/software/install/behaviortree_cpp/include/behaviortree_cpp/action_node.h:17[m[K,
[3.084s]                  from [01m[K/home/bobdobchob/osu-uwrt/development/software/install/behaviortree_cpp/include/behaviortree_cpp/behavior_tree.h:16[m[K,
[3.084s]                  from [01m[K/home/bobdobchob/osu-uwrt/development/software/src/mercury_autonomy/mercury_autonomy/test/test_legacy_action_nodes.cpp:5[m[K:
[3.084s] [01m[K/home/bobdobchob/osu-uwrt/development/software/install/behaviortree_cpp/include/behaviortree_cpp/basic_types.h:484:1:[m[K [01;36m[Knote: [m[Kcandidate: ‘[01m[Kstd::pair<std::__cxx11::basic_string<char>, BT::PortInfo> BT::InputPort(BT::StringView, BT::StringView) [with T = bool; BT::StringView = std::basic_string_view<char>][m[K’
[3.084s]   484 | [01;36m[KInputPort[m[K(StringView name, StringView description = {})
[3.084s]       | [01;36m[K^~~~~~~~~[m[K
[3.084s] [01m[K/home/bobdobchob/osu-uwrt/development/software/install/behaviortree_cpp/include/behaviortree_cpp/basic_types.h:484:39:[m[K [01;36m[Knote: [m[K  no known conversion for argument 2 from ‘[01m[Kbool[m[K’ to ‘[01m[KBT::StringView[m[K’ {aka ‘[01m[Kstd::basic_string_view<char>[m[K’}
[3.084s]   484 | InputPort(StringView name, [01;36m[KStringView description = {}[m[K)
[3.084s]       |                            [01;36m[K~~~~~~~~~~~^~~~~~~~~~~~~~~~[m[K
[3.084s] [01m[K/home/bobdobchob/osu-uwrt/development/software/install/behaviortree_cpp/include/behaviortree_cpp/basic_types.h:554:1:[m[K [01;36m[Knote: [m[Kcandidate: ‘[01m[Ktemplate<class T, class DefaultT> std::pair<std::__cxx11::basic_string<char>, BT::PortInfo> BT::InputPort(BT::StringView, const DefaultT&, BT::StringView)[m[K’
[3.084s]   554 | [01;36m[KInputPort[m[K(StringView name, const DefaultT& default_value, StringView description)
[3.084s]       | [01;36m[K^~~~~~~~~[m[K
[3.084s] [01m[K/home/bobdobchob/osu-uwrt/development/software/install/behaviortree_cpp/include/behaviortree_cpp/basic_types.h:554:1:[m[K [01;36m[Knote: [m[K  template argument deduction/substitution failed:
[3.084s] In file included from [01m[K/home/bobdobchob/osu-uwrt/development/software/src/mercury_autonomy/mercury_autonomy/test/test_legacy_action_nodes.cpp:12[m[K:
[3.084s] [01m[K/home/bobdobchob/osu-uwrt/development/software/src/mercury_autonomy/mercury_autonomy/include/mercury_autonomy/bt_actions/publish_ekf_pose.hpp:26:26:[m[K [01;36m[Knote: [m[K  candidate expects 3 arguments, 2 provided
[3.084s]    26 |       [01;36m[KBT::InputPort<bool>("setZ", false)[m[K,
[3.084s]       |       [01;36m[K~~~~~~~~~~~~~~~~~~~^~~~~~~~~~~~~~~[m[K
[3.084s] [01m[K/home/bobdobchob/osu-uwrt/development/software/src/mercury_autonomy/mercury_autonomy/include/mercury_autonomy/bt_actions/publish_ekf_pose.hpp:27:28:[m[K [01;31m[Kerror: [m[Kno matching function for call to ‘[01m[KInputPort<double>(const char [5], double)[m[K’
[3.084s]    27 |       [01;31m[KBT::InputPort<double>("roll", 0.0)[m[K,
[3.084s]       |       [01;31m[K~~~~~~~~~~~~~~~~~~~~~^~~~~~~~~~~~~[m[K
[3.084s] In file included from [01m[K/home/bobdobchob/osu-uwrt/development/software/install/behaviortree_cpp/include/behaviortree_cpp/tree_node.h:16[m[K,
[3.084s]                  from [01m[K/home/bobdobchob/osu-uwrt/development/software/install/behaviortree_cpp/include/behaviortree_cpp/leaf_node.h:17[m[K,
[3.084s]                  from [01m[K/home/bobdobchob/osu-uwrt/development/software/install/behaviortree_cpp/include/behaviortree_cpp/action_node.h:17[m[K,
[3.084s]                  from [01m[K/home/bobdobchob/osu-uwrt/development/software/install/behaviortree_cpp/include/behaviortree_cpp/behavior_tree.h:16[m[K,
[3.084s]                  from [01m[K/home/bobdobchob/osu-uwrt/development/software/src/mercury_autonomy/mercury_autonomy/test/test_legacy_action_nodes.cpp:5[m[K:
[3.084s] [01m[K/home/bobdobchob/osu-uwrt/development/software/install/behaviortree_cpp/include/behaviortree_cpp/basic_types.h:484:1:[m[K [01;36m[Knote: [m[Kcandidate: ‘[01m[Kstd::pair<std::__cxx11::basic_string<char>, BT::PortInfo> BT::InputPort(BT::StringView, BT::StringView) [with T = double; BT::StringView = std::basic_string_view<char>][m[K’
[3.084s]   484 | [01;36m[KInputPort[m[K(StringView name, StringView description = {})
[3.084s]       | [01;36m[K^~~~~~~~~[m[K
[3.084s] [01m[K/home/bobdobchob/osu-uwrt/development/software/install/behaviortree_cpp/include/behaviortree_cpp/basic_types.h:484:39:[m[K [01;36m[Knote: [m[K  no known conversion for argument 2 from ‘[01m[Kdouble[m[K’ to ‘[01m[KBT::StringView[m[K’ {aka ‘[01m[Kstd::basic_string_view<char>[m[K’}
[3.085s]   484 | InputPort(StringView name, [01;36m[KStringView description = {}[m[K)
[3.085s]       |                            [01;36m[K~~~~~~~~~~~^~~~~~~~~~~~~~~~[m[K
[3.085s] [01m[K/home/bobdobchob/osu-uwrt/development/software/install/behaviortree_cpp/include/behaviortree_cpp/basic_types.h:554:1:[m[K [01;36m[Knote: [m[Kcandidate: ‘[01m[Ktemplate<class T, class DefaultT> std::pair<std::__cxx11::basic_string<char>, BT::PortInfo> BT::InputPort(BT::StringView, const DefaultT&, BT::StringView)[m[K’
[3.085s]   554 | [01;36m[KInputPort[m[K(StringView name, const DefaultT& default_value, StringView description)
[3.085s]       | [01;36m[K^~~~~~~~~[m[K
[3.085s] [01m[K/home/bobdobchob/osu-uwrt/development/software/install/behaviortree_cpp/include/behaviortree_cpp/basic_types.h:554:1:[m[K [01;36m[Knote: [m[K  template argument deduction/substitution failed:
[3.085s] In file included from [01m[K/home/bobdobchob/osu-uwrt/development/software/src/mercury_autonomy/mercury_autonomy/test/test_legacy_action_nodes.cpp:12[m[K:
[3.085s] [01m[K/home/bobdobchob/osu-uwrt/development/software/src/mercury_autonomy/mercury_autonomy/include/mercury_autonomy/bt_actions/publish_ekf_pose.hpp:27:28:[m[K [01;36m[Knote: [m[K  candidate expects 3 arguments, 2 provided
[3.085s]    27 |       [01;36m[KBT::InputPort<double>("roll", 0.0)[m[K,
[3.085s]       |       [01;36m[K~~~~~~~~~~~~~~~~~~~~~^~~~~~~~~~~~~[m[K
[3.085s] [01m[K/home/bobdobchob/osu-uwrt/development/software/src/mercury_autonomy/mercury_autonomy/include/mercury_autonomy/bt_actions/publish_ekf_pose.hpp:28:28:[m[K [01;31m[Kerror: [m[Kno matching function for call to ‘[01m[KInputPort<double>(const char [6], double)[m[K’
[3.085s]    28 |       [01;31m[KBT::InputPort<double>("pitch", 0.0)[m[K,
[3.085s]       |       [01;31m[K~~~~~~~~~~~~~~~~~~~~~^~~~~~~~~~~~~~[m[K
[3.085s] In file included from [01m[K/home/bobdobchob/osu-uwrt/development/software/install/behaviortree_cpp/include/behaviortree_cpp/tree_node.h:16[m[K,
[3.085s]                  from [01m[K/home/bobdobchob/osu-uwrt/development/software/install/behaviortree_cpp/include/behaviortree_cpp/leaf_node.h:17[m[K,
[3.085s]                  from [01m[K/home/bobdobchob/osu-uwrt/development/software/install/behaviortree_cpp/include/behaviortree_cpp/action_node.h:17[m[K,
[3.085s]                  from [01m[K/home/bobdobchob/osu-uwrt/development/software/install/behaviortree_cpp/include/behaviortree_cpp/behavior_tree.h:16[m[K,
[3.085s]                  from [01m[K/home/bobdobchob/osu-uwrt/development/software/src/mercury_autonomy/mercury_autonomy/test/test_legacy_action_nodes.cpp:5[m[K:
[3.085s] [01m[K/home/bobdobchob/osu-uwrt/development/software/install/behaviortree_cpp/include/behaviortree_cpp/basic_types.h:484:1:[m[K [01;36m[Knote: [m[Kcandidate: ‘[01m[Kstd::pair<std::__cxx11::basic_string<char>, BT::PortInfo> BT::InputPort(BT::StringView, BT::StringView) [with T = double; BT::StringView = std::basic_string_view<char>][m[K’
[3.085s]   484 | [01;36m[KInputPort[m[K(StringView name, StringView description = {})
[3.085s]       | [01;36m[K^~~~~~~~~[m[K
[3.085s] [01m[K/home/bobdobchob/osu-uwrt/development/software/install/behaviortree_cpp/include/behaviortree_cpp/basic_types.h:484:39:[m[K [01;36m[Knote: [m[K  no known conversion for argument 2 from ‘[01m[Kdouble[m[K’ to ‘[01m[KBT::StringView[m[K’ {aka ‘[01m[Kstd::basic_string_view<char>[m[K’}
[3.085s]   484 | InputPort(StringView name, [01;36m[KStringView description = {}[m[K)
[3.085s]       |                            [01;36m[K~~~~~~~~~~~^~~~~~~~~~~~~~~~[m[K
[3.085s] [01m[K/home/bobdobchob/osu-uwrt/development/software/install/behaviortree_cpp/include/behaviortree_cpp/basic_types.h:554:1:[m[K [01;36m[Knote: [m[Kcandidate: ‘[01m[Ktemplate<class T, class DefaultT> std::pair<std::__cxx11::basic_string<char>, BT::PortInfo> BT::InputPort(BT::StringView, const DefaultT&, BT::StringView)[m[K’
[3.085s]   554 | [01;36m[KInputPort[m[K(StringView name, const DefaultT& default_value, StringView description)
[3.085s]       | [01;36m[K^~~~~~~~~[m[K
[3.085s] [01m[K/home/bobdobchob/osu-uwrt/development/software/install/behaviortree_cpp/include/behaviortree_cpp/basic_types.h:554:1:[m[K [01;36m[Knote: [m[K  template argument deduction/substitution failed:
[3.085s] In file included from [01m[K/home/bobdobchob/osu-uwrt/development/software/src/mercury_autonomy/mercury_autonomy/test/test_legacy_action_nodes.cpp:12[m[K:
[3.085s] [01m[K/home/bobdobchob/osu-uwrt/development/software/src/mercury_autonomy/mercury_autonomy/include/mercury_autonomy/bt_actions/publish_ekf_pose.hpp:28:28:[m[K [01;36m[Knote: [m[K  candidate expects 3 arguments, 2 provided
[3.085s]    28 |       [01;36m[KBT::InputPort<double>("pitch", 0.0)[m[K,
[3.085s]       |       [01;36m[K~~~~~~~~~~~~~~~~~~~~~^~~~~~~~~~~~~~[m[K
[3.085s] [01m[K/home/bobdobchob/osu-uwrt/development/software/src/mercury_autonomy/mercury_autonomy/include/mercury_autonomy/bt_actions/publish_ekf_pose.hpp:29:28:[m[K [01;31m[Kerror: [m[Kno matching function for call to ‘[01m[KInputPort<double>(const char [4], double)[m[K’
[3.085s]    29 |       [01;31m[KBT::InputPort<double>("yaw", 0.0)[m[K,
[3.085s]       |       [01;31m[K~~~~~~~~~~~~~~~~~~~~~^~~~~~~~~~~~[m[K
[3.085s] In file included from [01m[K/home/bobdobchob/osu-uwrt/development/software/install/behaviortree_cpp/include/behaviortree_cpp/tree_node.h:16[m[K,
[3.086s]                  from [01m[K/home/bobdobchob/osu-uwrt/development/software/install/behaviortree_cpp/include/behaviortree_cpp/leaf_node.h:17[m[K,
[3.086s]                  from [01m[K/home/bobdobchob/osu-uwrt/development/software/install/behaviortree_cpp/include/behaviortree_cpp/action_node.h:17[m[K,
[3.086s]                  from [01m[K/home/bobdobchob/osu-uwrt/development/software/install/behaviortree_cpp/include/behaviortree_cpp/behavior_tree.h:16[m[K,
[3.086s]                  from [01m[K/home/bobdobchob/osu-uwrt/development/software/src/mercury_autonomy/mercury_autonomy/test/test_legacy_action_nodes.cpp:5[m[K:
[3.086s] [01m[K/home/bobdobchob/osu-uwrt/development/software/install/behaviortree_cpp/include/behaviortree_cpp/basic_types.h:484:1:[m[K [01;36m[Knote: [m[Kcandidate: ‘[01m[Kstd::pair<std::__cxx11::basic_string<char>, BT::PortInfo> BT::InputPort(BT::StringView, BT::StringView) [with T = double; BT::StringView = std::basic_string_view<char>][m[K’
[3.086s]   484 | [01;36m[KInputPort[m[K(StringView name, StringView description = {})
[3.086s]       | [01;36m[K^~~~~~~~~[m[K
[3.086s] [01m[K/home/bobdobchob/osu-uwrt/development/software/install/behaviortree_cpp/include/behaviortree_cpp/basic_types.h:484:39:[m[K [01;36m[Knote: [m[K  no known conversion for argument 2 from ‘[01m[Kdouble[m[K’ to ‘[01m[KBT::StringView[m[K’ {aka ‘[01m[Kstd::basic_string_view<char>[m[K’}
[3.086s]   484 | InputPort(StringView name, [01;36m[KStringView description = {}[m[K)
[3.086s]       |                            [01;36m[K~~~~~~~~~~~^~~~~~~~~~~~~~~~[m[K
[3.086s] [01m[K/home/bobdobchob/osu-uwrt/development/software/install/behaviortree_cpp/include/behaviortree_cpp/basic_types.h:554:1:[m[K [01;36m[Knote: [m[Kcandidate: ‘[01m[Ktemplate<class T, class DefaultT> std::pair<std::__cxx11::basic_string<char>, BT::PortInfo> BT::InputPort(BT::StringView, const DefaultT&, BT::StringView)[m[K’
[3.086s]   554 | [01;36m[KInputPort[m[K(StringView name, const DefaultT& default_value, StringView description)
[3.086s]       | [01;36m[K^~~~~~~~~[m[K
[3.086s] [01m[K/home/bobdobchob/osu-uwrt/development/software/install/behaviortree_cpp/include/behaviortree_cpp/basic_types.h:554:1:[m[K [01;36m[Knote: [m[K  template argument deduction/substitution failed:
[3.086s] In file included from [01m[K/home/bobdobchob/osu-uwrt/development/software/src/mercury_autonomy/mercury_autonomy/test/test_legacy_action_nodes.cpp:12[m[K:
[3.086s] [01m[K/home/bobdobchob/osu-uwrt/development/software/src/mercury_autonomy/mercury_autonomy/include/mercury_autonomy/bt_actions/publish_ekf_pose.hpp:29:28:[m[K [01;36m[Knote: [m[K  candidate expects 3 arguments, 2 provided
[3.086s]    29 |       [01;36m[KBT::InputPort<double>("yaw", 0.0)[m[K,
[3.086s]       |       [01;36m[K~~~~~~~~~~~~~~~~~~~~~^~~~~~~~~~~~[m[K
[3.086s] [01m[K/home/bobdobchob/osu-uwrt/development/software/src/mercury_autonomy/mercury_autonomy/include/mercury_autonomy/bt_actions/publish_ekf_pose.hpp:30:26:[m[K [01;31m[Kerror: [m[Kno matching function for call to ‘[01m[KInputPort<bool>(const char [15], bool)[m[K’
[3.086s]    30 |       [01;31m[KBT::InputPort<bool>("setOrientation", false)[m[K,
[3.086s]       |       [01;31m[K~~~~~~~~~~~~~~~~~~~^~~~~~~~~~~~~~~~~~~~~~~~~[m[K
[3.086s] In file included from [01m[K/home/bobdobchob/osu-uwrt/development/software/install/behaviortree_cpp/include/behaviortree_cpp/tree_node.h:16[m[K,
[3.086s]                  from [01m[K/home/bobdobchob/osu-uwrt/development/software/install/behaviortree_cpp/include/behaviortree_cpp/leaf_node.h:17[m[K,
[3.086s]                  from [01m[K/home/bobdobchob/osu-uwrt/development/software/install/behaviortree_cpp/include/behaviortree_cpp/action_node.h:17[m[K,
[3.086s]                  from [01m[K/home/bobdobchob/osu-uwrt/development/software/install/behaviortree_cpp/include/behaviortree_cpp/behavior_tree.h:16[m[K,
[3.086s]                  from [01m[K/home/bobdobchob/osu-uwrt/development/software/src/mercury_autonomy/mercury_autonomy/test/test_legacy_action_nodes.cpp:5[m[K:
[3.086s] [01m[K/home/bobdobchob/osu-uwrt/development/software/install/behaviortree_cpp/include/behaviortree_cpp/basic_types.h:484:1:[m[K [01;36m[Knote: [m[Kcandidate: ‘[01m[Kstd::pair<std::__cxx11::basic_string<char>, BT::PortInfo> BT::InputPort(BT::StringView, BT::StringView) [with T = bool; BT::StringView = std::basic_string_view<char>][m[K’
[3.086s]   484 | [01;36m[KInputPort[m[K(StringView name, StringView description = {})
[3.086s]       | [01;36m[K^~~~~~~~~[m[K
[3.086s] [01m[K/home/bobdobchob/osu-uwrt/development/software/install/behaviortree_cpp/include/behaviortree_cpp/basic_types.h:484:39:[m[K [01;36m[Knote: [m[K  no known conversion for argument 2 from ‘[01m[Kbool[m[K’ to ‘[01m[KBT::StringView[m[K’ {aka ‘[01m[Kstd::basic_string_view<char>[m[K’}
[3.086s]   484 | InputPort(StringView name, [01;36m[KStringView description = {}[m[K)
[3.086s]       |                            [01;36m[K~~~~~~~~~~~^~~~~~~~~~~~~~~~[m[K
[3.086s] [01m[K/home/bobdobchob/osu-uwrt/development/software/install/behaviortree_cpp/include/behaviortree_cpp/basic_types.h:554:1:[m[K [01;36m[Knote: [m[Kcandidate: ‘[01m[Ktemplate<class T, class DefaultT> std::pair<std::__cxx11::basic_string<char>, BT::PortInfo> BT::InputPort(BT::StringView, const DefaultT&, BT::StringView)[m[K’
[3.086s]   554 | [01;36m[KInputPort[m[K(StringView name, const DefaultT& default_value, StringView description)
[3.086s]       | [01;36m[K^~~~~~~~~[m[K
[3.087s] [01m[K/home/bobdobchob/osu-uwrt/development/software/install/behaviortree_cpp/include/behaviortree_cpp/basic_types.h:554:1:[m[K [01;36m[Knote: [m[K  template argument deduction/substitution failed:
[3.087s] In file included from [01m[K/home/bobdobchob/osu-uwrt/development/software/src/mercury_autonomy/mercury_autonomy/test/test_legacy_action_nodes.cpp:12[m[K:
[3.087s] [01m[K/home/bobdobchob/osu-uwrt/development/software/src/mercury_autonomy/mercury_autonomy/include/mercury_autonomy/bt_actions/publish_ekf_pose.hpp:30:26:[m[K [01;36m[Knote: [m[K  candidate expects 3 arguments, 2 provided
[3.087s]    30 |       [01;36m[KBT::InputPort<bool>("setOrientation", false)[m[K,
[3.087s]       |       [01;36m[K~~~~~~~~~~~~~~~~~~~^~~~~~~~~~~~~~~~~~~~~~~~~[m[K
[3.087s] [01m[K/home/bobdobchob/osu-uwrt/development/software/src/mercury_autonomy/mercury_autonomy/include/mercury_autonomy/bt_actions/publish_ekf_pose.hpp:31:5:[m[K [01;31m[Kerror: [m[Kcould not convert ‘[01m[K{<expression error>, <expression error>, <expression error>, <expression error>, <expression error>, <expression error>, <expression error>, <expression error>, <expression error>, <expression error>}[m[K’ from ‘[01m[K<brace-enclosed initializer list>[m[K’ to ‘[01m[KBT::PortsList[m[K’ {aka ‘[01m[Kstd::unordered_map<std::__cxx11::basic_string<char>, BT::PortInfo>[m[K’}
[3.087s]    31 |     [01;31m[K}[m[K;
[3.087s]       |     [01;31m[K^[m[K
[3.087s]       |     [01;31m[K|[m[K
[3.087s]       |     [01;31m[K<brace-enclosed initializer list>[m[K
[3.087s] In file included from [01m[K/home/bobdobchob/osu-uwrt/development/software/src/mercury_autonomy/mercury_autonomy/test/test_legacy_action_nodes.cpp:13[m[K:
[3.087s] [01m[K/home/bobdobchob/osu-uwrt/development/software/src/mercury_autonomy/mercury_autonomy/include/mercury_autonomy/bt_actions/publish_int8.hpp:[m[K At global scope:
[3.087s] [01m[K/home/bobdobchob/osu-uwrt/development/software/src/mercury_autonomy/mercury_autonomy/include/mercury_autonomy/bt_actions/publish_int8.hpp:32:36:[m[K [01;31m[Kerror: [m[K‘[01m[KUInt16[m[K’ is not a member of ‘[01m[Kstd_msgs::msg[m[K’
[3.087s]    32 |   rclcpp::Publisher<std_msgs::msg::[01;31m[KUInt16[m[K>::SharedPtr pub_;
[3.087s]       |                                    [01;31m[K^~~~~~[m[K
[3.087s] [01m[K/home/bobdobchob/osu-uwrt/development/software/src/mercury_autonomy/mercury_autonomy/include/mercury_autonomy/bt_actions/publish_int8.hpp:32:42:[m[K [01;31m[Kerror: [m[Ktemplate argument 1 is invalid
[3.087s]    32 |   rclcpp::Publisher<std_msgs::msg::UInt16[01;31m[K>[m[K::SharedPtr pub_;
[3.087s]       |                                          [01;31m[K^[m[K
[3.087s] [01m[K/home/bobdobchob/osu-uwrt/development/software/src/mercury_autonomy/mercury_autonomy/include/mercury_autonomy/bt_actions/publish_int8.hpp:32:45:[m[K [01;31m[Kerror: [m[Kexpected ‘[01m[K;[m[K’ at end of member declaration
[3.087s]    32 |   rclcpp::Publisher<std_msgs::msg::UInt16>::[01;31m[KSharedPtr[m[K pub_;
[3.087s]       |                                             [01;31m[K^~~~~~~~~[m[K
[3.087s]       |                                                      [32m[K;[m[K
[3.087s] [01m[K/home/bobdobchob/osu-uwrt/development/software/src/mercury_autonomy/mercury_autonomy/include/mercury_autonomy/bt_actions/publish_int8.hpp:32:55:[m[K [01;31m[Kerror: [m[K‘[01m[Kpub_[m[K’ does not name a type
[3.087s]    32 |   rclcpp::Publisher<std_msgs::msg::UInt16>::SharedPtr [01;31m[Kpub_[m[K;
[3.087s]       |                                                       [01;31m[K^~~~[m[K
[3.087s] In file included from [01m[K/home/bobdobchob/osu-uwrt/development/software/src/mercury_autonomy/mercury_autonomy/src/register_actions.cpp:19[m[K:
[3.087s] [01m[K/home/bobdobchob/osu-uwrt/development/software/src/mercury_autonomy/mercury_autonomy/include/mercury_autonomy/bt_actions/publish_to_controller.hpp:[m[K In static member function ‘[01m[Kstatic BT::PortsList mercury_autonomy::PublishToController::providedPorts()[m[K’:
[3.087s] [01m[K/home/bobdobchob/osu-uwrt/development/software/src/mercury_autonomy/mercury_autonomy/include/mercury_autonomy/bt_actions/publish_to_controller.hpp:21:26:[m[K [01;31m[Kerror: [m[Kno matching function for call to ‘[01m[KInputPort<bool>(const char [14], bool)[m[K’
[3.087s]    21 |       [01;31m[KBT::InputPort<bool>("isOrientation", false)[m[K,
[3.087s]       |       [01;31m[K~~~~~~~~~~~~~~~~~~~^~~~~~~~~~~~~~~~~~~~~~~~[m[K
[3.087s] In file included from [01m[K/home/bobdobchob/osu-uwrt/development/software/install/behaviortree_cpp/include/behaviortree_cpp/tree_node.h:16[m[K,
[3.087s]                  from [01m[K/home/bobdobchob/osu-uwrt/development/software/install/behaviortree_cpp/include/behaviortree_cpp/leaf_node.h:17[m[K,
[3.087s]                  from [01m[K/home/bobdobchob/osu-uwrt/development/software/install/behaviortree_cpp/include/behaviortree_cpp/action_node.h:17[m[K,
[3.088s]                  from [01m[K/home/bobdobchob/osu-uwrt/development/software/install/behaviortree_cpp/include/behaviortree_cpp/behavior_tree.h:16[m[K,
[3.088s]                  from [01m[K/home/bobdobchob/osu-uwrt/development/software/src/mercury_autonomy/mercury_autonomy/include/mercury_autonomy/autonomy_base.hpp:15[m[K,
[3.088s]                  from [01m[K/home/bobdobchob/osu-uwrt/development/software/src/mercury_autonomy/mercury_autonomy/include/mercury_autonomy/autonomy_lib.hpp:6[m[K,
[3.088s]                  from [01m[K/home/bobdobchob/osu-uwrt/development/software/src/mercury_autonomy/mercury_autonomy/include/mercury_autonomy/bt_actions/example_action.hpp:14[m[K,
[3.088s]                  from [01m[K/home/bobdobchob/osu-uwrt/development/software/src/mercury_autonomy/mercury_autonomy/src/register_actions.cpp:4[m[K:
[3.088s] [01m[K/home/bobdobchob/osu-uwrt/development/software/install/behaviortree_cpp/include/behaviortree_cpp/basic_types.h:484:1:[m[K [01;36m[Knote: [m[Kcandidate: ‘[01m[Kstd::pair<std::__cxx11::basic_string<char>, BT::PortInfo> BT::InputPort(BT::StringView, BT::StringView) [with T = bool; BT::StringView = std::basic_string_view<char>][m[K’
[3.088s]   484 | [01;36m[KInputPort[m[K(StringView name, StringView description = {})
[3.088s]       | [01;36m[K^~~~~~~~~[m[K
[3.088s] [01m[K/home/bobdobchob/osu-uwrt/development/software/install/behaviortree_cpp/include/behaviortree_cpp/basic_types.h:484:39:[m[K [01;36m[Knote: [m[K  no known conversion for argument 2 from ‘[01m[Kbool[m[K’ to ‘[01m[KBT::StringView[m[K’ {aka ‘[01m[Kstd::basic_string_view<char>[m[K’}
[3.088s]   484 | InputPort(StringView name, [01;36m[KStringView description = {}[m[K)
[3.088s]       |                            [01;36m[K~~~~~~~~~~~^~~~~~~~~~~~~~~~[m[K
[3.088s] [01m[K/home/bobdobchob/osu-uwrt/development/software/install/behaviortree_cpp/include/behaviortree_cpp/basic_types.h:554:1:[m[K [01;36m[Knote: [m[Kcandidate: ‘[01m[Ktemplate<class T, class DefaultT> std::pair<std::__cxx11::basic_string<char>, BT::PortInfo> BT::InputPort(BT::StringView, const DefaultT&, BT::StringView)[m[K’
[3.088s]   554 | [01;36m[KInputPort[m[K(StringView name, const DefaultT& default_value, StringView description)
[3.088s]       | [01;36m[K^~~~~~~~~[m[K
[3.088s] [01m[K/home/bobdobchob/osu-uwrt/development/software/install/behaviortree_cpp/include/behaviortree_cpp/basic_types.h:554:1:[m[K [01;36m[Knote: [m[K  template argument deduction/substitution failed:
[3.088s] In file included from [01m[K/home/bobdobchob/osu-uwrt/development/software/src/mercury_autonomy/mercury_autonomy/src/register_actions.cpp:19[m[K:
[3.088s] [01m[K/home/bobdobchob/osu-uwrt/development/software/src/mercury_autonomy/mercury_autonomy/include/mercury_autonomy/bt_actions/publish_to_controller.hpp:21:26:[m[K [01;36m[Knote: [m[K  candidate expects 3 arguments, 2 provided
[3.088s]    21 |       [01;36m[KBT::InputPort<bool>("isOrientation", false)[m[K,
[3.088s]       |       [01;36m[K~~~~~~~~~~~~~~~~~~~^~~~~~~~~~~~~~~~~~~~~~~~[m[K
[3.088s] [01m[K/home/bobdobchob/osu-uwrt/development/software/src/mercury_autonomy/mercury_autonomy/include/mercury_autonomy/bt_actions/publish_to_controller.hpp:22:25:[m[K [01;31m[Kerror: [m[Kno matching function for call to ‘[01m[KInputPort<int>(const char [5], int)[m[K’
[3.088s]    22 |       [01;31m[KBT::InputPort<int>("mode", 3)[m[K,
[3.088s]       |       [01;31m[K~~~~~~~~~~~~~~~~~~^~~~~~~~~~~[m[K
[3.088s] In file included from [01m[K/home/bobdobchob/osu-uwrt/development/software/install/behaviortree_cpp/include/behaviortree_cpp/tree_node.h:16[m[K,
[3.088s]                  from [01m[K/home/bobdobchob/osu-uwrt/development/software/install/behaviortree_cpp/include/behaviortree_cpp/leaf_node.h:17[m[K,
[3.088s]                  from [01m[K/home/bobdobchob/osu-uwrt/development/software/install/behaviortree_cpp/include/behaviortree_cpp/action_node.h:17[m[K,
[3.088s]                  from [01m[K/home/bobdobchob/osu-uwrt/development/software/install/behaviortree_cpp/include/behaviortree_cpp/behavior_tree.h:16[m[K,
[3.088s]                  from [01m[K/home/bobdobchob/osu-uwrt/development/software/src/mercury_autonomy/mercury_autonomy/include/mercury_autonomy/autonomy_base.hpp:15[m[K,
[3.088s]                  from [01m[K/home/bobdobchob/osu-uwrt/development/software/src/mercury_autonomy/mercury_autonomy/include/mercury_autonomy/autonomy_lib.hpp:6[m[K,
[3.089s]                  from [01m[K/home/bobdobchob/osu-uwrt/development/software/src/mercury_autonomy/mercury_autonomy/include/mercury_autonomy/bt_actions/example_action.hpp:14[m[K,
[3.089s]                  from [01m[K/home/bobdobchob/osu-uwrt/development/software/src/mercury_autonomy/mercury_autonomy/src/register_actions.cpp:4[m[K:
[3.089s] [01m[K/home/bobdobchob/osu-uwrt/development/software/install/behaviortree_cpp/include/behaviortree_cpp/basic_types.h:484:1:[m[K [01;36m[Knote: [m[Kcandidate: ‘[01m[Kstd::pair<std::__cxx11::basic_string<char>, BT::PortInfo> BT::InputPort(BT::StringView, BT::StringView) [with T = int; BT::StringView = std::basic_string_view<char>][m[K’ (near match)
[3.089s]   484 | [01;36m[KInputPort[m[K(StringView name, StringView description = {})
[3.089s]       | [01;36m[K^~~~~~~~~[m[K
[3.089s] [01m[K/home/bobdobchob/osu-uwrt/development/software/install/behaviortree_cpp/include/behaviortree_cpp/basic_types.h:484:1:[m[K [01;36m[Knote: [m[K  conversion of argument 2 would be ill-formed:
[3.089s] In file included from [01m[K/home/bobdobchob/osu-uwrt/development/software/src/mercury_autonomy/mercury_autonomy/src/register_actions.cpp:19[m[K:
[3.089s] [01m[K/home/bobdobchob/osu-uwrt/development/software/src/mercury_autonomy/mercury_autonomy/include/mercury_autonomy/bt_actions/publish_to_controller.hpp:22:34:[m[K [01;31m[Kerror: [m[Kinvalid conversion from ‘[01m[Kint[m[K’ to ‘[01m[Kconst char*[m[K’ [[01;31m[K]8;;https://gcc.gnu.org/onlinedocs/gcc/Warning-Options.html#index-fpermissive-fpermissive]8;;[m[K]
[3.089s]    22 |       BT::InputPort<int>("mode", [01;31m[K3[m[K),
[3.089s]       |                                  [01;31m[K^[m[K
[3.089s]       |                                  [01;31m[K|[m[K
[3.089s]       |                                  [01;31m[Kint[m[K
[3.089s] In file included from [01m[K/usr/include/c++/11/bits/basic_string.h:48[m[K,
[3.089s]                  from [01m[K/usr/include/c++/11/string:55[m[K,
[3.089s]                  from [01m[K/home/bobdobchob/osu-uwrt/development/software/src/mercury_autonomy/mercury_autonomy/include/mercury_autonomy/autonomy_base.hpp:11[m[K,
[3.089s]                  from [01m[K/home/bobdobchob/osu-uwrt/development/software/src/mercury_autonomy/mercury_autonomy/include/mercury_autonomy/autonomy_lib.hpp:6[m[K,
[3.089s]                  from [01m[K/home/bobdobchob/osu-uwrt/development/software/src/mercury_autonomy/mercury_autonomy/include/mercury_autonomy/bt_actions/example_action.hpp:14[m[K,
[3.089s]                  from [01m[K/home/bobdobchob/osu-uwrt/development/software/src/mercury_autonomy/mercury_autonomy/src/register_actions.cpp:4[m[K:
[3.089s] [01m[K/usr/include/c++/11/string_view:131:39:[m[K [01;36m[Knote: [m[K  initializing argument 1 of ‘[01m[Kconstexpr std::basic_string_view<_CharT, _Traits>::basic_string_view(const _CharT*) [with _CharT = char; _Traits = std::char_traits<char>][m[K’
[3.089s]   131 |       basic_string_view([01;36m[Kconst _CharT* __str[m[K) noexcept
[3.089s]       |                         [01;36m[K~~~~~~~~~~~~~~^~~~~[m[K
[3.089s] In file included from [01m[K/home/bobdobchob/osu-uwrt/development/software/install/behaviortree_cpp/include/behaviortree_cpp/tree_node.h:16[m[K,
[3.089s]                  from [01m[K/home/bobdobchob/osu-uwrt/development/software/install/behaviortree_cpp/include/behaviortree_cpp/leaf_node.h:17[m[K,
[3.089s]                  from [01m[K/home/bobdobchob/osu-uwrt/development/software/install/behaviortree_cpp/include/behaviortree_cpp/action_node.h:17[m[K,
[3.089s]                  from [01m[K/home/bobdobchob/osu-uwrt/development/software/install/behaviortree_cpp/include/behaviortree_cpp/behavior_tree.h:16[m[K,
[3.089s]                  from [01m[K/home/bobdobchob/osu-uwrt/development/software/src/mercury_autonomy/mercury_autonomy/include/mercury_autonomy/autonomy_base.hpp:15[m[K,
[3.089s]                  from [01m[K/home/bobdobchob/osu-uwrt/development/software/src/mercury_autonomy/mercury_autonomy/include/mercury_autonomy/autonomy_lib.hpp:6[m[K,
[3.089s]                  from [01m[K/home/bobdobchob/osu-uwrt/development/software/src/mercury_autonomy/mercury_autonomy/include/mercury_autonomy/bt_actions/example_action.hpp:14[m[K,
[3.089s]                  from [01m[K/home/bobdobchob/osu-uwrt/development/software/src/mercury_autonomy/mercury_autonomy/src/register_actions.cpp:4[m[K:
[3.089s] [01m[K/home/bobdobchob/osu-uwrt/development/software/install/behaviortree_cpp/include/behaviortree_cpp/basic_types.h:554:1:[m[K [01;36m[Knote: [m[Kcandidate: ‘[01m[Ktemplate<class T, class DefaultT> std::pair<std::__cxx11::basic_string<char>, BT::PortInfo> BT::InputPort(BT::StringView, const DefaultT&, BT::StringView)[m[K’
[3.089s]   554 | [01;36m[KInputPort[m[K(StringView name, const DefaultT& default_value, StringView description)
[3.089s]       | [01;36m[K^~~~~~~~~[m[K
[3.089s] [01m[K/home/bobdobchob/osu-uwrt/development/software/install/behaviortree_cpp/include/behaviortree_cpp/basic_types.h:554:1:[m[K [01;36m[Knote: [m[K  template argument deduction/substitution failed:
[3.090s] In file included from [01m[K/home/bobdobchob/osu-uwrt/development/software/src/mercury_autonomy/mercury_autonomy/src/register_actions.cpp:19[m[K:
[3.090s] [01m[K/home/bobdobchob/osu-uwrt/development/software/src/mercury_autonomy/mercury_autonomy/include/mercury_autonomy/bt_actions/publish_to_controller.hpp:22:25:[m[K [01;36m[Knote: [m[K  candidate expects 3 arguments, 2 provided
[3.090s]    22 |       [01;36m[KBT::InputPort<int>("mode", 3)[m[K,
[3.090s]       |       [01;36m[K~~~~~~~~~~~~~~~~~~^~~~~~~~~~~[m[K
[3.090s] [01m[K/home/bobdobchob/osu-uwrt/development/software/src/mercury_autonomy/mercury_autonomy/include/mercury_autonomy/bt_actions/publish_to_controller.hpp:23:28:[m[K [01;31m[Kerror: [m[Kno matching function for call to ‘[01m[KInputPort<double>(const char [2], double)[m[K’
[3.090s]    23 |       [01;31m[KBT::InputPort<double>("x", 0.0)[m[K,
[3.090s]       |       [01;31m[K~~~~~~~~~~~~~~~~~~~~~^~~~~~~~~~[m[K
[3.090s] In file included from [01m[K/home/bobdobchob/osu-uwrt/development/software/install/behaviortree_cpp/include/behaviortree_cpp/tree_node.h:16[m[K,
[3.090s]                  from [01m[K/home/bobdobchob/osu-uwrt/development/software/install/behaviortree_cpp/include/behaviortree_cpp/leaf_node.h:17[m[K,
[3.090s]                  from [01m[K/home/bobdobchob/osu-uwrt/development/software/install/behaviortree_cpp/include/behaviortree_cpp/action_node.h:17[m[K,
[3.090s]                  from [01m[K/home/bobdobchob/osu-uwrt/development/software/install/behaviortree_cpp/include/behaviortree_cpp/behavior_tree.h:16[m[K,
[3.090s]                  from [01m[K/home/bobdobchob/osu-uwrt/development/software/src/mercury_autonomy/mercury_autonomy/include/mercury_autonomy/autonomy_base.hpp:15[m[K,
[3.090s]                  from [01m[K/home/bobdobchob/osu-uwrt/development/software/src/mercury_autonomy/mercury_autonomy/include/mercury_autonomy/autonomy_lib.hpp:6[m[K,
[3.090s]                  from [01m[K/home/bobdobchob/osu-uwrt/development/software/src/mercury_autonomy/mercury_autonomy/include/mercury_autonomy/bt_actions/example_action.hpp:14[m[K,
[3.090s]                  from [01m[K/home/bobdobchob/osu-uwrt/development/software/src/mercury_autonomy/mercury_autonomy/src/register_actions.cpp:4[m[K:
[3.090s] [01m[K/home/bobdobchob/osu-uwrt/development/software/install/behaviortree_cpp/include/behaviortree_cpp/basic_types.h:484:1:[m[K [01;36m[Knote: [m[Kcandidate: ‘[01m[Kstd::pair<std::__cxx11::basic_string<char>, BT::PortInfo> BT::InputPort(BT::StringView, BT::StringView) [with T = double; BT::StringView = std::basic_string_view<char>][m[K’
[3.090s]   484 | [01;36m[KInputPort[m[K(StringView name, StringView description = {})
[3.090s]       | [01;36m[K^~~~~~~~~[m[K
[3.090s] [01m[K/home/bobdobchob/osu-uwrt/development/software/install/behaviortree_cpp/include/behaviortree_cpp/basic_types.h:484:39:[m[K [01;36m[Knote: [m[K  no known conversion for argument 2 from ‘[01m[Kdouble[m[K’ to ‘[01m[KBT::StringView[m[K’ {aka ‘[01m[Kstd::basic_string_view<char>[m[K’}
[3.090s]   484 | InputPort(StringView name, [01;36m[KStringView description = {}[m[K)
[3.090s]       |                            [01;36m[K~~~~~~~~~~~^~~~~~~~~~~~~~~~[m[K
[3.090s] [01m[K/home/bobdobchob/osu-uwrt/development/software/install/behaviortree_cpp/include/behaviortree_cpp/basic_types.h:554:1:[m[K [01;36m[Knote: [m[Kcandidate: ‘[01m[Ktemplate<class T, class DefaultT> std::pair<std::__cxx11::basic_string<char>, BT::PortInfo> BT::InputPort(BT::StringView, const DefaultT&, BT::StringView)[m[K’
[3.090s]   554 | [01;36m[KInputPort[m[K(StringView name, const DefaultT& default_value, StringView description)
[3.090s]       | [01;36m[K^~~~~~~~~[m[K
[3.090s] [01m[K/home/bobdobchob/osu-uwrt/development/software/install/behaviortree_cpp/include/behaviortree_cpp/basic_types.h:554:1:[m[K [01;36m[Knote: [m[K  template argument deduction/substitution failed:
[3.090s] In file included from [01m[K/home/bobdobchob/osu-uwrt/development/software/src/mercury_autonomy/mercury_autonomy/src/register_actions.cpp:19[m[K:
[3.090s] [01m[K/home/bobdobchob/osu-uwrt/development/software/src/mercury_autonomy/mercury_autonomy/include/mercury_autonomy/bt_actions/publish_to_controller.hpp:23:28:[m[K [01;36m[Knote: [m[K  candidate expects 3 arguments, 2 provided
[3.090s]    23 |       [01;36m[KBT::InputPort<double>("x", 0.0)[m[K,
[3.090s]       |       [01;36m[K~~~~~~~~~~~~~~~~~~~~~^~~~~~~~~~[m[K
[3.090s] [01m[K/home/bobdobchob/osu-uwrt/development/software/src/mercury_autonomy/mercury_autonomy/include/mercury_autonomy/bt_actions/publish_to_controller.hpp:24:28:[m[K [01;31m[Kerror: [m[Kno matching function for call to ‘[01m[KInputPort<double>(const char [2], double)[m[K’
[3.090s]    24 |       [01;31m[KBT::InputPort<double>("y", 0.0)[m[K,
[3.090s]       |       [01;31m[K~~~~~~~~~~~~~~~~~~~~~^~~~~~~~~~[m[K
[3.090s] In file included from [01m[K/home/bobdobchob/osu-uwrt/development/software/install/behaviortree_cpp/include/behaviortree_cpp/tree_node.h:16[m[K,
[3.090s]                  from [01m[K/home/bobdobchob/osu-uwrt/development/software/install/behaviortree_cpp/include/behaviortree_cpp/leaf_node.h:17[m[K,
[3.090s]                  from [01m[K/home/bobdobchob/osu-uwrt/development/software/install/behaviortree_cpp/include/behaviortree_cpp/action_node.h:17[m[K,
[3.090s]                  from [01m[K/home/bobdobchob/osu-uwrt/development/software/install/behaviortree_cpp/include/behaviortree_cpp/behavior_tree.h:16[m[K,
[3.090s]                  from [01m[K/home/bobdobchob/osu-uwrt/development/software/src/mercury_autonomy/mercury_autonomy/include/mercury_autonomy/autonomy_base.hpp:15[m[K,
[3.090s]                  from [01m[K/home/bobdobchob/osu-uwrt/development/software/src/mercury_autonomy/mercury_autonomy/include/mercury_autonomy/autonomy_lib.hpp:6[m[K,
[3.090s]                  from [01m[K/home/bobdobchob/osu-uwrt/development/software/src/mercury_autonomy/mercury_autonomy/include/mercury_autonomy/bt_actions/example_action.hpp:14[m[K,
[3.090s]                  from [01m[K/home/bobdobchob/osu-uwrt/development/software/src/mercury_autonomy/mercury_autonomy/src/register_actions.cpp:4[m[K:
[3.091s] [01m[K/home/bobdobchob/osu-uwrt/development/software/install/behaviortree_cpp/include/behaviortree_cpp/basic_types.h:484:1:[m[K [01;36m[Knote: [m[Kcandidate: ‘[01m[Kstd::pair<std::__cxx11::basic_string<char>, BT::PortInfo> BT::InputPort(BT::StringView, BT::StringView) [with T = double; BT::StringView = std::basic_string_view<char>][m[K’
[3.091s]   484 | [01;36m[KInputPort[m[K(StringView name, StringView description = {})
[3.091s]       | [01;36m[K^~~~~~~~~[m[K
[3.091s] [01m[K/home/bobdobchob/osu-uwrt/development/software/install/behaviortree_cpp/include/behaviortree_cpp/basic_types.h:484:39:[m[K [01;36m[Knote: [m[K  no known conversion for argument 2 from ‘[01m[Kdouble[m[K’ to ‘[01m[KBT::StringView[m[K’ {aka ‘[01m[Kstd::basic_string_view<char>[m[K’}
[3.091s]   484 | InputPort(StringView name, [01;36m[KStringView description = {}[m[K)
[3.091s]       |                            [01;36m[K~~~~~~~~~~~^~~~~~~~~~~~~~~~[m[K
[3.091s] [01m[K/home/bobdobchob/osu-uwrt/development/software/install/behaviortree_cpp/include/behaviortree_cpp/basic_types.h:554:1:[m[K [01;36m[Knote: [m[Kcandidate: ‘[01m[Ktemplate<class T, class DefaultT> std::pair<std::__cxx11::basic_string<char>, BT::PortInfo> BT::InputPort(BT::StringView, const DefaultT&, BT::StringView)[m[K’
[3.091s]   554 | [01;36m[KInputPort[m[K(StringView name, const DefaultT& default_value, StringView description)
[3.091s]       | [01;36m[K^~~~~~~~~[m[K
[3.091s] [01m[K/home/bobdobchob/osu-uwrt/development/software/install/behaviortree_cpp/include/behaviortree_cpp/basic_types.h:554:1:[m[K [01;36m[Knote: [m[K  template argument deduction/substitution failed:
[3.091s] In file included from [01m[K/home/bobdobchob/osu-uwrt/development/software/src/mercury_autonomy/mercury_autonomy/src/register_actions.cpp:19[m[K:
[3.091s] [01m[K/home/bobdobchob/osu-uwrt/development/software/src/mercury_autonomy/mercury_autonomy/include/mercury_autonomy/bt_actions/publish_to_controller.hpp:24:28:[m[K [01;36m[Knote: [m[K  candidate expects 3 arguments, 2 provided
[3.091s]    24 |       [01;36m[KBT::InputPort<double>("y", 0.0)[m[K,
[3.091s]       |       [01;36m[K~~~~~~~~~~~~~~~~~~~~~^~~~~~~~~~[m[K
[3.091s] [01m[K/home/bobdobchob/osu-uwrt/development/software/src/mercury_autonomy/mercury_autonomy/include/mercury_autonomy/bt_actions/publish_to_controller.hpp:25:28:[m[K [01;31m[Kerror: [m[Kno matching function for call to ‘[01m[KInputPort<double>(const char [2], double)[m[K’
[3.091s]    25 |       [01;31m[KBT::InputPort<double>("z", 0.0)[m[K,
[3.091s]       |       [01;31m[K~~~~~~~~~~~~~~~~~~~~~^~~~~~~~~~[m[K
[3.091s] In file included from [01m[K/home/bobdobchob/osu-uwrt/development/software/install/behaviortree_cpp/include/behaviortree_cpp/tree_node.h:16[m[K,
[3.091s]                  from [01m[K/home/bobdobchob/osu-uwrt/development/software/install/behaviortree_cpp/include/behaviortree_cpp/leaf_node.h:17[m[K,
[3.091s]                  from [01m[K/home/bobdobchob/osu-uwrt/development/software/install/behaviortree_cpp/include/behaviortree_cpp/action_node.h:17[m[K,
[3.091s]                  from [01m[K/home/bobdobchob/osu-uwrt/development/software/install/behaviortree_cpp/include/behaviortree_cpp/behavior_tree.h:16[m[K,
[3.091s]                  from [01m[K/home/bobdobchob/osu-uwrt/development/software/src/mercury_autonomy/mercury_autonomy/include/mercury_autonomy/autonomy_base.hpp:15[m[K,
[3.091s]                  from [01m[K/home/bobdobchob/osu-uwrt/development/software/src/mercury_autonomy/mercury_autonomy/include/mercury_autonomy/autonomy_lib.hpp:6[m[K,
[3.091s]                  from [01m[K/home/bobdobchob/osu-uwrt/development/software/src/mercury_autonomy/mercury_autonomy/include/mercury_autonomy/bt_actions/example_action.hpp:14[m[K,
[3.091s]                  from [01m[K/home/bobdobchob/osu-uwrt/development/software/src/mercury_autonomy/mercury_autonomy/src/register_actions.cpp:4[m[K:
[3.091s] [01m[K/home/bobdobchob/osu-uwrt/development/software/install/behaviortree_cpp/include/behaviortree_cpp/basic_types.h:484:1:[m[K [01;36m[Knote: [m[Kcandidate: ‘[01m[Kstd::pair<std::__cxx11::basic_string<char>, BT::PortInfo> BT::InputPort(BT::StringView, BT::StringView) [with T = double; BT::StringView = std::basic_string_view<char>][m[K’
[3.091s]   484 | [01;36m[KInputPort[m[K(StringView name, StringView description = {})
[3.091s]       | [01;36m[K^~~~~~~~~[m[K
[3.091s] [01m[K/home/bobdobchob/osu-uwrt/development/software/install/behaviortree_cpp/include/behaviortree_cpp/basic_types.h:484:39:[m[K [01;36m[Knote: [m[K  no known conversion for argument 2 from ‘[01m[Kdouble[m[K’ to ‘[01m[KBT::StringView[m[K’ {aka ‘[01m[Kstd::basic_string_view<char>[m[K’}
[3.091s]   484 | InputPort(StringView name, [01;36m[KStringView description = {}[m[K)
[3.091s]       |                            [01;36m[K~~~~~~~~~~~^~~~~~~~~~~~~~~~[m[K
[3.091s] [01m[K/home/bobdobchob/osu-uwrt/development/software/install/behaviortree_cpp/include/behaviortree_cpp/basic_types.h:554:1:[m[K [01;36m[Knote: [m[Kcandidate: ‘[01m[Ktemplate<class T, class DefaultT> std::pair<std::__cxx11::basic_string<char>, BT::PortInfo> BT::InputPort(BT::StringView, const DefaultT&, BT::StringView)[m[K’
[3.091s]   554 | [01;36m[KInputPort[m[K(StringView name, const DefaultT& default_value, StringView description)
[3.091s]       | [01;36m[K^~~~~~~~~[m[K
[3.091s] [01m[K/home/bobdobchob/osu-uwrt/development/software/install/behaviortree_cpp/include/behaviortree_cpp/basic_types.h:554:1:[m[K [01;36m[Knote: [m[K  template argument deduction/substitution failed:
[3.091s] In file included from [01m[K/home/bobdobchob/osu-uwrt/development/software/src/mercury_autonomy/mercury_autonomy/src/register_actions.cpp:19[m[K:
[3.091s] [01m[K/home/bobdobchob/osu-uwrt/development/software/src/mercury_autonomy/mercury_autonomy/include/mercury_autonomy/bt_actions/publish_to_controller.hpp:25:28:[m[K [01;36m[Knote: [m[K  candidate expects 3 arguments, 2 provided
[3.091s]    25 |       [01;36m[KBT::InputPort<double>("z", 0.0)[m[K,
[3.091s]       |       [01;36m[K~~~~~~~~~~~~~~~~~~~~~^~~~~~~~~~[m[K
[3.091s] [01m[K/home/bobdobchob/osu-uwrt/development/software/src/mercury_autonomy/mercury_autonomy/include/mercury_autonomy/bt_actions/publish_to_controller.hpp:26:5:[m[K [01;31m[Kerror: [m[Kcould not convert ‘[01m[K{<expression error>, <expression error>, <expression error>, <expression error>, <expression error>}[m[K’ from ‘[01m[K<brace-enclosed initializer list>[m[K’ to ‘[01m[KBT::PortsList[m[K’ {aka ‘[01m[Kstd::unordered_map<std::__cxx11::basic_string<char>, BT::PortInfo>[m[K’}
[3.092s]    26 |     [01;31m[K}[m[K;
[3.092s]       |     [01;31m[K^[m[K
[3.092s]       |     [01;31m[K|[m[K
[3.092s]       |     [01;31m[K<brace-enclosed initializer list>[m[K
[3.092s] In file included from [01m[K/home/bobdobchob/osu-uwrt/development/software/src/mercury_autonomy/mercury_autonomy/test/test_legacy_action_nodes.cpp:14[m[K:
[3.092s] [01m[K/home/bobdobchob/osu-uwrt/development/software/src/mercury_autonomy/mercury_autonomy/include/mercury_autonomy/bt_actions/publish_to_controller.hpp:[m[K In static member function ‘[01m[Kstatic BT::PortsList mercury_autonomy::PublishToController::providedPorts()[m[K’:
[3.092s] [01m[K/home/bobdobchob/osu-uwrt/development/software/src/mercury_autonomy/mercury_autonomy/include/mercury_autonomy/bt_actions/publish_to_controller.hpp:21:26:[m[K [01;31m[Kerror: [m[Kno matching function for call to ‘[01m[KInputPort<bool>(const char [14], bool)[m[K’
[3.092s]    21 |       [01;31m[KBT::InputPort<bool>("isOrientation", false)[m[K,
[3.092s]       |       [01;31m[K~~~~~~~~~~~~~~~~~~~^~~~~~~~~~~~~~~~~~~~~~~~[m[K
[3.092s] In file included from [01m[K/home/bobdobchob/osu-uwrt/development/software/install/behaviortree_cpp/include/behaviortree_cpp/tree_node.h:16[m[K,
[3.092s]                  from [01m[K/home/bobdobchob/osu-uwrt/development/software/install/behaviortree_cpp/include/behaviortree_cpp/leaf_node.h:17[m[K,
[3.092s]                  from [01m[K/home/bobdobchob/osu-uwrt/development/software/install/behaviortree_cpp/include/behaviortree_cpp/action_node.h:17[m[K,
[3.092s]                  from [01m[K/home/bobdobchob/osu-uwrt/development/software/install/behaviortree_cpp/include/behaviortree_cpp/behavior_tree.h:16[m[K,
[3.092s]                  from [01m[K/home/bobdobchob/osu-uwrt/development/software/src/mercury_autonomy/mercury_autonomy/test/test_legacy_action_nodes.cpp:5[m[K:
[3.092s] [01m[K/home/bobdobchob/osu-uwrt/development/software/install/behaviortree_cpp/include/behaviortree_cpp/basic_types.h:484:1:[m[K [01;36m[Knote: [m[Kcandidate: ‘[01m[Kstd::pair<std::__cxx11::basic_string<char>, BT::PortInfo> BT::InputPort(BT::StringView, BT::StringView) [with T = bool; BT::StringView = std::basic_string_view<char>][m[K’
[3.092s]   484 | [01;36m[KInputPort[m[K(StringView name, StringView description = {})
[3.092s]       | [01;36m[K^~~~~~~~~[m[K
[3.092s] [01m[K/home/bobdobchob/osu-uwrt/development/software/install/behaviortree_cpp/include/behaviortree_cpp/basic_types.h:484:39:[m[K [01;36m[Knote: [m[K  no known conversion for argument 2 from ‘[01m[Kbool[m[K’ to ‘[01m[KBT::StringView[m[K’ {aka ‘[01m[Kstd::basic_string_view<char>[m[K’}
[3.092s]   484 | InputPort(StringView name, [01;36m[KStringView description = {}[m[K)
[3.092s]       |                            [01;36m[K~~~~~~~~~~~^~~~~~~~~~~~~~~~[m[K
[3.092s] [01m[K/home/bobdobchob/osu-uwrt/development/software/install/behaviortree_cpp/include/behaviortree_cpp/basic_types.h:554:1:[m[K [01;36m[Knote: [m[Kcandidate: ‘[01m[Ktemplate<class T, class DefaultT> std::pair<std::__cxx11::basic_string<char>, BT::PortInfo> BT::InputPort(BT::StringView, const DefaultT&, BT::StringView)[m[K’
[3.092s]   554 | [01;36m[KInputPort[m[K(StringView name, const DefaultT& default_value, StringView description)
[3.092s]       | [01;36m[K^~~~~~~~~[m[K
[3.092s] [01m[K/home/bobdobchob/osu-uwrt/development/software/install/behaviortree_cpp/include/behaviortree_cpp/basic_types.h:554:1:[m[K [01;36m[Knote: [m[K  template argument deduction/substitution failed:
[3.092s] In file included from [01m[K/home/bobdobchob/osu-uwrt/development/software/src/mercury_autonomy/mercury_autonomy/test/test_legacy_action_nodes.cpp:14[m[K:
[3.092s] [01m[K/home/bobdobchob/osu-uwrt/development/software/src/mercury_autonomy/mercury_autonomy/include/mercury_autonomy/bt_actions/publish_to_controller.hpp:21:26:[m[K [01;36m[Knote: [m[K  candidate expects 3 arguments, 2 provided
[3.092s]    21 |       [01;36m[KBT::InputPort<bool>("isOrientation", false)[m[K,
[3.092s]       |       [01;36m[K~~~~~~~~~~~~~~~~~~~^~~~~~~~~~~~~~~~~~~~~~~~[m[K
[3.092s] [01m[K/home/bobdobchob/osu-uwrt/development/software/src/mercury_autonomy/mercury_autonomy/include/mercury_autonomy/bt_actions/publish_to_controller.hpp:22:25:[m[K [01;31m[Kerror: [m[Kno matching function for call to ‘[01m[KInputPort<int>(const char [5], int)[m[K’
[3.092s]    22 |       [01;31m[KBT::InputPort<int>("mode", 3)[m[K,
[3.092s]       |       [01;31m[K~~~~~~~~~~~~~~~~~~^~~~~~~~~~~[m[K
[3.092s] In file included from [01m[K/home/bobdobchob/osu-uwrt/development/software/install/behaviortree_cpp/include/behaviortree_cpp/tree_node.h:16[m[K,
[3.092s]                  from [01m[K/home/bobdobchob/osu-uwrt/development/software/install/behaviortree_cpp/include/behaviortree_cpp/leaf_node.h:17[m[K,
[3.092s]                  from [01m[K/home/bobdobchob/osu-uwrt/development/software/install/behaviortree_cpp/include/behaviortree_cpp/action_node.h:17[m[K,
[3.092s]                  from [01m[K/home/bobdobchob/osu-uwrt/development/software/install/behaviortree_cpp/include/behaviortree_cpp/behavior_tree.h:16[m[K,
[3.092s]                  from [01m[K/home/bobdobchob/osu-uwrt/development/software/src/mercury_autonomy/mercury_autonomy/test/test_legacy_action_nodes.cpp:5[m[K:
[3.092s] [01m[K/home/bobdobchob/osu-uwrt/development/software/install/behaviortree_cpp/include/behaviortree_cpp/basic_types.h:484:1:[m[K [01;36m[Knote: [m[Kcandidate: ‘[01m[Kstd::pair<std::__cxx11::basic_string<char>, BT::PortInfo> BT::InputPort(BT::StringView, BT::StringView) [with T = int; BT::StringView = std::basic_string_view<char>][m[K’ (near match)
[3.092s]   484 | [01;36m[KInputPort[m[K(StringView name, StringView description = {})
[3.092s]       | [01;36m[K^~~~~~~~~[m[K
[3.092s] [01m[K/home/bobdobchob/osu-uwrt/development/software/install/behaviortree_cpp/include/behaviortree_cpp/basic_types.h:484:1:[m[K [01;36m[Knote: [m[K  conversion of argument 2 would be ill-formed:
[3.092s] In file included from [01m[K/home/bobdobchob/osu-uwrt/development/software/src/mercury_autonomy/mercury_autonomy/test/test_legacy_action_nodes.cpp:14[m[K:
[3.093s] [01m[K/home/bobdobchob/osu-uwrt/development/software/src/mercury_autonomy/mercury_autonomy/include/mercury_autonomy/bt_actions/publish_to_controller.hpp:22:34:[m[K [01;31m[Kerror: [m[Kinvalid conversion from ‘[01m[Kint[m[K’ to ‘[01m[Kconst char*[m[K’ [[01;31m[K]8;;https://gcc.gnu.org/onlinedocs/gcc/Warning-Options.html#index-fpermissive-fpermissive]8;;[m[K]
[3.093s]    22 |       BT::InputPort<int>("mode", [01;31m[K3[m[K),
[3.093s]       |                                  [01;31m[K^[m[K
[3.093s]       |                                  [01;31m[K|[m[K
[3.093s]       |                                  [01;31m[Kint[m[K
[3.093s] In file included from [01m[K/usr/include/c++/11/bits/basic_string.h:48[m[K,
[3.093s]                  from [01m[K/usr/include/c++/11/string:55[m[K,
[3.093s]                  from [01m[K/usr/include/c++/11/bits/locale_classes.h:40[m[K,
[3.093s]                  from [01m[K/usr/include/c++/11/bits/ios_base.h:41[m[K,
[3.093s]                  from [01m[K/usr/include/c++/11/ios:42[m[K,
[3.093s]                  from [01m[K/usr/include/c++/11/ostream:38[m[K,
[3.093s]                  from [01m[K/opt/ros/humble/src/gtest_vendor/include/gtest/gtest.h:58[m[K,
[3.093s]                  from [01m[K/home/bobdobchob/osu-uwrt/development/software/src/mercury_autonomy/mercury_autonomy/test/test_legacy_action_nodes.cpp:3[m[K:
[3.093s] [01m[K/usr/include/c++/11/string_view:131:39:[m[K [01;36m[Knote: [m[K  initializing argument 1 of ‘[01m[Kconstexpr std::basic_string_view<_CharT, _Traits>::basic_string_view(const _CharT*) [with _CharT = char; _Traits = std::char_traits<char>][m[K’
[3.093s]   131 |       basic_string_view([01;36m[Kconst _CharT* __str[m[K) noexcept
[3.093s]       |                         [01;36m[K~~~~~~~~~~~~~~^~~~~[m[K
[3.093s] In file included from [01m[K/home/bobdobchob/osu-uwrt/development/software/install/behaviortree_cpp/include/behaviortree_cpp/tree_node.h:16[m[K,
[3.093s]                  from [01m[K/home/bobdobchob/osu-uwrt/development/software/install/behaviortree_cpp/include/behaviortree_cpp/leaf_node.h:17[m[K,
[3.093s]                  from [01m[K/home/bobdobchob/osu-uwrt/development/software/install/behaviortree_cpp/include/behaviortree_cpp/action_node.h:17[m[K,
[3.093s]                  from [01m[K/home/bobdobchob/osu-uwrt/development/software/install/behaviortree_cpp/include/behaviortree_cpp/behavior_tree.h:16[m[K,
[3.093s]                  from [01m[K/home/bobdobchob/osu-uwrt/development/software/src/mercury_autonomy/mercury_autonomy/test/test_legacy_action_nodes.cpp:5[m[K:
[3.093s] [01m[K/home/bobdobchob/osu-uwrt/development/software/install/behaviortree_cpp/include/behaviortree_cpp/basic_types.h:554:1:[m[K [01;36m[Knote: [m[Kcandidate: ‘[01m[Ktemplate<class T, class DefaultT> std::pair<std::__cxx11::basic_string<char>, BT::PortInfo> BT::InputPort(BT::StringView, const DefaultT&, BT::StringView)[m[K’
[3.093s]   554 | [01;36m[KInputPort[m[K(StringView name, const DefaultT& default_value, StringView description)
[3.093s]       | [01;36m[K^~~~~~~~~[m[K
[3.093s] [01m[K/home/bobdobchob/osu-uwrt/development/software/install/behaviortree_cpp/include/behaviortree_cpp/basic_types.h:554:1:[m[K [01;36m[Knote: [m[K  template argument deduction/substitution failed:
[3.093s] In file included from [01m[K/home/bobdobchob/osu-uwrt/development/software/src/mercury_autonomy/mercury_autonomy/test/test_legacy_action_nodes.cpp:14[m[K:
[3.093s] [01m[K/home/bobdobchob/osu-uwrt/development/software/src/mercury_autonomy/mercury_autonomy/include/mercury_autonomy/bt_actions/publish_to_controller.hpp:22:25:[m[K [01;36m[Knote: [m[K  candidate expects 3 arguments, 2 provided
[3.093s]    22 |       [01;36m[KBT::InputPort<int>("mode", 3)[m[K,
[3.093s]       |       [01;36m[K~~~~~~~~~~~~~~~~~~^~~~~~~~~~~[m[K
[3.093s] [01m[K/home/bobdobchob/osu-uwrt/development/software/src/mercury_autonomy/mercury_autonomy/include/mercury_autonomy/bt_actions/publish_to_controller.hpp:23:28:[m[K [01;31m[Kerror: [m[Kno matching function for call to ‘[01m[KInputPort<double>(const char [2], double)[m[K’
[3.093s]    23 |       [01;31m[KBT::InputPort<double>("x", 0.0)[m[K,
[3.093s]       |       [01;31m[K~~~~~~~~~~~~~~~~~~~~~^~~~~~~~~~[m[K
[3.093s] In file included from [01m[K/home/bobdobchob/osu-uwrt/development/software/install/behaviortree_cpp/include/behaviortree_cpp/tree_node.h:16[m[K,
[3.093s]                  from [01m[K/home/bobdobchob/osu-uwrt/development/software/install/behaviortree_cpp/include/behaviortree_cpp/leaf_node.h:17[m[K,
[3.093s]                  from [01m[K/home/bobdobchob/osu-uwrt/development/software/install/behaviortree_cpp/include/behaviortree_cpp/action_node.h:17[m[K,
[3.093s]                  from [01m[K/home/bobdobchob/osu-uwrt/development/software/install/behaviortree_cpp/include/behaviortree_cpp/behavior_tree.h:16[m[K,
[3.093s]                  from [01m[K/home/bobdobchob/osu-uwrt/development/software/src/mercury_autonomy/mercury_autonomy/test/test_legacy_action_nodes.cpp:5[m[K:
[3.093s] [01m[K/home/bobdobchob/osu-uwrt/development/software/install/behaviortree_cpp/include/behaviortree_cpp/basic_types.h:484:1:[m[K [01;36m[Knote: [m[Kcandidate: ‘[01m[Kstd::pair<std::__cxx11::basic_string<char>, BT::PortInfo> BT::InputPort(BT::StringView, BT::StringView) [with T = double; BT::StringView = std::basic_string_view<char>][m[K’
[3.093s]   484 | [01;36m[KInputPort[m[K(StringView name, StringView description = {})
[3.093s]       | [01;36m[K^~~~~~~~~[m[K
[3.093s] [01m[K/home/bobdobchob/osu-uwrt/development/software/install/behaviortree_cpp/include/behaviortree_cpp/basic_types.h:484:39:[m[K [01;36m[Knote: [m[K  no known conversion for argument 2 from ‘[01m[Kdouble[m[K’ to ‘[01m[KBT::StringView[m[K’ {aka ‘[01m[Kstd::basic_string_view<char>[m[K’}
[3.094s]   484 | InputPort(StringView name, [01;36m[KStringView description = {}[m[K)
[3.094s]       |                            [01;36m[K~~~~~~~~~~~^~~~~~~~~~~~~~~~[m[K
[3.094s] [01m[K/home/bobdobchob/osu-uwrt/development/software/install/behaviortree_cpp/include/behaviortree_cpp/basic_types.h:554:1:[m[K [01;36m[Knote: [m[Kcandidate: ‘[01m[Ktemplate<class T, class DefaultT> std::pair<std::__cxx11::basic_string<char>, BT::PortInfo> BT::InputPort(BT::StringView, const DefaultT&, BT::StringView)[m[K’
[3.094s]   554 | [01;36m[KInputPort[m[K(StringView name, const DefaultT& default_value, StringView description)
[3.094s]       | [01;36m[K^~~~~~~~~[m[K
[3.094s] [01m[K/home/bobdobchob/osu-uwrt/development/software/install/behaviortree_cpp/include/behaviortree_cpp/basic_types.h:554:1:[m[K [01;36m[Knote: [m[K  template argument deduction/substitution failed:
[3.094s] In file included from [01m[K/home/bobdobchob/osu-uwrt/development/software/src/mercury_autonomy/mercury_autonomy/test/test_legacy_action_nodes.cpp:14[m[K:
[3.094s] [01m[K/home/bobdobchob/osu-uwrt/development/software/src/mercury_autonomy/mercury_autonomy/include/mercury_autonomy/bt_actions/publish_to_controller.hpp:23:28:[m[K [01;36m[Knote: [m[K  candidate expects 3 arguments, 2 provided
[3.094s]    23 |       [01;36m[KBT::InputPort<double>("x", 0.0)[m[K,
[3.094s]       |       [01;36m[K~~~~~~~~~~~~~~~~~~~~~^~~~~~~~~~[m[K
[3.094s] [01m[K/home/bobdobchob/osu-uwrt/development/software/src/mercury_autonomy/mercury_autonomy/include/mercury_autonomy/bt_actions/publish_to_controller.hpp:24:28:[m[K [01;31m[Kerror: [m[Kno matching function for call to ‘[01m[KInputPort<double>(const char [2], double)[m[K’
[3.094s]    24 |       [01;31m[KBT::InputPort<double>("y", 0.0)[m[K,
[3.094s]       |       [01;31m[K~~~~~~~~~~~~~~~~~~~~~^~~~~~~~~~[m[K
[3.094s] In file included from [01m[K/home/bobdobchob/osu-uwrt/development/software/install/behaviortree_cpp/include/behaviortree_cpp/tree_node.h:16[m[K,
[3.094s]                  from [01m[K/home/bobdobchob/osu-uwrt/development/software/install/behaviortree_cpp/include/behaviortree_cpp/leaf_node.h:17[m[K,
[3.094s]                  from [01m[K/home/bobdobchob/osu-uwrt/development/software/install/behaviortree_cpp/include/behaviortree_cpp/action_node.h:17[m[K,
[3.094s]                  from [01m[K/home/bobdobchob/osu-uwrt/development/software/install/behaviortree_cpp/include/behaviortree_cpp/behavior_tree.h:16[m[K,
[3.094s]                  from [01m[K/home/bobdobchob/osu-uwrt/development/software/src/mercury_autonomy/mercury_autonomy/test/test_legacy_action_nodes.cpp:5[m[K:
[3.094s] [01m[K/home/bobdobchob/osu-uwrt/development/software/install/behaviortree_cpp/include/behaviortree_cpp/basic_types.h:484:1:[m[K [01;36m[Knote: [m[Kcandidate: ‘[01m[Kstd::pair<std::__cxx11::basic_string<char>, BT::PortInfo> BT::InputPort(BT::StringView, BT::StringView) [with T = double; BT::StringView = std::basic_string_view<char>][m[K’
[3.094s]   484 | [01;36m[KInputPort[m[K(StringView name, StringView description = {})
[3.094s]       | [01;36m[K^~~~~~~~~[m[K
[3.094s] [01m[K/home/bobdobchob/osu-uwrt/development/software/install/behaviortree_cpp/include/behaviortree_cpp/basic_types.h:484:39:[m[K [01;36m[Knote: [m[K  no known conversion for argument 2 from ‘[01m[Kdouble[m[K’ to ‘[01m[KBT::StringView[m[K’ {aka ‘[01m[Kstd::basic_string_view<char>[m[K’}
[3.094s]   484 | InputPort(StringView name, [01;36m[KStringView description = {}[m[K)
[3.094s]       |                            [01;36m[K~~~~~~~~~~~^~~~~~~~~~~~~~~~[m[K
[3.094s] [01m[K/home/bobdobchob/osu-uwrt/development/software/install/behaviortree_cpp/include/behaviortree_cpp/basic_types.h:554:1:[m[K [01;36m[Knote: [m[Kcandidate: ‘[01m[Ktemplate<class T, class DefaultT> std::pair<std::__cxx11::basic_string<char>, BT::PortInfo> BT::InputPort(BT::StringView, const DefaultT&, BT::StringView)[m[K’
[3.094s]   554 | [01;36m[KInputPort[m[K(StringView name, const DefaultT& default_value, StringView description)
[3.094s]       | [01;36m[K^~~~~~~~~[m[K
[3.094s] [01m[K/home/bobdobchob/osu-uwrt/development/software/install/behaviortree_cpp/include/behaviortree_cpp/basic_types.h:554:1:[m[K [01;36m[Knote: [m[K  template argument deduction/substitution failed:
[3.094s] In file included from [01m[K/home/bobdobchob/osu-uwrt/development/software/src/mercury_autonomy/mercury_autonomy/test/test_legacy_action_nodes.cpp:14[m[K:
[3.094s] [01m[K/home/bobdobchob/osu-uwrt/development/software/src/mercury_autonomy/mercury_autonomy/include/mercury_autonomy/bt_actions/publish_to_controller.hpp:24:28:[m[K [01;36m[Knote: [m[K  candidate expects 3 arguments, 2 provided
[3.094s]    24 |       [01;36m[KBT::InputPort<double>("y", 0.0)[m[K,
[3.094s]       |       [01;36m[K~~~~~~~~~~~~~~~~~~~~~^~~~~~~~~~[m[K
[3.094s] [01m[K/home/bobdobchob/osu-uwrt/development/software/src/mercury_autonomy/mercury_autonomy/include/mercury_autonomy/bt_actions/publish_to_controller.hpp:25:28:[m[K [01;31m[Kerror: [m[Kno matching function for call to ‘[01m[KInputPort<double>(const char [2], double)[m[K’
[3.094s]    25 |       [01;31m[KBT::InputPort<double>("z", 0.0)[m[K,
[3.094s]       |       [01;31m[K~~~~~~~~~~~~~~~~~~~~~^~~~~~~~~~[m[K
[3.094s] In file included from [01m[K/home/bobdobchob/osu-uwrt/development/software/install/behaviortree_cpp/include/behaviortree_cpp/tree_node.h:16[m[K,
[3.094s]                  from [01m[K/home/bobdobchob/osu-uwrt/development/software/install/behaviortree_cpp/include/behaviortree_cpp/leaf_node.h:17[m[K,
[3.094s]                  from [01m[K/home/bobdobchob/osu-uwrt/development/software/install/behaviortree_cpp/include/behaviortree_cpp/action_node.h:17[m[K,
[3.094s]                  from [01m[K/home/bobdobchob/osu-uwrt/development/software/install/behaviortree_cpp/include/behaviortree_cpp/behavior_tree.h:16[m[K,
[3.094s]                  from [01m[K/home/bobdobchob/osu-uwrt/development/software/src/mercury_autonomy/mercury_autonomy/test/test_legacy_action_nodes.cpp:5[m[K:
[3.094s] [01m[K/home/bobdobchob/osu-uwrt/development/software/install/behaviortree_cpp/include/behaviortree_cpp/basic_types.h:484:1:[m[K [01;36m[Knote: [m[Kcandidate: ‘[01m[Kstd::pair<std::__cxx11::basic_string<char>, BT::PortInfo> BT::InputPort(BT::StringView, BT::StringView) [with T = double; BT::StringView = std::basic_string_view<char>][m[K’
[3.094s]   484 | [01;36m[KInputPort[m[K(StringView name, StringView description = {})
[3.095s]       | [01;36m[K^~~~~~~~~[m[K
[3.095s] [01m[K/home/bobdobchob/osu-uwrt/development/software/install/behaviortree_cpp/include/behaviortree_cpp/basic_types.h:484:39:[m[K [01;36m[Knote: [m[K  no known conversion for argument 2 from ‘[01m[Kdouble[m[K’ to ‘[01m[KBT::StringView[m[K’ {aka ‘[01m[Kstd::basic_string_view<char>[m[K’}
[3.095s]   484 | InputPort(StringView name, [01;36m[KStringView description = {}[m[K)
[3.095s]       |                            [01;36m[K~~~~~~~~~~~^~~~~~~~~~~~~~~~[m[K
[3.095s] [01m[K/home/bobdobchob/osu-uwrt/development/software/install/behaviortree_cpp/include/behaviortree_cpp/basic_types.h:554:1:[m[K [01;36m[Knote: [m[Kcandidate: ‘[01m[Ktemplate<class T, class DefaultT> std::pair<std::__cxx11::basic_string<char>, BT::PortInfo> BT::InputPort(BT::StringView, const DefaultT&, BT::StringView)[m[K’
[3.095s]   554 | [01;36m[KInputPort[m[K(StringView name, const DefaultT& default_value, StringView description)
[3.095s]       | [01;36m[K^~~~~~~~~[m[K
[3.095s] [01m[K/home/bobdobchob/osu-uwrt/development/software/install/behaviortree_cpp/include/behaviortree_cpp/basic_types.h:554:1:[m[K [01;36m[Knote: [m[K  template argument deduction/substitution failed:
[3.095s] In file included from [01m[K/home/bobdobchob/osu-uwrt/development/software/src/mercury_autonomy/mercury_autonomy/test/test_legacy_action_nodes.cpp:14[m[K:
[3.095s] [01m[K/home/bobdobchob/osu-uwrt/development/software/src/mercury_autonomy/mercury_autonomy/include/mercury_autonomy/bt_actions/publish_to_controller.hpp:25:28:[m[K [01;36m[Knote: [m[K  candidate expects 3 arguments, 2 provided
[3.095s]    25 |       [01;36m[KBT::InputPort<double>("z", 0.0)[m[K,
[3.095s]       |       [01;36m[K~~~~~~~~~~~~~~~~~~~~~^~~~~~~~~~[m[K
[3.095s] [01m[K/home/bobdobchob/osu-uwrt/development/software/src/mercury_autonomy/mercury_autonomy/include/mercury_autonomy/bt_actions/publish_to_controller.hpp:26:5:[m[K [01;31m[Kerror: [m[Kcould not convert ‘[01m[K{<expression error>, <expression error>, <expression error>, <expression error>, <expression error>}[m[K’ from ‘[01m[K<brace-enclosed initializer list>[m[K’ to ‘[01m[KBT::PortsList[m[K’ {aka ‘[01m[Kstd::unordered_map<std::__cxx11::basic_string<char>, BT::PortInfo>[m[K’}
[3.095s]    26 |     [01;31m[K}[m[K;
[3.095s]       |     [01;31m[K^[m[K
[3.095s]       |     [01;31m[K|[m[K
[3.095s]       |     [01;31m[K<brace-enclosed initializer list>[m[K
[3.095s] In file included from [01m[K/home/bobdobchob/osu-uwrt/development/software/src/mercury_autonomy/mercury_autonomy/test/test_legacy_action_nodes.cpp:15[m[K:
[3.095s] [01m[K/home/bobdobchob/osu-uwrt/development/software/src/mercury_autonomy/mercury_autonomy/include/mercury_autonomy/bt_actions/set_controller_safe_mode.hpp:[m[K In static member function ‘[01m[Kstatic BT::PortsList mercury_autonomy::SetControllerSafeMode::providedPorts()[m[K’:
[3.095s] [01m[K/home/bobdobchob/osu-uwrt/development/software/src/mercury_autonomy/mercury_autonomy/include/mercury_autonomy/bt_actions/set_controller_safe_mode.hpp:20:26:[m[K [01;31m[Kerror: [m[Kno matching function for call to ‘[01m[KInputPort<bool>(const char [5], bool)[m[K’
[3.095s]    20 |       [01;31m[KBT::InputPort<bool>("safe", true)[m[K,
[3.095s]       |       [01;31m[K~~~~~~~~~~~~~~~~~~~^~~~~~~~~~~~~~[m[K
[3.095s] In file included from [01m[K/home/bobdobchob/osu-uwrt/development/software/install/behaviortree_cpp/include/behaviortree_cpp/tree_node.h:16[m[K,
[3.095s]                  from [01m[K/home/bobdobchob/osu-uwrt/development/software/install/behaviortree_cpp/include/behaviortree_cpp/leaf_node.h:17[m[K,
[3.095s]                  from [01m[K/home/bobdobchob/osu-uwrt/development/software/install/behaviortree_cpp/include/behaviortree_cpp/action_node.h:17[m[K,
[3.095s]                  from [01m[K/home/bobdobchob/osu-uwrt/development/software/install/behaviortree_cpp/include/behaviortree_cpp/behavior_tree.h:16[m[K,
[3.095s]                  from [01m[K/home/bobdobchob/osu-uwrt/development/software/src/mercury_autonomy/mercury_autonomy/test/test_legacy_action_nodes.cpp:5[m[K:
[3.095s] [01m[K/home/bobdobchob/osu-uwrt/development/software/install/behaviortree_cpp/include/behaviortree_cpp/basic_types.h:484:1:[m[K [01;36m[Knote: [m[Kcandidate: ‘[01m[Kstd::pair<std::__cxx11::basic_string<char>, BT::PortInfo> BT::InputPort(BT::StringView, BT::StringView) [with T = bool; BT::StringView = std::basic_string_view<char>][m[K’
[3.095s]   484 | [01;36m[KInputPort[m[K(StringView name, StringView description = {})
[3.095s]       | [01;36m[K^~~~~~~~~[m[K
[3.095s] [01m[K/home/bobdobchob/osu-uwrt/development/software/install/behaviortree_cpp/include/behaviortree_cpp/basic_types.h:484:39:[m[K [01;36m[Knote: [m[K  no known conversion for argument 2 from ‘[01m[Kbool[m[K’ to ‘[01m[KBT::StringView[m[K’ {aka ‘[01m[Kstd::basic_string_view<char>[m[K’}
[3.095s]   484 | InputPort(StringView name, [01;36m[KStringView description = {}[m[K)
[3.095s]       |                            [01;36m[K~~~~~~~~~~~^~~~~~~~~~~~~~~~[m[K
[3.095s] [01m[K/home/bobdobchob/osu-uwrt/development/software/install/behaviortree_cpp/include/behaviortree_cpp/basic_types.h:554:1:[m[K [01;36m[Knote: [m[Kcandidate: ‘[01m[Ktemplate<class T, class DefaultT> std::pair<std::__cxx11::basic_string<char>, BT::PortInfo> BT::InputPort(BT::StringView, const DefaultT&, BT::StringView)[m[K’
[3.095s]   554 | [01;36m[KInputPort[m[K(StringView name, const DefaultT& default_value, StringView description)
[3.095s]       | [01;36m[K^~~~~~~~~[m[K
[3.095s] [01m[K/home/bobdobchob/osu-uwrt/development/software/install/behaviortree_cpp/include/behaviortree_cpp/basic_types.h:554:1:[m[K [01;36m[Knote: [m[K  template argument deduction/substitution failed:
[3.095s] In file included from [01m[K/home/bobdobchob/osu-uwrt/development/software/src/mercury_autonomy/mercury_autonomy/test/test_legacy_action_nodes.cpp:15[m[K:
[3.095s] [01m[K/home/bobdobchob/osu-uwrt/development/software/src/mercury_autonomy/mercury_autonomy/include/mercury_autonomy/bt_actions/set_controller_safe_mode.hpp:20:26:[m[K [01;36m[Knote: [m[K  candidate expects 3 arguments, 2 provided
[3.096s]    20 |       [01;36m[KBT::InputPort<bool>("safe", true)[m[K,
[3.096s]       |       [01;36m[K~~~~~~~~~~~~~~~~~~~^~~~~~~~~~~~~~[m[K
[3.096s] [01m[K/home/bobdobchob/osu-uwrt/development/software/src/mercury_autonomy/mercury_autonomy/include/mercury_autonomy/bt_actions/set_controller_safe_mode.hpp:21:28:[m[K [01;31m[Kerror: [m[Kno matching function for call to ‘[01m[KInputPort<double>(const char [13], double)[m[K’
[3.096s]    21 |       [01;31m[KBT::InputPort<double>("timeout_secs", 0.0)[m[K,
[3.096s]       |       [01;31m[K~~~~~~~~~~~~~~~~~~~~~^~~~~~~~~~~~~~~~~~~~~[m[K
[3.096s] In file included from [01m[K/home/bobdobchob/osu-uwrt/development/software/install/behaviortree_cpp/include/behaviortree_cpp/tree_node.h:16[m[K,
[3.096s]                  from [01m[K/home/bobdobchob/osu-uwrt/development/software/install/behaviortree_cpp/include/behaviortree_cpp/leaf_node.h:17[m[K,
[3.096s]                  from [01m[K/home/bobdobchob/osu-uwrt/development/software/install/behaviortree_cpp/include/behaviortree_cpp/action_node.h:17[m[K,
[3.096s]                  from [01m[K/home/bobdobchob/osu-uwrt/development/software/install/behaviortree_cpp/include/behaviortree_cpp/behavior_tree.h:16[m[K,
[3.096s]                  from [01m[K/home/bobdobchob/osu-uwrt/development/software/src/mercury_autonomy/mercury_autonomy/test/test_legacy_action_nodes.cpp:5[m[K:
[3.096s] [01m[K/home/bobdobchob/osu-uwrt/development/software/install/behaviortree_cpp/include/behaviortree_cpp/basic_types.h:484:1:[m[K [01;36m[Knote: [m[Kcandidate: ‘[01m[Kstd::pair<std::__cxx11::basic_string<char>, BT::PortInfo> BT::InputPort(BT::StringView, BT::StringView) [with T = double; BT::StringView = std::basic_string_view<char>][m[K’
[3.096s]   484 | [01;36m[KInputPort[m[K(StringView name, StringView description = {})
[3.096s]       | [01;36m[K^~~~~~~~~[m[K
[3.096s] [01m[K/home/bobdobchob/osu-uwrt/development/software/install/behaviortree_cpp/include/behaviortree_cpp/basic_types.h:484:39:[m[K [01;36m[Knote: [m[K  no known conversion for argument 2 from ‘[01m[Kdouble[m[K’ to ‘[01m[KBT::StringView[m[K’ {aka ‘[01m[Kstd::basic_string_view<char>[m[K’}
[3.096s]   484 | InputPort(StringView name, [01;36m[KStringView description = {}[m[K)
[3.096s]       |                            [01;36m[K~~~~~~~~~~~^~~~~~~~~~~~~~~~[m[K
[3.096s] [01m[K/home/bobdobchob/osu-uwrt/development/software/install/behaviortree_cpp/include/behaviortree_cpp/basic_types.h:554:1:[m[K [01;36m[Knote: [m[Kcandidate: ‘[01m[Ktemplate<class T, class DefaultT> std::pair<std::__cxx11::basic_string<char>, BT::PortInfo> BT::InputPort(BT::StringView, const DefaultT&, BT::StringView)[m[K’
[3.096s]   554 | [01;36m[KInputPort[m[K(StringView name, const DefaultT& default_value, StringView description)
[3.096s]       | [01;36m[K^~~~~~~~~[m[K
[3.096s] [01m[K/home/bobdobchob/osu-uwrt/development/software/install/behaviortree_cpp/include/behaviortree_cpp/basic_types.h:554:1:[m[K [01;36m[Knote: [m[K  template argument deduction/substitution failed:
[3.096s] In file included from [01m[K/home/bobdobchob/osu-uwrt/development/software/src/mercury_autonomy/mercury_autonomy/test/test_legacy_action_nodes.cpp:15[m[K:
[3.096s] [01m[K/home/bobdobchob/osu-uwrt/development/software/src/mercury_autonomy/mercury_autonomy/include/mercury_autonomy/bt_actions/set_controller_safe_mode.hpp:21:28:[m[K [01;36m[Knote: [m[K  candidate expects 3 arguments, 2 provided
[3.096s]    21 |       [01;36m[KBT::InputPort<double>("timeout_secs", 0.0)[m[K,
[3.096s]       |       [01;36m[K~~~~~~~~~~~~~~~~~~~~~^~~~~~~~~~~~~~~~~~~~~[m[K
[3.096s] [01m[K/home/bobdobchob/osu-uwrt/development/software/src/mercury_autonomy/mercury_autonomy/include/mercury_autonomy/bt_actions/set_controller_safe_mode.hpp:22:5:[m[K [01;31m[Kerror: [m[Kcould not convert ‘[01m[K{<expression error>, <expression error>}[m[K’ from ‘[01m[K<brace-enclosed initializer list>[m[K’ to ‘[01m[KBT::PortsList[m[K’ {aka ‘[01m[Kstd::unordered_map<std::__cxx11::basic_string<char>, BT::PortInfo>[m[K’}
[3.096s]    22 |     [01;31m[K}[m[K;
[3.096s]       |     [01;31m[K^[m[K
[3.096s]       |     [01;31m[K|[m[K
[3.096s]       |     [01;31m[K<brace-enclosed initializer list>[m[K
[3.096s] In file included from [01m[K/home/bobdobchob/osu-uwrt/development/software/src/mercury_autonomy/mercury_autonomy/src/register_actions.cpp:22[m[K:
[3.096s] [01m[K/home/bobdobchob/osu-uwrt/development/software/src/mercury_autonomy/mercury_autonomy/include/mercury_autonomy/bt_actions/set_controller_safe_mode.hpp:[m[K In static member function ‘[01m[Kstatic BT::PortsList mercury_autonomy::SetControllerSafeMode::providedPorts()[m[K’:
[3.096s] [01m[K/home/bobdobchob/osu-uwrt/development/software/src/mercury_autonomy/mercury_autonomy/include/mercury_autonomy/bt_actions/set_controller_safe_mode.hpp:20:26:[m[K [01;31m[Kerror: [m[Kno matching function for call to ‘[01m[KInputPort<bool>(const char [5], bool)[m[K’
[3.096s]    20 |       [01;31m[KBT::InputPort<bool>("safe", true)[m[K,
[3.096s]       |       [01;31m[K~~~~~~~~~~~~~~~~~~~^~~~~~~~~~~~~~[m[K
[3.096s] In file included from [01m[K/home/bobdobchob/osu-uwrt/development/software/install/behaviortree_cpp/include/behaviortree_cpp/tree_node.h:16[m[K,
[3.096s]                  from [01m[K/home/bobdobchob/osu-uwrt/development/software/install/behaviortree_cpp/include/behaviortree_cpp/leaf_node.h:17[m[K,
[3.097s]                  from [01m[K/home/bobdobchob/osu-uwrt/development/software/install/behaviortree_cpp/include/behaviortree_cpp/action_node.h:17[m[K,
[3.097s]                  from [01m[K/home/bobdobchob/osu-uwrt/development/software/install/behaviortree_cpp/include/behaviortree_cpp/behavior_tree.h:16[m[K,
[3.097s]                  from [01m[K/home/bobdobchob/osu-uwrt/development/software/src/mercury_autonomy/mercury_autonomy/include/mercury_autonomy/autonomy_base.hpp:15[m[K,
[3.097s]                  from [01m[K/home/bobdobchob/osu-uwrt/development/software/src/mercury_autonomy/mercury_autonomy/include/mercury_autonomy/autonomy_lib.hpp:6[m[K,
[3.097s]                  from [01m[K/home/bobdobchob/osu-uwrt/development/software/src/mercury_autonomy/mercury_autonomy/include/mercury_autonomy/bt_actions/example_action.hpp:14[m[K,
[3.097s]                  from [01m[K/home/bobdobchob/osu-uwrt/development/software/src/mercury_autonomy/mercury_autonomy/src/register_actions.cpp:4[m[K:
[3.097s] [01m[K/home/bobdobchob/osu-uwrt/development/software/install/behaviortree_cpp/include/behaviortree_cpp/basic_types.h:484:1:[m[K [01;36m[Knote: [m[Kcandidate: ‘[01m[Kstd::pair<std::__cxx11::basic_string<char>, BT::PortInfo> BT::InputPort(BT::StringView, BT::StringView) [with T = bool; BT::StringView = std::basic_string_view<char>][m[K’
[3.097s]   484 | [01;36m[KInputPort[m[K(StringView name, StringView description = {})
[3.097s]       | [01;36m[K^~~~~~~~~[m[K
[3.097s] [01m[K/home/bobdobchob/osu-uwrt/development/software/install/behaviortree_cpp/include/behaviortree_cpp/basic_types.h:484:39:[m[K [01;36m[Knote: [m[K  no known conversion for argument 2 from ‘[01m[Kbool[m[K’ to ‘[01m[KBT::StringView[m[K’ {aka ‘[01m[Kstd::basic_string_view<char>[m[K’}
[3.097s]   484 | InputPort(StringView name, [01;36m[KStringView description = {}[m[K)
[3.097s]       |                            [01;36m[K~~~~~~~~~~~^~~~~~~~~~~~~~~~[m[K
[3.097s] [01m[K/home/bobdobchob/osu-uwrt/development/software/install/behaviortree_cpp/include/behaviortree_cpp/basic_types.h:554:1:[m[K [01;36m[Knote: [m[Kcandidate: ‘[01m[Ktemplate<class T, class DefaultT> std::pair<std::__cxx11::basic_string<char>, BT::PortInfo> BT::InputPort(BT::StringView, const DefaultT&, BT::StringView)[m[K’
[3.097s]   554 | [01;36m[KInputPort[m[K(StringView name, const DefaultT& default_value, StringView description)
[3.097s]       | [01;36m[K^~~~~~~~~[m[K
[3.097s] [01m[K/home/bobdobchob/osu-uwrt/development/software/install/behaviortree_cpp/include/behaviortree_cpp/basic_types.h:554:1:[m[K [01;36m[Knote: [m[K  template argument deduction/substitution failed:
[3.097s] In file included from [01m[K/home/bobdobchob/osu-uwrt/development/software/src/mercury_autonomy/mercury_autonomy/src/register_actions.cpp:22[m[K:
[3.097s] [01m[K/home/bobdobchob/osu-uwrt/development/software/src/mercury_autonomy/mercury_autonomy/include/mercury_autonomy/bt_actions/set_controller_safe_mode.hpp:20:26:[m[K [01;36m[Knote: [m[K  candidate expects 3 arguments, 2 provided
[3.097s]    20 |       [01;36m[KBT::InputPort<bool>("safe", true)[m[K,
[3.097s]       |       [01;36m[K~~~~~~~~~~~~~~~~~~~^~~~~~~~~~~~~~[m[K
[3.097s] [01m[K/home/bobdobchob/osu-uwrt/development/software/src/mercury_autonomy/mercury_autonomy/include/mercury_autonomy/bt_actions/set_controller_safe_mode.hpp:21:28:[m[K [01;31m[Kerror: [m[Kno matching function for call to ‘[01m[KInputPort<double>(const char [13], double)[m[K’
[3.097s]    21 |       [01;31m[KBT::InputPort<double>("timeout_secs", 0.0)[m[K,
[3.097s]       |       [01;31m[K~~~~~~~~~~~~~~~~~~~~~^~~~~~~~~~~~~~~~~~~~~[m[K
[3.097s] In file included from [01m[K/home/bobdobchob/osu-uwrt/development/software/install/behaviortree_cpp/include/behaviortree_cpp/tree_node.h:16[m[K,
[3.097s]                  from [01m[K/home/bobdobchob/osu-uwrt/development/software/install/behaviortree_cpp/include/behaviortree_cpp/leaf_node.h:17[m[K,
[3.097s]                  from [01m[K/home/bobdobchob/osu-uwrt/development/software/install/behaviortree_cpp/include/behaviortree_cpp/action_node.h:17[m[K,
[3.097s]                  from [01m[K/home/bobdobchob/osu-uwrt/development/software/install/behaviortree_cpp/include/behaviortree_cpp/behavior_tree.h:16[m[K,
[3.097s]                  from [01m[K/home/bobdobchob/osu-uwrt/development/software/src/mercury_autonomy/mercury_autonomy/include/mercury_autonomy/autonomy_base.hpp:15[m[K,
[3.097s]                  from [01m[K/home/bobdobchob/osu-uwrt/development/software/src/mercury_autonomy/mercury_autonomy/include/mercury_autonomy/autonomy_lib.hpp:6[m[K,
[3.097s]                  from [01m[K/home/bobdobchob/osu-uwrt/development/software/src/mercury_autonomy/mercury_autonomy/include/mercury_autonomy/bt_actions/example_action.hpp:14[m[K,
[3.097s]                  from [01m[K/home/bobdobchob/osu-uwrt/development/software/src/mercury_autonomy/mercury_autonomy/src/register_actions.cpp:4[m[K:
[3.097s] [01m[K/home/bobdobchob/osu-uwrt/development/software/install/behaviortree_cpp/include/behaviortree_cpp/basic_types.h:484:1:[m[K [01;36m[Knote: [m[Kcandidate: ‘[01m[Kstd::pair<std::__cxx11::basic_string<char>, BT::PortInfo> BT::InputPort(BT::StringView, BT::StringView) [with T = double; BT::StringView = std::basic_string_view<char>][m[K’
[3.097s]   484 | [01;36m[KInputPort[m[K(StringView name, StringView description = {})
[3.097s]       | [01;36m[K^~~~~~~~~[m[K
[3.097s] [01m[K/home/bobdobchob/osu-uwrt/development/software/install/behaviortree_cpp/include/behaviortree_cpp/basic_types.h:484:39:[m[K [01;36m[Knote: [m[K  no known conversion for argument 2 from ‘[01m[Kdouble[m[K’ to ‘[01m[KBT::StringView[m[K’ {aka ‘[01m[Kstd::basic_string_view<char>[m[K’}
[3.097s]   484 | InputPort(StringView name, [01;36m[KStringView description = {}[m[K)
[3.097s]       |                            [01;36m[K~~~~~~~~~~~^~~~~~~~~~~~~~~~[m[K
[3.097s] [01m[K/home/bobdobchob/osu-uwrt/development/software/install/behaviortree_cpp/include/behaviortree_cpp/basic_types.h:554:1:[m[K [01;36m[Knote: [m[Kcandidate: ‘[01m[Ktemplate<class T, class DefaultT> std::pair<std::__cxx11::basic_string<char>, BT::PortInfo> BT::InputPort(BT::StringView, const DefaultT&, BT::StringView)[m[K’
[3.097s]   554 | [01;36m[KInputPort[m[K(StringView name, const DefaultT& default_value, StringView description)
[3.097s]       | [01;36m[K^~~~~~~~~[m[K
[3.098s] [01m[K/home/bobdobchob/osu-uwrt/development/software/install/behaviortree_cpp/include/behaviortree_cpp/basic_types.h:554:1:[m[K [01;36m[Knote: [m[K  template argument deduction/substitution failed:
[3.098s] In file included from [01m[K/home/bobdobchob/osu-uwrt/development/software/src/mercury_autonomy/mercury_autonomy/src/register_actions.cpp:22[m[K:
[3.098s] [01m[K/home/bobdobchob/osu-uwrt/development/software/src/mercury_autonomy/mercury_autonomy/include/mercury_autonomy/bt_actions/set_controller_safe_mode.hpp:21:28:[m[K [01;36m[Knote: [m[K  candidate expects 3 arguments, 2 provided
[3.098s]    21 |       [01;36m[KBT::InputPort<double>("timeout_secs", 0.0)[m[K,
[3.098s]       |       [01;36m[K~~~~~~~~~~~~~~~~~~~~~^~~~~~~~~~~~~~~~~~~~~[m[K
[3.098s] [01m[K/home/bobdobchob/osu-uwrt/development/software/src/mercury_autonomy/mercury_autonomy/include/mercury_autonomy/bt_actions/set_controller_safe_mode.hpp:22:5:[m[K [01;31m[Kerror: [m[Kcould not convert ‘[01m[K{<expression error>, <expression error>}[m[K’ from ‘[01m[K<brace-enclosed initializer list>[m[K’ to ‘[01m[KBT::PortsList[m[K’ {aka ‘[01m[Kstd::unordered_map<std::__cxx11::basic_string<char>, BT::PortInfo>[m[K’}
[3.098s]    22 |     [01;31m[K}[m[K;
[3.098s]       |     [01;31m[K^[m[K
[3.098s]       |     [01;31m[K|[m[K
[3.098s]       |     [01;31m[K<brace-enclosed initializer list>[m[K
[3.286s] gmake[2]: *** [CMakeFiles/mercury_bt_actions.dir/build.make:272: CMakeFiles/mercury_bt_actions.dir/src/bt_actions/publish_int8.cpp.o] Error 1
[3.286s] gmake[2]: *** Waiting for unfinished jobs....
[3.312s] gmake[2]: *** [CMakeFiles/mercury_bt_actions.dir/build.make:104: CMakeFiles/mercury_bt_actions.dir/src/bt_actions/compute_frame_alignment.cpp.o] Error 1
[3.349s] gmake[2]: *** [CMakeFiles/mercury_bt_actions.dir/build.make:314: CMakeFiles/mercury_bt_actions.dir/src/bt_actions/set_controller_safe_mode.cpp.o] Error 1
[3.978s] gmake[2]: *** [CMakeFiles/mercury_bt_actions.dir/build.make:286: CMakeFiles/mercury_bt_actions.dir/src/bt_actions/publish_to_controller.cpp.o] Error 1
[4.532s] gmake[2]: *** [CMakeFiles/test_legacy_action_nodes.dir/build.make:76: CMakeFiles/test_legacy_action_nodes.dir/test/test_legacy_action_nodes.cpp.o] Error 1
[4.532s] gmake[1]: *** [CMakeFiles/Makefile2:567: CMakeFiles/test_legacy_action_nodes.dir/all] Error 2
[4.532s] gmake[1]: *** Waiting for unfinished jobs....
[4.562s] gmake[2]: *** [CMakeFiles/mercury_bt_actions.dir/build.make:412: CMakeFiles/mercury_bt_actions.dir/src/register_actions.cpp.o] Error 1
[4.962s] gmake[2]: *** [CMakeFiles/mercury_bt_actions.dir/build.make:258: CMakeFiles/mercury_bt_actions.dir/src/bt_actions/publish_ekf_pose.cpp.o] Error 1
[6.478s] gmake[1]: *** [CMakeFiles/Makefile2:209: CMakeFiles/mercury_bt_actions.dir/all] Error 2
[6.478s] gmake: *** [Makefile:146: all] Error 2
[6.479s] Invoked command in '/home/bobdobchob/osu-uwrt/development/software/src/mercury_autonomy/build/mercury_autonomy' returned '2': CMAKE_PREFIX_PATH=${CMAKE_PREFIX_PATH}:/home/bobdobchob/osu-uwrt/development/software/install/mercury_launch:/home/bobdobchob/osu-uwrt/development/software/install/riptide_bringup2:/home/bobdobchob/osu-uwrt/development/software/install/remote_launch:/home/bobdobchob/osu-uwrt/development/software/src/install/riptide_bringup2:/home/bobdobchob/osu-uwrt/development/software/src/install/remote_launch:/opt/ros/humble /usr/bin/cmake --build /home/bobdobchob/osu-uwrt/development/software/src/mercury_autonomy/build/mercury_autonomy -- -j24 -l24
