[0.000000] (-) TimerEvent: {}
[0.000281] (-) JobUnselected: {'identifier': 'behaviortree_cpp'}
[0.000314] (mercury_autonomy) JobQueued: {'identifier': 'mercury_autonomy', 'dependencies': OrderedDict([('behaviortree_cpp', '/home/bobdobchob/osu-uwrt/development/software/src/mercury_autonomy/install/behaviortree_cpp')])}
[0.000341] (mercury_autonomy) JobStarted: {'identifier': 'mercury_autonomy'}
[0.005392] (mercury_autonomy) JobProgress: {'identifier': 'mercury_autonomy', 'progress': 'cmake'}
[0.005685] (mercury_autonomy) JobProgress: {'identifier': 'mercury_autonomy', 'progress': 'build'}
[0.006101] (mercury_autonomy) Command: {'cmd': ['/usr/bin/cmake', '--build', '/home/bobdobchob/osu-uwrt/development/software/src/mercury_autonomy/build/mercury_autonomy', '--', '-j24', '-l24'], 'cwd': '/home/bobdobchob/osu-uwrt/development/software/src/mercury_autonomy/build/mercury_autonomy', 'env': OrderedDict([('GJS_DEBUG_TOPICS', 'JS ERROR;JS LOG'), ('PYTHON_BASIC_REPL', '1'), ('LESSOPEN', '| /usr/bin/lesspipe %s'), ('USER', 'bobdobchob'), ('FONTCONFIG_PATH', '/etc/fonts'), ('GIT_EDITOR', ':'), ('GIO_MODULE_DIR', '/home/bobdobchob/snap/code/common/.cache/gio-modules'), ('XDG_SESSION_TYPE', 'x11'), ('GIT_ASKPASS', '/snap/code/232/usr/share/code/resources/app/extensions/git/dist/askpass.sh'), ('GTK_EXE_PREFIX_VSCODE_SNAP_ORIG', ''), ('GDK_BACKEND_VSCODE_SNAP_ORIG', ''), ('SHLVL', '1'), ('LD_LIBRARY_PATH', '/home/bobdobchob/osu-uwrt/development/software/install/riptide_rviz/lib:/home/bobdobchob/osu-uwrt/development/software/install/riptide_gyro/lib:/home/bobdobchob/osu-uwrt/development/software/install/riptide_autonomy2/lib:/home/bobdobchob/osu-uwrt/development/software/install/riptide_msgs2/lib:/home/bobdobchob/osu-uwrt/development/software/install/mercury_autonomy/lib:/home/bobdobchob/osu-uwrt/development/software/install/mercury_msgs/lib:/home/bobdobchob/osu-uwrt/development/software/install/launch_msgs/lib:/home/bobdobchob/osu-uwrt/development/software/install/behaviortree_cpp/lib:/home/bobdobchob/osu-uwrt/development/software/src/install/riptide_rviz/lib:/home/bobdobchob/osu-uwrt/development/software/src/install/riptide_gyro/lib:/home/bobdobchob/osu-uwrt/development/software/src/install/riptide_autonomy2/lib:/home/bobdobchob/osu-uwrt/development/software/src/install/riptide_msgs2/lib:/home/bobdobchob/osu-uwrt/development/software/src/install/launch_msgs/lib:/home/bobdobchob/osu-uwrt/development/dependencies/install/vectornav/lib:/home/bobdobchob/osu-uwrt/development/dependencies/install/vectornav_msgs/lib:/home/bobdobchob/osu-uwrt/development/dependencies/install/nortek_dvl_msgs/lib:/home/bobdobchob/osu-uwrt/development/dependencies/install/chameleon_tf_msgs/lib:/opt/ros/humble/opt/rviz_ogre_vendor/lib:/opt/ros/humble/lib/x86_64-linux-gnu:/opt/ros/humble/lib'), ('HOME', '/home/bobdobchob'), ('CHROME_DESKTOP', 'code.desktop'), ('LOCPATH_VSCODE_SNAP_ORIG', ''), ('TERM_PROGRAM_VERSION', '1.114.0'), ('DESKTOP_SESSION', 'ubuntu'), ('GTK_PATH', '/snap/code/232/usr/lib/x86_64-linux-gnu/gtk-3.0'), ('NVM_BIN', '/home/bobdobchob/.nvm/versions/node/v25.2.1/bin'), ('NVM_INC', '/home/bobdobchob/.nvm/versions/node/v25.2.1/include/node'), ('XDG_DATA_HOME_VSCODE_SNAP_ORIG', ''), ('GTK_IM_MODULE_FILE', '/home/bobdobchob/snap/code/common/.cache/immodules/immodules.cache'), ('GIO_LAUNCHED_DESKTOP_FILE', '/var/lib/snapd/desktop/applications/code_code.desktop'), ('ROS_PYTHON_VERSION', '3'), ('GNOME_SHELL_SESSION_MODE', 'ubuntu'), ('GTK_MODULES', 'gail:atk-bridge'), ('GK_GL_PATH', '/tmp/gitkraken/gitlens/gitlens-ipc-server-78376-41775.json'), ('GSETTINGS_SCHEMA_DIR_VSCODE_SNAP_ORIG', ''), ('VSCODE_GIT_ASKPASS_MAIN', '/snap/code/232/usr/share/code/resources/app/extensions/git/dist/askpass-main.js'), ('VSCODE_GIT_ASKPASS_NODE', '/snap/code/232/usr/share/code/code'), ('MANAGERPID', '1952'), ('PYDEVD_DISABLE_FILE_VALIDATION', '1'), ('SYSTEMD_EXEC_PID', '2373'), ('BUNDLED_DEBUGPY_PATH', '/home/bobdobchob/.vscode/extensions/ms-python.debugpy-2025.18.0-linux-x64/bundled/libs/debugpy'), ('VSCODE_PYTHON_AUTOACTIVATE_GUARD', '1'), ('DBUS_SESSION_BUS_ADDRESS', 'unix:path=/run/user/1000/bus'), ('COLORTERM', 'truecolor'), ('GIO_LAUNCHED_DESKTOP_FILE_PID', '78282'), ('NVM_DIR', '/home/bobdobchob/.nvm'), ('COLCON_PREFIX_PATH', '/home/bobdobchob/osu-uwrt/development/software/install:/home/bobdobchob/osu-uwrt/development/software/src/install:/home/bobdobchob/osu-uwrt/development/dependencies/install'), ('ROS_DISTRO', 'humble'), ('GTK_IM_MODULE', 'ibus'), ('LOGNAME', 'bobdobchob'), ('JOURNAL_STREAM', '8:11666'), ('_', '/usr/bin/colcon'), ('ROS_VERSION', '2'), ('XDG_CONFIG_DIRS_VSCODE_SNAP_ORIG', '/etc/xdg/xdg-ubuntu:/etc/xdg'), ('XDG_SESSION_CLASS', 'user'), ('XDG_DATA_DIRS_VSCODE_SNAP_ORIG', '/usr/share/ubuntu:/usr/share/gnome:/usr/local/share/:/usr/share/:/var/lib/snapd/desktop'), ('USERNAME', 'bobdobchob'), ('TERM', 'xterm-256color'), ('GNOME_DESKTOP_SESSION_ID', 'this-is-deprecated'), ('FC_FONTATIONS', '1'), ('ROS_LOCALHOST_ONLY', '0'), ('HISTCONTROL', 'ignorespace'), ('WINDOWPATH', '2'), ('PATH', '/home/bobdobchob/.config/Code/User/globalStorage/github.copilot-chat/debugCommand:/home/bobdobchob/.config/Code/User/globalStorage/github.copilot-chat/copilotCli:/home/bobdobchob/.local/bin:/home/bobdobchob/.nvm/versions/node/v25.2.1/bin:/home/bobdobchob/osu-uwrt/development/software/install/behaviortree_cpp/bin:/opt/ros/humble/bin:/home/bobdobchob/.local/bin:/usr/local/sbin:/usr/local/bin:/usr/sbin:/usr/bin:/sbin:/bin:/usr/games:/usr/local/games:/snap/bin:/snap/bin:/home/bobdobchob/.vscode/extensions/ms-python.debugpy-2025.18.0-linux-x64/bundled/scripts/noConfigScripts'), ('SESSION_MANAGER', 'local/gigapc:@/tmp/.ICE-unix/2349,unix/gigapc:/tmp/.ICE-unix/2349'), ('GTK_EXE_PREFIX', '/snap/code/232/usr'), ('INVOCATION_ID', 'ffdc8aa4fca44c85aef7ab7dcec12654'), ('XDG_MENU_PREFIX', 'gnome-'), ('XDG_RUNTIME_DIR', '/run/user/1000'), ('GDK_BACKEND', 'x11'), ('DISPLAY', ':1'), ('LOCPATH', '/snap/code/232/usr/lib/locale'), ('VSCODE_DEBUGPY_ADAPTER_ENDPOINTS', '/home/bobdobchob/.vscode/extensions/ms-python.debugpy-2025.18.0-linux-x64/.noConfigDebugAdapterEndpoints/endpoint-e357c35afe6ac870.txt'), ('LANG', 'en_US.UTF-8'), ('XDG_CURRENT_DESKTOP', 'ubuntu:GNOME'), ('PYTHONSTARTUP', '/home/bobdobchob/.config/Code/User/workspaceStorage/aed5219422adb01c5e016aca837d7f52/ms-python.python/pythonrc.py'), ('GIO_MODULE_DIR_VSCODE_SNAP_ORIG', ''), ('XDG_DATA_HOME', '/home/bobdobchob/snap/code/232/.local/share'), ('XMODIFIERS', '@im=ibus'), ('XDG_SESSION_DESKTOP', 'ubuntu'), ('XAUTHORITY', '/run/user/1000/gdm/Xauthority'), ('LS_COLORS', 'rs=0:di=01;34:ln=01;36:mh=00:pi=40;33:so=01;35:do=01;35:bd=40;33;01:cd=40;33;01:or=40;31;01:mi=00:su=37;41:sg=30;43:ca=30;41:tw=30;42:ow=34;42:st=37;44:ex=01;32:*.tar=01;31:*.tgz=01;31:*.arc=01;31:*.arj=01;31:*.taz=01;31:*.lha=01;31:*.lz4=01;31:*.lzh=01;31:*.lzma=01;31:*.tlz=01;31:*.txz=01;31:*.tzo=01;31:*.t7z=01;31:*.zip=01;31:*.z=01;31:*.dz=01;31:*.gz=01;31:*.lrz=01;31:*.lz=01;31:*.lzo=01;31:*.xz=01;31:*.zst=01;31:*.tzst=01;31:*.bz2=01;31:*.bz=01;31:*.tbz=01;31:*.tbz2=01;31:*.tz=01;31:*.deb=01;31:*.rpm=01;31:*.jar=01;31:*.war=01;31:*.ear=01;31:*.sar=01;31:*.rar=01;31:*.alz=01;31:*.ace=01;31:*.zoo=01;31:*.cpio=01;31:*.7z=01;31:*.rz=01;31:*.cab=01;31:*.wim=01;31:*.swm=01;31:*.dwm=01;31:*.esd=01;31:*.jpg=01;35:*.jpeg=01;35:*.mjpg=01;35:*.mjpeg=01;35:*.gif=01;35:*.bmp=01;35:*.pbm=01;35:*.pgm=01;35:*.ppm=01;35:*.tga=01;35:*.xbm=01;35:*.xpm=01;35:*.tif=01;35:*.tiff=01;35:*.png=01;35:*.svg=01;35:*.svgz=01;35:*.mng=01;35:*.pcx=01;35:*.mov=01;35:*.mpg=01;35:*.mpeg=01;35:*.m2v=01;35:*.mkv=01;35:*.webm=01;35:*.webp=01;35:*.ogm=01;35:*.mp4=01;35:*.m4v=01;35:*.mp4v=01;35:*.vob=01;35:*.qt=01;35:*.nuv=01;35:*.wmv=01;35:*.asf=01;35:*.rm=01;35:*.rmvb=01;35:*.flc=01;35:*.avi=01;35:*.fli=01;35:*.flv=01;35:*.gl=01;35:*.dl=01;35:*.xcf=01;35:*.xwd=01;35:*.yuv=01;35:*.cgm=01;35:*.emf=01;35:*.ogv=01;35:*.ogx=01;35:*.aac=00;36:*.au=00;36:*.flac=00;36:*.m4a=00;36:*.mid=00;36:*.midi=00;36:*.mka=00;36:*.mp3=00;36:*.mpc=00;36:*.ogg=00;36:*.ra=00;36:*.wav=00;36:*.oga=00;36:*.opus=00;36:*.spx=00;36:*.xspf=00;36:'), ('VSCODE_GIT_IPC_HANDLE', '/run/user/1000/vscode-git-e50fc4c56f.sock'), ('TERM_PROGRAM', 'vscode'), ('SSH_AGENT_LAUNCHER', 'gnome-keyring'), ('SSH_AUTH_SOCK', '/run/user/1000/keyring/ssh'), ('GSETTINGS_SCHEMA_DIR', '/home/bobdobchob/snap/code/232/.local/share/glib-2.0/schemas'), ('AMENT_PREFIX_PATH', '/home/bobdobchob/osu-uwrt/development/software/install/mercury_launch:/home/bobdobchob/osu-uwrt/development/software/install/riptide_rviz:/home/bobdobchob/osu-uwrt/development/software/install/riptide_imu:/home/bobdobchob/osu-uwrt/development/software/install/riptide_hardware2:/home/bobdobchob/osu-uwrt/development/software/install/riptide_gyro:/home/bobdobchob/osu-uwrt/development/software/install/riptide_controllers2:/home/bobdobchob/osu-uwrt/development/software/install/riptide_autonomy2:/home/bobdobchob/osu-uwrt/development/software/install/riptide_acoustics:/home/bobdobchob/osu-uwrt/development/software/install/complete_controller:/home/bobdobchob/osu-uwrt/development/software/install/camera_faker:/home/bobdobchob/osu-uwrt/development/software/install/c_simulator:/home/bobdobchob/osu-uwrt/development/software/install/riptide_msgs2:/home/bobdobchob/osu-uwrt/development/software/install/riptide_meshes:/home/bobdobchob/osu-uwrt/development/software/install/riptide_mapping2:/home/bobdobchob/osu-uwrt/development/software/install/riptide_descriptions2:/home/bobdobchob/osu-uwrt/development/software/install/riptide_bringup2:/home/bobdobchob/osu-uwrt/development/software/install/remote_launch:/home/bobdobchob/osu-uwrt/development/software/install/mercury_autonomy:/home/bobdobchob/osu-uwrt/development/software/install/mercury_msgs:/home/bobdobchob/osu-uwrt/development/software/install/launch_msgs:/home/bobdobchob/osu-uwrt/development/software/install/behaviortree_cpp:/home/bobdobchob/osu-uwrt/development/software/src/install/riptide_rviz:/home/bobdobchob/osu-uwrt/development/software/src/install/riptide_imu:/home/bobdobchob/osu-uwrt/development/software/src/install/riptide_hardware2:/home/bobdobchob/osu-uwrt/development/software/src/install/riptide_gyro:/home/bobdobchob/osu-uwrt/development/software/src/install/riptide_controllers2:/home/bobdobchob/osu-uwrt/development/software/src/install/riptide_autonomy2:/home/bobdobchob/osu-uwrt/development/software/src/install/riptide_acoustics:/home/bobdobchob/osu-uwrt/development/software/src/install/complete_controller:/home/bobdobchob/osu-uwrt/development/software/src/install/camera_faker:/home/bobdobchob/osu-uwrt/development/software/src/install/c_simulator:/home/bobdobchob/osu-uwrt/development/software/src/install/riptide_msgs2:/home/bobdobchob/osu-uwrt/development/software/src/install/riptide_meshes:/home/bobdobchob/osu-uwrt/development/software/src/install/riptide_mapping2:/home/bobdobchob/osu-uwrt/development/software/src/install/riptide_descriptions2:/home/bobdobchob/osu-uwrt/development/software/src/install/riptide_bringup2:/home/bobdobchob/osu-uwrt/development/software/src/install/remote_launch:/home/bobdobchob/osu-uwrt/development/software/src/install/launch_msgs:/home/bobdobchob/osu-uwrt/development/dependencies/install/vectornav:/home/bobdobchob/osu-uwrt/development/dependencies/install/vectornav_msgs:/home/bobdobchob/osu-uwrt/development/dependencies/install/nortek_dvl_msgs:/home/bobdobchob/osu-uwrt/development/dependencies/install/nortek_dvl:/home/bobdobchob/osu-uwrt/development/dependencies/install/micro_ros_setup:/home/bobdobchob/osu-uwrt/development/dependencies/install/chameleon_tf_msgs:/home/bobdobchob/osu-uwrt/development/dependencies/install/chameleon_tf:/opt/ros/humble'), ('SHELL', '/bin/bash'), ('QT_ACCESSIBILITY', '1'), ('GDMSESSION', 'ubuntu'), ('LESSCLOSE', '/usr/bin/lesspipe %s %s'), ('GTK_PATH_VSCODE_SNAP_ORIG', ''), ('FONTCONFIG_FILE', '/etc/fonts/fonts.conf'), ('GK_GL_ADDR', 'http://127.0.0.1:41775'), ('GTK_IM_MODULE_FILE_VSCODE_SNAP_ORIG', ''), ('GPG_AGENT_INFO', '/run/user/1000/gnupg/S.gpg-agent:0:1'), ('GJS_DEBUG_OUTPUT', 'stderr'), ('VSCODE_GIT_ASKPASS_EXTRA_ARGS', ''), ('GIT_PAGER', 'cat'), ('QT_IM_MODULE', 'ibus'), ('PWD', '/home/bobdobchob/osu-uwrt/development/software/src/mercury_autonomy/build/mercury_autonomy'), ('GIT_MERGE_AUTOEDIT', 'no'), ('XDG_CONFIG_DIRS', '/etc/xdg/xdg-ubuntu:/etc/xdg'), ('NVM_CD_FLAGS', ''), ('XDG_DATA_DIRS', '/home/bobdobchob/snap/code/232/.local/share:/home/bobdobchob/snap/code/232:/snap/code/232/usr/share:/usr/share/ubuntu:/usr/share/gnome:/usr/local/share/:/usr/share/:/var/lib/snapd/desktop'), ('PYTHONPATH', '/home/bobdobchob/osu-uwrt/development/software/install/mercury_launch/lib/python3.10/site-packages:/home/bobdobchob/osu-uwrt/development/software/install/riptide_hardware2/local/lib/python3.10/dist-packages:/home/bobdobchob/osu-uwrt/development/software/install/riptide_msgs2/local/lib/python3.10/dist-packages:/home/bobdobchob/osu-uwrt/development/software/install/riptide_bringup2/lib/python3.10/site-packages:/home/bobdobchob/osu-uwrt/development/software/install/remote_launch/lib/python3.10/site-packages:/home/bobdobchob/osu-uwrt/development/software/install/mercury_msgs/local/lib/python3.10/dist-packages:/home/bobdobchob/osu-uwrt/development/software/install/launch_msgs/local/lib/python3.10/dist-packages:/home/bobdobchob/osu-uwrt/development/software/src/install/riptide_hardware2/local/lib/python3.10/dist-packages:/home/bobdobchob/osu-uwrt/development/software/src/install/riptide_msgs2/local/lib/python3.10/dist-packages:/home/bobdobchob/osu-uwrt/development/software/src/install/riptide_bringup2/lib/python3.10/site-packages:/home/bobdobchob/osu-uwrt/development/software/src/install/remote_launch/lib/python3.10/site-packages:/home/bobdobchob/osu-uwrt/development/software/src/install/launch_msgs/local/lib/python3.10/dist-packages:/home/bobdobchob/osu-uwrt/development/dependencies/install/vectornav_msgs/local/lib/python3.10/dist-packages:/home/bobdobchob/osu-uwrt/development/dependencies/install/nortek_dvl_msgs/local/lib/python3.10/dist-packages:/home/bobdobchob/osu-uwrt/development/dependencies/install/chameleon_tf_msgs/local/lib/python3.10/dist-packages:/opt/ros/humble/lib/python3.10/site-packages:/opt/ros/humble/local/lib/python3.10/dist-packages'), ('COLCON', '1'), ('CMAKE_PREFIX_PATH', '/home/bobdobchob/osu-uwrt/development/software/install/riptide_rviz:/home/bobdobchob/osu-uwrt/development/software/install/riptide_imu:/home/bobdobchob/osu-uwrt/development/software/install/riptide_hardware2:/home/bobdobchob/osu-uwrt/development/software/install/riptide_gyro:/home/bobdobchob/osu-uwrt/development/software/install/riptide_controllers2:/home/bobdobchob/osu-uwrt/development/software/install/riptide_autonomy2:/home/bobdobchob/osu-uwrt/development/software/install/riptide_acoustics:/home/bobdobchob/osu-uwrt/development/software/install/complete_controller:/home/bobdobchob/osu-uwrt/development/software/install/camera_faker:/home/bobdobchob/osu-uwrt/development/software/install/c_simulator:/home/bobdobchob/osu-uwrt/development/software/install/riptide_msgs2:/home/bobdobchob/osu-uwrt/development/software/install/riptide_meshes:/home/bobdobchob/osu-uwrt/development/software/install/riptide_mapping2:/home/bobdobchob/osu-uwrt/development/software/install/riptide_descriptions2:/home/bobdobchob/osu-uwrt/development/software/install/mercury_autonomy:/home/bobdobchob/osu-uwrt/development/software/install/mercury_msgs:/home/bobdobchob/osu-uwrt/development/software/install/launch_msgs:/home/bobdobchob/osu-uwrt/development/software/install/behaviortree_cpp:/home/bobdobchob/osu-uwrt/development/software/src/install/riptide_rviz:/home/bobdobchob/osu-uwrt/development/software/src/install/riptide_imu:/home/bobdobchob/osu-uwrt/development/software/src/install/riptide_hardware2:/home/bobdobchob/osu-uwrt/development/software/src/install/riptide_gyro:/home/bobdobchob/osu-uwrt/development/software/src/install/riptide_controllers2:/home/bobdobchob/osu-uwrt/development/software/src/install/riptide_autonomy2:/home/bobdobchob/osu-uwrt/development/software/src/install/riptide_acoustics:/home/bobdobchob/osu-uwrt/development/software/src/install/complete_controller:/home/bobdobchob/osu-uwrt/development/software/src/install/camera_faker:/home/bobdobchob/osu-uwrt/development/software/src/install/c_simulator:/home/bobdobchob/osu-uwrt/development/software/src/install/riptide_msgs2:/home/bobdobchob/osu-uwrt/development/software/src/install/riptide_meshes:/home/bobdobchob/osu-uwrt/development/software/src/install/riptide_mapping2:/home/bobdobchob/osu-uwrt/development/software/src/install/riptide_descriptions2:/home/bobdobchob/osu-uwrt/development/software/src/install/launch_msgs:/home/bobdobchob/osu-uwrt/development/dependencies/install/vectornav:/home/bobdobchob/osu-uwrt/development/dependencies/install/vectornav_msgs:/home/bobdobchob/osu-uwrt/development/dependencies/install/nortek_dvl_msgs:/home/bobdobchob/osu-uwrt/development/dependencies/install/nortek_dvl:/home/bobdobchob/osu-uwrt/development/dependencies/install/micro_ros_setup:/home/bobdobchob/osu-uwrt/development/dependencies/install/chameleon_tf_msgs:/home/bobdobchob/osu-uwrt/development/dependencies/install/chameleon_tf:/home/bobdobchob/osu-uwrt/development/software/install/mercury_launch:/home/bobdobchob/osu-uwrt/development/software/install/riptide_bringup2:/home/bobdobchob/osu-uwrt/development/software/install/remote_launch:/home/bobdobchob/osu-uwrt/development/software/src/install/riptide_bringup2:/home/bobdobchob/osu-uwrt/development/software/src/install/remote_launch:/opt/ros/humble')]), 'shell': False}
[0.035332] (mercury_autonomy) StdoutLine: {'line': b'\x1b[35m\x1b[1mConsolidate compiler generated dependencies of target mercury_autonomy_core\x1b[0m\n'}
[0.039047] (mercury_autonomy) StdoutLine: {'line': b'[  2%] Built target gtest_main\n'}
[0.039321] (mercury_autonomy) StdoutLine: {'line': b'[  4%] Built target gtest\n'}
[0.044969] (mercury_autonomy) StdoutLine: {'line': b'[  8%] Built target mercury_autonomy_core\n'}
[0.052638] (mercury_autonomy) StdoutLine: {'line': b'\x1b[35m\x1b[1mConsolidate compiler generated dependencies of target test_legacy_action_nodes\x1b[0m\n'}
[0.052778] (mercury_autonomy) StdoutLine: {'line': b'\x1b[35m\x1b[1mConsolidate compiler generated dependencies of target tree_executor\x1b[0m\n'}
[0.052837] (mercury_autonomy) StdoutLine: {'line': b'\x1b[35m\x1b[1mConsolidate compiler generated dependencies of target test_tree_executor\x1b[0m\n'}
[0.054031] (mercury_autonomy) StdoutLine: {'line': b'\x1b[35m\x1b[1mConsolidate compiler generated dependencies of target test_approx_equal_to\x1b[0m\n'}
[0.054494] (mercury_autonomy) StdoutLine: {'line': b'\x1b[35m\x1b[1mConsolidate compiler generated dependencies of target mercury_bt_decorators\x1b[0m\n'}
[0.054735] (mercury_autonomy) StdoutLine: {'line': b'\x1b[35m\x1b[1mConsolidate compiler generated dependencies of target test_topic_nodes\x1b[0m\n'}
[0.054795] (mercury_autonomy) StdoutLine: {'line': b'\x1b[35m\x1b[1mConsolidate compiler generated dependencies of target test_transform_pose\x1b[0m\n'}
[0.054994] (mercury_autonomy) StdoutLine: {'line': b'\x1b[35m\x1b[1mConsolidate compiler generated dependencies of target test_decorator_nodes\x1b[0m\n'}
[0.055454] (mercury_autonomy) StdoutLine: {'line': b'\x1b[35m\x1b[1mConsolidate compiler generated dependencies of target test_service_nodes\x1b[0m\n'}
[0.055873] (mercury_autonomy) StdoutLine: {'line': b'\x1b[35m\x1b[1mConsolidate compiler generated dependencies of target test_sensor_nodes\x1b[0m\n'}
[0.056405] (mercury_autonomy) StdoutLine: {'line': b'\x1b[35m\x1b[1mConsolidate compiler generated dependencies of target test_publish_nodes\x1b[0m\n'}
[0.056639] (mercury_autonomy) StdoutLine: {'line': b'\x1b[35m\x1b[1mConsolidate compiler generated dependencies of target test_condition_nodes\x1b[0m\n'}
[0.058369] (mercury_autonomy) StdoutLine: {'line': b'\x1b[35m\x1b[1mConsolidate compiler generated dependencies of target mercury_bt_conditions\x1b[0m\n'}
[0.064378] (mercury_autonomy) StdoutLine: {'line': b'[ 11%] Built target test_tree_executor\n'}
[0.064845] (mercury_autonomy) StdoutLine: {'line': b'[ 12%] \x1b[32mBuilding CXX object CMakeFiles/test_legacy_action_nodes.dir/test/test_legacy_action_nodes.cpp.o\x1b[0m\n'}
[0.065127] (mercury_autonomy) StdoutLine: {'line': b'[ 14%] Built target tree_executor\n'}
[0.069692] (mercury_autonomy) StdoutLine: {'line': b'[ 18%] Built target test_approx_equal_to\n'}
[0.071855] (mercury_autonomy) StdoutLine: {'line': b'[ 22%] Built target test_decorator_nodes\n'}
[0.071967] (mercury_autonomy) StdoutLine: {'line': b'\x1b[35m\x1b[1mConsolidate compiler generated dependencies of target mercury_bt_actions\x1b[0m\n'}
[0.072506] (mercury_autonomy) StdoutLine: {'line': b'[ 25%] Built target test_transform_pose\n'}
[0.074735] (mercury_autonomy) StdoutLine: {'line': b'[ 30%] Built target test_service_nodes\n'}
[0.075004] (mercury_autonomy) StdoutLine: {'line': b'[ 35%] Built target test_topic_nodes\n'}
[0.075402] (mercury_autonomy) StdoutLine: {'line': b'[ 45%] Built target test_publish_nodes\n'}
[0.075429] (mercury_autonomy) StdoutLine: {'line': b'[ 45%] Built target mercury_bt_decorators\n'}
[0.075777] (mercury_autonomy) StdoutLine: {'line': b'[ 51%] Built target test_condition_nodes\n'}
[0.076244] (mercury_autonomy) StdoutLine: {'line': b'[ 58%] Built target test_sensor_nodes\n'}
[0.077465] (mercury_autonomy) StdoutLine: {'line': b'[ 66%] Built target mercury_bt_conditions\n'}
[0.099809] (-) TimerEvent: {}
[0.111867] (mercury_autonomy) StdoutLine: {'line': b'[ 69%] \x1b[32mBuilding CXX object CMakeFiles/mercury_bt_actions.dir/src/bt_actions/get_covariance.cpp.o\x1b[0m\n'}
[0.112032] (mercury_autonomy) StdoutLine: {'line': b'[ 69%] \x1b[32mBuilding CXX object CMakeFiles/mercury_bt_actions.dir/src/bt_actions/compute_frame_alignment.cpp.o\x1b[0m\n'}
[0.112369] (mercury_autonomy) StdoutLine: {'line': b'[ 71%] \x1b[32mBuilding CXX object CMakeFiles/mercury_bt_actions.dir/src/bt_actions/get_mapping_state.cpp.o\x1b[0m\n'}
[0.112456] (mercury_autonomy) StdoutLine: {'line': b'[ 71%] \x1b[32mBuilding CXX object CMakeFiles/mercury_bt_actions.dir/src/bt_actions/get_float64_topic.cpp.o\x1b[0m\n'}
[0.113637] (mercury_autonomy) StdoutLine: {'line': b'[ 72%] \x1b[32mBuilding CXX object CMakeFiles/mercury_bt_actions.dir/src/bt_actions/publish_ekf_pose.cpp.o\x1b[0m\n'}
[0.113957] (mercury_autonomy) StdoutLine: {'line': b'[ 75%] \x1b[32mBuilding CXX object CMakeFiles/mercury_bt_actions.dir/src/bt_actions/publish_to_controller.cpp.o\x1b[0m\n'}
[0.114035] (mercury_autonomy) StdoutLine: {'line': b'[ 75%] \x1b[32mBuilding CXX object CMakeFiles/mercury_bt_actions.dir/src/bt_actions/publish_int8.cpp.o\x1b[0m\n'}
[0.114654] (mercury_autonomy) StdoutLine: {'line': b'[ 76%] \x1b[32mBuilding CXX object CMakeFiles/mercury_bt_actions.dir/src/bt_actions/publish_twist.cpp.o\x1b[0m\n'}
[0.115276] (mercury_autonomy) StdoutLine: {'line': b'[ 77%] \x1b[32mBuilding CXX object CMakeFiles/mercury_bt_actions.dir/src/bt_actions/set_controller_safe_mode.cpp.o\x1b[0m\n'}
[0.115917] (mercury_autonomy) StdoutLine: {'line': b'[ 79%] \x1b[32mBuilding CXX object CMakeFiles/mercury_bt_actions.dir/src/bt_actions/set_mapping_target.cpp.o\x1b[0m\n'}
[0.116044] (mercury_autonomy) StdoutLine: {'line': b'[ 80%] \x1b[32mBuilding CXX object CMakeFiles/mercury_bt_actions.dir/src/bt_actions/set_status.cpp.o\x1b[0m\n'}
[0.118876] (mercury_autonomy) StdoutLine: {'line': b'[ 81%] \x1b[32mBuilding CXX object CMakeFiles/mercury_bt_actions.dir/src/bt_actions/transform_pose.cpp.o\x1b[0m\n'}
[0.119081] (mercury_autonomy) StdoutLine: {'line': b'[ 82%] \x1b[32mBuilding CXX object CMakeFiles/mercury_bt_actions.dir/src/bt_actions/trigger_controller_stunt.cpp.o\x1b[0m\n'}
[0.120755] (mercury_autonomy) StdoutLine: {'line': b'[ 83%] \x1b[32mBuilding CXX object CMakeFiles/mercury_bt_actions.dir/src/bt_actions/wait.cpp.o\x1b[0m\n'}
[0.122691] (mercury_autonomy) StdoutLine: {'line': b'[ 85%] \x1b[32mBuilding CXX object CMakeFiles/mercury_bt_actions.dir/src/bt_actions/wait_for_detection.cpp.o\x1b[0m\n'}
[0.122846] (mercury_autonomy) StdoutLine: {'line': b'[ 86%] \x1b[32mBuilding CXX object CMakeFiles/mercury_bt_actions.dir/src/register_actions.cpp.o\x1b[0m\n'}
[0.199923] (-) TimerEvent: {}
[0.301504] (-) TimerEvent: {}
[0.401816] (-) TimerEvent: {}
[0.502179] (-) TimerEvent: {}
[0.602462] (-) TimerEvent: {}
[0.702973] (-) TimerEvent: {}
[0.803280] (-) TimerEvent: {}
[0.903570] (-) TimerEvent: {}
[1.004574] (-) TimerEvent: {}
[1.104952] (-) TimerEvent: {}
[1.206596] (-) TimerEvent: {}
[1.307616] (-) TimerEvent: {}
[1.407974] (-) TimerEvent: {}
[1.510013] (-) TimerEvent: {}
[1.610350] (-) TimerEvent: {}
[1.710680] (-) TimerEvent: {}
[1.811284] (-) TimerEvent: {}
[1.911961] (-) TimerEvent: {}
[2.012250] (-) TimerEvent: {}
[2.112532] (-) TimerEvent: {}
[2.212814] (-) TimerEvent: {}
[2.313251] (-) TimerEvent: {}
[2.413553] (-) TimerEvent: {}
[2.513856] (-) TimerEvent: {}
[2.550557] (mercury_autonomy) StderrLine: {'line': b'\x1b[01m\x1b[K/home/bobdobchob/osu-uwrt/development/software/src/mercury_autonomy/mercury_autonomy/src/bt_actions/compute_frame_alignment.cpp:\x1b[m\x1b[K In member function \xe2\x80\x98\x1b[01m\x1b[Kvirtual BT::NodeStatus mercury_autonomy::ComputeFrameAlignment::onRunning()\x1b[m\x1b[K\xe2\x80\x99:\n'}
[2.550748] (mercury_autonomy) StderrLine: {'line': b'\x1b[01m\x1b[K/home/bobdobchob/osu-uwrt/development/software/src/mercury_autonomy/mercury_autonomy/src/bt_actions/compute_frame_alignment.cpp:45:37:\x1b[m\x1b[K \x1b[01;31m\x1b[Kerror: \x1b[m\x1b[K\xe2\x80\x98\x1b[01m\x1b[K::geometryMsgsToTf2Transform\x1b[m\x1b[K\xe2\x80\x99 has not been declared\n'}
[2.550796] (mercury_autonomy) StderrLine: {'line': b'   45 |     const tf2::Transform tf_ttb = ::\x1b[01;31m\x1b[KgeometryMsgsToTf2Transform\x1b[m\x1b[K(geom_ttb_);\n'}
[2.550827] (mercury_autonomy) StderrLine: {'line': b'      |                                     \x1b[01;31m\x1b[K^~~~~~~~~~~~~~~~~~~~~~~~~~\x1b[m\x1b[K\n'}
[2.558805] (mercury_autonomy) StderrLine: {'line': b'\x1b[01m\x1b[K/home/bobdobchob/osu-uwrt/development/software/src/mercury_autonomy/mercury_autonomy/src/bt_actions/compute_frame_alignment.cpp:46:37:\x1b[m\x1b[K \x1b[01;31m\x1b[Kerror: \x1b[m\x1b[K\xe2\x80\x98\x1b[01m\x1b[K::geometryMsgsToTf2Transform\x1b[m\x1b[K\xe2\x80\x99 has not been declared\n'}
[2.558952] (mercury_autonomy) StderrLine: {'line': b'   46 |     const tf2::Transform tf_twr = ::\x1b[01;31m\x1b[KgeometryMsgsToTf2Transform\x1b[m\x1b[K(geom_twr_);\n'}
[2.558985] (mercury_autonomy) StderrLine: {'line': b'      |                                     \x1b[01;31m\x1b[K^~~~~~~~~~~~~~~~~~~~~~~~~~\x1b[m\x1b[K\n'}
[2.567207] (mercury_autonomy) StderrLine: {'line': b'\x1b[01m\x1b[K/home/bobdobchob/osu-uwrt/development/software/src/mercury_autonomy/mercury_autonomy/src/bt_actions/compute_frame_alignment.cpp:47:37:\x1b[m\x1b[K \x1b[01;31m\x1b[Kerror: \x1b[m\x1b[K\xe2\x80\x98\x1b[01m\x1b[K::geometryMsgsToTf2Transform\x1b[m\x1b[K\xe2\x80\x99 has not been declared\n'}
[2.567389] (mercury_autonomy) StderrLine: {'line': b'   47 |     const tf2::Transform tf_trt = ::\x1b[01;31m\x1b[KgeometryMsgsToTf2Transform\x1b[m\x1b[K(input_pose_);\n'}
[2.567436] (mercury_autonomy) StderrLine: {'line': b'      |                                     \x1b[01;31m\x1b[K^~~~~~~~~~~~~~~~~~~~~~~~~~\x1b[m\x1b[K\n'}
[2.575842] (mercury_autonomy) StderrLine: {'line': b'\x1b[01m\x1b[K/home/bobdobchob/osu-uwrt/development/software/src/mercury_autonomy/mercury_autonomy/src/bt_actions/compute_frame_alignment.cpp:50:24:\x1b[m\x1b[K \x1b[01;31m\x1b[Kerror: \x1b[m\x1b[K\xe2\x80\x98\x1b[01m\x1b[K::tf2TransformToGeometryMsgs\x1b[m\x1b[K\xe2\x80\x99 has not been declared\n'}
[2.576026] (mercury_autonomy) StderrLine: {'line': b'   50 |     const auto out = ::\x1b[01;31m\x1b[Ktf2TransformToGeometryMsgs\x1b[m\x1b[K(tf_twb);\n'}
[2.576070] (mercury_autonomy) StderrLine: {'line': b'      |                        \x1b[01;31m\x1b[K^~~~~~~~~~~~~~~~~~~~~~~~~~\x1b[m\x1b[K\n'}
[2.589979] (mercury_autonomy) StderrLine: {'line': b'In file included from \x1b[01m\x1b[K/home/bobdobchob/osu-uwrt/development/software/src/mercury_autonomy/mercury_autonomy/src/bt_actions/publish_int8.cpp:3\x1b[m\x1b[K:\n'}
[2.590155] (mercury_autonomy) StderrLine: {'line': b'\x1b[01m\x1b[K/home/bobdobchob/osu-uwrt/development/software/src/mercury_autonomy/mercury_autonomy/include/mercury_autonomy/bt_actions/publish_int8.hpp:32:36:\x1b[m\x1b[K \x1b[01;31m\x1b[Kerror: \x1b[m\x1b[K\xe2\x80\x98\x1b[01m\x1b[KUInt16\x1b[m\x1b[K\xe2\x80\x99 is not a member of \xe2\x80\x98\x1b[01m\x1b[Kstd_msgs::msg\x1b[m\x1b[K\xe2\x80\x99\n'}
[2.590213] (mercury_autonomy) StderrLine: {'line': b'   32 |   rclcpp::Publisher<std_msgs::msg::\x1b[01;31m\x1b[KUInt16\x1b[m\x1b[K>::SharedPtr pub_;\n'}
[2.590246] (mercury_autonomy) StderrLine: {'line': b'      |                                    \x1b[01;31m\x1b[K^~~~~~\x1b[m\x1b[K\n'}
[2.590278] (mercury_autonomy) StderrLine: {'line': b'\x1b[01m\x1b[K/home/bobdobchob/osu-uwrt/development/software/src/mercury_autonomy/mercury_autonomy/include/mercury_autonomy/bt_actions/publish_int8.hpp:32:42:\x1b[m\x1b[K \x1b[01;31m\x1b[Kerror: \x1b[m\x1b[Ktemplate argument 1 is invalid\n'}
[2.590310] (mercury_autonomy) StderrLine: {'line': b'   32 |   rclcpp::Publisher<std_msgs::msg::UInt16\x1b[01;31m\x1b[K>\x1b[m\x1b[K::SharedPtr pub_;\n'}
[2.590340] (mercury_autonomy) StderrLine: {'line': b'      |                                          \x1b[01;31m\x1b[K^\x1b[m\x1b[K\n'}
[2.590367] (mercury_autonomy) StderrLine: {'line': b'\x1b[01m\x1b[K/home/bobdobchob/osu-uwrt/development/software/src/mercury_autonomy/mercury_autonomy/include/mercury_autonomy/bt_actions/publish_int8.hpp:32:45:\x1b[m\x1b[K \x1b[01;31m\x1b[Kerror: \x1b[m\x1b[Kexpected \xe2\x80\x98\x1b[01m\x1b[K;\x1b[m\x1b[K\xe2\x80\x99 at end of member declaration\n'}
[2.590395] (mercury_autonomy) StderrLine: {'line': b'   32 |   rclcpp::Publisher<std_msgs::msg::UInt16>::\x1b[01;31m\x1b[KSharedPtr\x1b[m\x1b[K pub_;\n'}
[2.590427] (mercury_autonomy) StderrLine: {'line': b'      |                                             \x1b[01;31m\x1b[K^~~~~~~~~\x1b[m\x1b[K\n'}
[2.590454] (mercury_autonomy) StderrLine: {'line': b'      |                                                      \x1b[32m\x1b[K;\x1b[m\x1b[K\n'}
[2.591101] (mercury_autonomy) StderrLine: {'line': b'\x1b[01m\x1b[K/home/bobdobchob/osu-uwrt/development/software/src/mercury_autonomy/mercury_autonomy/include/mercury_autonomy/bt_actions/publish_int8.hpp:32:55:\x1b[m\x1b[K \x1b[01;31m\x1b[Kerror: \x1b[m\x1b[K\xe2\x80\x98\x1b[01m\x1b[Kpub_\x1b[m\x1b[K\xe2\x80\x99 does not name a type\n'}
[2.591184] (mercury_autonomy) StderrLine: {'line': b'   32 |   rclcpp::Publisher<std_msgs::msg::UInt16>::SharedPtr \x1b[01;31m\x1b[Kpub_\x1b[m\x1b[K;\n'}
[2.591219] (mercury_autonomy) StderrLine: {'line': b'      |                                                       \x1b[01;31m\x1b[K^~~~\x1b[m\x1b[K\n'}
[2.595424] (mercury_autonomy) StderrLine: {'line': b'\x1b[01m\x1b[K/home/bobdobchob/osu-uwrt/development/software/src/mercury_autonomy/mercury_autonomy/src/bt_actions/publish_int8.cpp:\x1b[m\x1b[K In member function \xe2\x80\x98\x1b[01m\x1b[Kvirtual BT::NodeStatus mercury_autonomy::PublishInt8::onStart()\x1b[m\x1b[K\xe2\x80\x99:\n'}
[2.595568] (mercury_autonomy) StderrLine: {'line': b'\x1b[01m\x1b[K/home/bobdobchob/osu-uwrt/development/software/src/mercury_autonomy/mercury_autonomy/src/bt_actions/publish_int8.cpp:20:8:\x1b[m\x1b[K \x1b[01;31m\x1b[Kerror: \x1b[m\x1b[K\xe2\x80\x98\x1b[01m\x1b[Kpub_\x1b[m\x1b[K\xe2\x80\x99 was not declared in this scope\n'}
[2.595625] (mercury_autonomy) StderrLine: {'line': b'   20 |   if (!\x1b[01;31m\x1b[Kpub_\x1b[m\x1b[K || topic.value() != last_topic_) {\n'}
[2.595659] (mercury_autonomy) StderrLine: {'line': b'      |        \x1b[01;31m\x1b[K^~~~\x1b[m\x1b[K\n'}
[2.596272] (mercury_autonomy) StderrLine: {'line': b'\x1b[01m\x1b[K/home/bobdobchob/osu-uwrt/development/software/src/mercury_autonomy/mercury_autonomy/src/bt_actions/publish_int8.cpp:21:55:\x1b[m\x1b[K \x1b[01;31m\x1b[Kerror: \x1b[m\x1b[K\xe2\x80\x98\x1b[01m\x1b[KUInt16\x1b[m\x1b[K\xe2\x80\x99 is not a member of \xe2\x80\x98\x1b[01m\x1b[Kstd_msgs::msg\x1b[m\x1b[K\xe2\x80\x99\n'}
[2.596413] (mercury_autonomy) StderrLine: {'line': b'   21 |     pub_ = rosNode()->create_publisher<std_msgs::msg::\x1b[01;31m\x1b[KUInt16\x1b[m\x1b[K>(topic.value(), 10);\n'}
[2.596453] (mercury_autonomy) StderrLine: {'line': b'      |                                                       \x1b[01;31m\x1b[K^~~~~~\x1b[m\x1b[K\n'}
[2.596483] (mercury_autonomy) StderrLine: {'line': b'\x1b[01m\x1b[K/home/bobdobchob/osu-uwrt/development/software/src/mercury_autonomy/mercury_autonomy/src/bt_actions/publish_int8.cpp:21:62:\x1b[m\x1b[K \x1b[01;31m\x1b[Kerror: \x1b[m\x1b[Kno matching function for call to \xe2\x80\x98\x1b[01m\x1b[Krclcpp::Node::create_publisher<<expression error> >(nonstd::expected_lite::expected<std::__cxx11::basic_string<char>, std::__cxx11::basic_string<char> >::value_type&, int)\x1b[m\x1b[K\xe2\x80\x99\n'}
[2.596520] (mercury_autonomy) StderrLine: {'line': b'   21 |     pub_ = \x1b[01;31m\x1b[KrosNode()->create_publisher<std_msgs::msg::UInt16>(topic.value(), 10)\x1b[m\x1b[K;\n'}
[2.596548] (mercury_autonomy) StderrLine: {'line': b'      |            \x1b[01;31m\x1b[K~~~~~~~~~~~~~~~~~~~~~~~~~~~~~~~~~~~~~~~~~~~~~~~~~~^~~~~~~~~~~~~~~~~~~\x1b[m\x1b[K\n'}
[2.596575] (mercury_autonomy) StderrLine: {'line': b'In file included from \x1b[01m\x1b[K/opt/ros/humble/include/rclcpp/rclcpp/executors/single_threaded_executor.hpp:28\x1b[m\x1b[K,\n'}
[2.596602] (mercury_autonomy) StderrLine: {'line': b'                 from \x1b[01m\x1b[K/opt/ros/humble/include/rclcpp/rclcpp/executors.hpp:22\x1b[m\x1b[K,\n'}
[2.596629] (mercury_autonomy) StderrLine: {'line': b'                 from \x1b[01m\x1b[K/opt/ros/humble/include/rclcpp/rclcpp/rclcpp.hpp:155\x1b[m\x1b[K,\n'}
[2.596655] (mercury_autonomy) StderrLine: {'line': b'                 from \x1b[01m\x1b[K/home/bobdobchob/osu-uwrt/development/software/src/mercury_autonomy/mercury_autonomy/include/mercury_autonomy/autonomy_base.hpp:20\x1b[m\x1b[K,\n'}
[2.596684] (mercury_autonomy) StderrLine: {'line': b'                 from \x1b[01m\x1b[K/home/bobdobchob/osu-uwrt/development/software/src/mercury_autonomy/mercury_autonomy/include/mercury_autonomy/autonomy_lib.hpp:6\x1b[m\x1b[K,\n'}
[2.596713] (mercury_autonomy) StderrLine: {'line': b'                 from \x1b[01m\x1b[K/home/bobdobchob/osu-uwrt/development/software/src/mercury_autonomy/mercury_autonomy/include/mercury_autonomy/bt_actions/publish_int8.hpp:5\x1b[m\x1b[K,\n'}
[2.596741] (mercury_autonomy) StderrLine: {'line': b'                 from \x1b[01m\x1b[K/home/bobdobchob/osu-uwrt/development/software/src/mercury_autonomy/mercury_autonomy/src/bt_actions/publish_int8.cpp:3\x1b[m\x1b[K:\n'}
[2.596769] (mercury_autonomy) StderrLine: {'line': b'\x1b[01m\x1b[K/opt/ros/humble/include/rclcpp/rclcpp/node.hpp:195:3:\x1b[m\x1b[K \x1b[01;36m\x1b[Knote: \x1b[m\x1b[Kcandidate: \xe2\x80\x98\x1b[01m\x1b[Ktemplate<class MessageT, class AllocatorT, class PublisherT> std::shared_ptr<PublisherT> rclcpp::Node::create_publisher(const string&, const rclcpp::QoS&, const rclcpp::PublisherOptionsWithAllocator<AllocatorT>&)\x1b[m\x1b[K\xe2\x80\x99\n'}
[2.596799] (mercury_autonomy) StderrLine: {'line': b'  195 |   \x1b[01;36m\x1b[Kcreate_publisher\x1b[m\x1b[K(\n'}
[2.596826] (mercury_autonomy) StderrLine: {'line': b'      |   \x1b[01;36m\x1b[K^~~~~~~~~~~~~~~~\x1b[m\x1b[K\n'}
[2.596853] (mercury_autonomy) StderrLine: {'line': b'\x1b[01m\x1b[K/opt/ros/humble/include/rclcpp/rclcpp/node.hpp:195:3:\x1b[m\x1b[K \x1b[01;36m\x1b[Knote: \x1b[m\x1b[K  template argument deduction/substitution failed:\n'}
[2.596883] (mercury_autonomy) StderrLine: {'line': b'\x1b[01m\x1b[K/home/bobdobchob/osu-uwrt/development/software/src/mercury_autonomy/mercury_autonomy/src/bt_actions/publish_int8.cpp:21:62:\x1b[m\x1b[K \x1b[01;31m\x1b[Kerror: \x1b[m\x1b[Ktemplate argument 1 is invalid\n'}
[2.597004] (mercury_autonomy) StderrLine: {'line': b'   21 |     pub_ = \x1b[01;31m\x1b[KrosNode()->create_publisher<std_msgs::msg::UInt16>(topic.value(), 10)\x1b[m\x1b[K;\n'}
[2.597133] (mercury_autonomy) StderrLine: {'line': b'      |            \x1b[01;31m\x1b[K~~~~~~~~~~~~~~~~~~~~~~~~~~~~~~~~~~~~~~~~~~~~~~~~~~^~~~~~~~~~~~~~~~~~~\x1b[m\x1b[K\n'}
[2.597167] (mercury_autonomy) StderrLine: {'line': b'\x1b[01m\x1b[K/home/bobdobchob/osu-uwrt/development/software/src/mercury_autonomy/mercury_autonomy/src/bt_actions/publish_int8.cpp:28:18:\x1b[m\x1b[K \x1b[01;31m\x1b[Kerror: \x1b[m\x1b[K\xe2\x80\x98\x1b[01m\x1b[KUInt16\x1b[m\x1b[K\xe2\x80\x99 is not a member of \xe2\x80\x98\x1b[01m\x1b[Kstd_msgs::msg\x1b[m\x1b[K\xe2\x80\x99\n'}
[2.597199] (mercury_autonomy) StderrLine: {'line': b'   28 |   std_msgs::msg::\x1b[01;31m\x1b[KUInt16\x1b[m\x1b[K msg;\n'}
[2.597268] (mercury_autonomy) StderrLine: {'line': b'      |                  \x1b[01;31m\x1b[K^~~~~~\x1b[m\x1b[K\n'}
[2.597298] (mercury_autonomy) StderrLine: {'line': b'\x1b[01m\x1b[K/home/bobdobchob/osu-uwrt/development/software/src/mercury_autonomy/mercury_autonomy/src/bt_actions/publish_int8.cpp:29:3:\x1b[m\x1b[K \x1b[01;31m\x1b[Kerror: \x1b[m\x1b[K\xe2\x80\x98\x1b[01m\x1b[Kmsg\x1b[m\x1b[K\xe2\x80\x99 was not declared in this scope\n'}
[2.597328] (mercury_autonomy) StderrLine: {'line': b'   29 |   \x1b[01;31m\x1b[Kmsg\x1b[m\x1b[K.data = static_cast<uint16_t>(data);\n'}
[2.597356] (mercury_autonomy) StderrLine: {'line': b'      |   \x1b[01;31m\x1b[K^~~\x1b[m\x1b[K\n'}
[2.597383] (mercury_autonomy) StderrLine: {'line': b'\x1b[01m\x1b[K/home/bobdobchob/osu-uwrt/development/software/src/mercury_autonomy/mercury_autonomy/src/bt_actions/publish_int8.cpp:29:3:\x1b[m\x1b[K \x1b[01;36m\x1b[Knote: \x1b[m\x1b[Ksuggested alternatives:\n'}
[2.597410] (mercury_autonomy) StderrLine: {'line': b'In file included from \x1b[01m\x1b[K/opt/ros/humble/include/builtin_interfaces/builtin_interfaces/msg/duration.hpp:7\x1b[m\x1b[K,\n'}
[2.597526] (mercury_autonomy) StderrLine: {'line': b'                 from \x1b[01m\x1b[K/opt/ros/humble/include/rclcpp/rclcpp/duration.hpp:20\x1b[m\x1b[K,\n'}
[2.597556] (mercury_autonomy) StderrLine: {'line': b'                 from \x1b[01m\x1b[K/opt/ros/humble/include/rclcpp/rclcpp/qos.hpp:20\x1b[m\x1b[K,\n'}
[2.597583] (mercury_autonomy) StderrLine: {'line': b'                 from \x1b[01m\x1b[K/opt/ros/humble/include/rclcpp/rclcpp/node_interfaces/node_graph_interface.hpp:32\x1b[m\x1b[K,\n'}
[2.597609] (mercury_autonomy) StderrLine: {'line': b'                 from \x1b[01m\x1b[K/opt/ros/humble/include/rclcpp/rclcpp/client.hpp:42\x1b[m\x1b[K,\n'}
[2.597638] (mercury_autonomy) StderrLine: {'line': b'                 from \x1b[01m\x1b[K/opt/ros/humble/include/rclcpp/rclcpp/callback_group.hpp:24\x1b[m\x1b[K,\n'}
[2.597665] (mercury_autonomy) StderrLine: {'line': b'                 from \x1b[01m\x1b[K/opt/ros/humble/include/rclcpp/rclcpp/any_executable.hpp:20\x1b[m\x1b[K,\n'}
[2.597691] (mercury_autonomy) StderrLine: {'line': b'                 from \x1b[01m\x1b[K/opt/ros/humble/include/rclcpp/rclcpp/memory_strategy.hpp:25\x1b[m\x1b[K,\n'}
[2.597715] (mercury_autonomy) StderrLine: {'line': b'                 from \x1b[01m\x1b[K/opt/ros/humble/include/rclcpp/rclcpp/memory_strategies.hpp:18\x1b[m\x1b[K,\n'}
[2.597740] (mercury_autonomy) StderrLine: {'line': b'                 from \x1b[01m\x1b[K/opt/ros/humble/include/rclcpp/rclcpp/executor_options.hpp:20\x1b[m\x1b[K,\n'}
[2.597765] (mercury_autonomy) StderrLine: {'line': b'                 from \x1b[01m\x1b[K/opt/ros/humble/include/rclcpp/rclcpp/executor.hpp:37\x1b[m\x1b[K,\n'}
[2.597790] (mercury_autonomy) StderrLine: {'line': b'                 from \x1b[01m\x1b[K/opt/ros/humble/include/rclcpp/rclcpp/executors/multi_threaded_executor.hpp:25\x1b[m\x1b[K,\n'}
[2.597817] (mercury_autonomy) StderrLine: {'line': b'                 from \x1b[01m\x1b[K/opt/ros/humble/include/rclcpp/rclcpp/executors.hpp:21\x1b[m\x1b[K,\n'}
[2.597842] (mercury_autonomy) StderrLine: {'line': b'                 from \x1b[01m\x1b[K/opt/ros/humble/include/rclcpp/rclcpp/rclcpp.hpp:155\x1b[m\x1b[K,\n'}
[2.597867] (mercury_autonomy) StderrLine: {'line': b'                 from \x1b[01m\x1b[K/home/bobdobchob/osu-uwrt/development/software/src/mercury_autonomy/mercury_autonomy/include/mercury_autonomy/autonomy_base.hpp:20\x1b[m\x1b[K,\n'}
[2.597899] (mercury_autonomy) StderrLine: {'line': b'                 from \x1b[01m\x1b[K/home/bobdobchob/osu-uwrt/development/software/src/mercury_autonomy/mercury_autonomy/include/mercury_autonomy/autonomy_lib.hpp:6\x1b[m\x1b[K,\n'}
[2.597925] (mercury_autonomy) StderrLine: {'line': b'                 from \x1b[01m\x1b[K/home/bobdobchob/osu-uwrt/development/software/src/mercury_autonomy/mercury_autonomy/include/mercury_autonomy/bt_actions/publish_int8.hpp:5\x1b[m\x1b[K,\n'}
[2.597953] (mercury_autonomy) StderrLine: {'line': b'                 from \x1b[01m\x1b[K/home/bobdobchob/osu-uwrt/development/software/src/mercury_autonomy/mercury_autonomy/src/bt_actions/publish_int8.cpp:3\x1b[m\x1b[K:\n'}
[2.597978] (mercury_autonomy) StderrLine: {'line': b'\x1b[01m\x1b[K/opt/ros/humble/include/builtin_interfaces/builtin_interfaces/msg/detail/duration__struct.hpp:27:11:\x1b[m\x1b[K \x1b[01;36m\x1b[Knote: \x1b[m\x1b[K  \xe2\x80\x98\x1b[01m\x1b[Kbuiltin_interfaces::msg\x1b[m\x1b[K\xe2\x80\x99\n'}
[2.598004] (mercury_autonomy) StderrLine: {'line': b'   27 | namespace \x1b[01;36m\x1b[Kmsg\x1b[m\x1b[K\n'}
[2.598029] (mercury_autonomy) StderrLine: {'line': b'      |           \x1b[01;36m\x1b[K^~~\x1b[m\x1b[K\n'}
[2.598053] (mercury_autonomy) StderrLine: {'line': b'In file included from \x1b[01m\x1b[K/opt/ros/humble/include/rcl_interfaces/rcl_interfaces/msg/set_parameters_result.hpp:7\x1b[m\x1b[K,\n'}
[2.598079] (mercury_autonomy) StderrLine: {'line': b'                 from \x1b[01m\x1b[K/opt/ros/humble/include/rclcpp/rclcpp/qos_overriding_options.hpp:28\x1b[m\x1b[K,\n'}
[2.598106] (mercury_autonomy) StderrLine: {'line': b'                 from \x1b[01m\x1b[K/opt/ros/humble/include/rclcpp/rclcpp/subscription_options.hpp:30\x1b[m\x1b[K,\n'}
[2.598131] (mercury_autonomy) StderrLine: {'line': b'                 from \x1b[01m\x1b[K/opt/ros/humble/include/rclcpp/rclcpp/subscription.hpp:45\x1b[m\x1b[K,\n'}
[2.598159] (mercury_autonomy) StderrLine: {'line': b'                 from \x1b[01m\x1b[K/opt/ros/humble/include/rclcpp/rclcpp/any_executable.hpp:25\x1b[m\x1b[K,\n'}
[2.598184] (mercury_autonomy) StderrLine: {'line': b'                 from \x1b[01m\x1b[K/opt/ros/humble/include/rclcpp/rclcpp/memory_strategy.hpp:25\x1b[m\x1b[K,\n'}
[2.598209] (mercury_autonomy) StderrLine: {'line': b'                 from \x1b[01m\x1b[K/opt/ros/humble/include/rclcpp/rclcpp/memory_strategies.hpp:18\x1b[m\x1b[K,\n'}
[2.598233] (mercury_autonomy) StderrLine: {'line': b'                 from \x1b[01m\x1b[K/opt/ros/humble/include/rclcpp/rclcpp/executor_options.hpp:20\x1b[m\x1b[K,\n'}
[2.598256] (mercury_autonomy) StderrLine: {'line': b'                 from \x1b[01m\x1b[K/opt/ros/humble/include/rclcpp/rclcpp/executor.hpp:37\x1b[m\x1b[K,\n'}
[2.598280] (mercury_autonomy) StderrLine: {'line': b'                 from \x1b[01m\x1b[K/opt/ros/humble/include/rclcpp/rclcpp/executors/multi_threaded_executor.hpp:25\x1b[m\x1b[K,\n'}
[2.598305] (mercury_autonomy) StderrLine: {'line': b'                 from \x1b[01m\x1b[K/opt/ros/humble/include/rclcpp/rclcpp/executors.hpp:21\x1b[m\x1b[K,\n'}
[2.598328] (mercury_autonomy) StderrLine: {'line': b'                 from \x1b[01m\x1b[K/opt/ros/humble/include/rclcpp/rclcpp/rclcpp.hpp:155\x1b[m\x1b[K,\n'}
[2.598353] (mercury_autonomy) StderrLine: {'line': b'                 from \x1b[01m\x1b[K/home/bobdobchob/osu-uwrt/development/software/src/mercury_autonomy/mercury_autonomy/include/mercury_autonomy/autonomy_base.hpp:20\x1b[m\x1b[K,\n'}
[2.598378] (mercury_autonomy) StderrLine: {'line': b'                 from \x1b[01m\x1b[K/home/bobdobchob/osu-uwrt/development/software/src/mercury_autonomy/mercury_autonomy/include/mercury_autonomy/autonomy_lib.hpp:6\x1b[m\x1b[K,\n'}
[2.598403] (mercury_autonomy) StderrLine: {'line': b'                 from \x1b[01m\x1b[K/home/bobdobchob/osu-uwrt/development/software/src/mercury_autonomy/mercury_autonomy/include/mercury_autonomy/bt_actions/publish_int8.hpp:5\x1b[m\x1b[K,\n'}
[2.598429] (mercury_autonomy) StderrLine: {'line': b'                 from \x1b[01m\x1b[K/home/bobdobchob/osu-uwrt/development/software/src/mercury_autonomy/mercury_autonomy/src/bt_actions/publish_int8.cpp:3\x1b[m\x1b[K:\n'}
[2.598458] (mercury_autonomy) StderrLine: {'line': b'\x1b[01m\x1b[K/opt/ros/humble/include/rcl_interfaces/rcl_interfaces/msg/detail/set_parameters_result__struct.hpp:27:11:\x1b[m\x1b[K \x1b[01;36m\x1b[Knote: \x1b[m\x1b[K  \xe2\x80\x98\x1b[01m\x1b[Krcl_interfaces::msg\x1b[m\x1b[K\xe2\x80\x99\n'}
[2.598485] (mercury_autonomy) StderrLine: {'line': b'   27 | namespace \x1b[01;36m\x1b[Kmsg\x1b[m\x1b[K\n'}
[2.598511] (mercury_autonomy) StderrLine: {'line': b'      |           \x1b[01;36m\x1b[K^~~\x1b[m\x1b[K\n'}
[2.598534] (mercury_autonomy) StderrLine: {'line': b'In file included from \x1b[01m\x1b[K/opt/ros/humble/include/statistics_msgs/statistics_msgs/msg/detail/metrics_message__struct.hpp:23\x1b[m\x1b[K,\n'}
[2.598562] (mercury_autonomy) StderrLine: {'line': b'                 from \x1b[01m\x1b[K/opt/ros/humble/include/statistics_msgs/statistics_msgs/msg/metrics_message.hpp:7\x1b[m\x1b[K,\n'}
[2.598586] (mercury_autonomy) StderrLine: {'line': b'                 from \x1b[01m\x1b[K/opt/ros/humble/include/libstatistics_collector/libstatistics_collector/collector/generate_statistics_message.hpp:21\x1b[m\x1b[K,\n'}
[2.598611] (mercury_autonomy) StderrLine: {'line': b'                 from \x1b[01m\x1b[K/opt/ros/humble/include/rclcpp/rclcpp/topic_statistics/subscription_topic_statistics.hpp:23\x1b[m\x1b[K,\n'}
[2.598636] (mercury_autonomy) StderrLine: {'line': b'                 from \x1b[01m\x1b[K/opt/ros/humble/include/rclcpp/rclcpp/subscription.hpp:50\x1b[m\x1b[K,\n'}
[2.598660] (mercury_autonomy) StderrLine: {'line': b'                 from \x1b[01m\x1b[K/opt/ros/humble/include/rclcpp/rclcpp/any_executable.hpp:25\x1b[m\x1b[K,\n'}
[2.598686] (mercury_autonomy) StderrLine: {'line': b'                 from \x1b[01m\x1b[K/opt/ros/humble/include/rclcpp/rclcpp/memory_strategy.hpp:25\x1b[m\x1b[K,\n'}
[2.598711] (mercury_autonomy) StderrLine: {'line': b'                 from \x1b[01m\x1b[K/opt/ros/humble/include/rclcpp/rclcpp/memory_strategies.hpp:18\x1b[m\x1b[K,\n'}
[2.598736] (mercury_autonomy) StderrLine: {'line': b'                 from \x1b[01m\x1b[K/opt/ros/humble/include/rclcpp/rclcpp/executor_options.hpp:20\x1b[m\x1b[K,\n'}
[2.598760] (mercury_autonomy) StderrLine: {'line': b'                 from \x1b[01m\x1b[K/opt/ros/humble/include/rclcpp/rclcpp/executor.hpp:37\x1b[m\x1b[K,\n'}
[2.598784] (mercury_autonomy) StderrLine: {'line': b'                 from \x1b[01m\x1b[K/opt/ros/humble/include/rclcpp/rclcpp/executors/multi_threaded_executor.hpp:25\x1b[m\x1b[K,\n'}
[2.598809] (mercury_autonomy) StderrLine: {'line': b'                 from \x1b[01m\x1b[K/opt/ros/humble/include/rclcpp/rclcpp/executors.hpp:21\x1b[m\x1b[K,\n'}
[2.598834] (mercury_autonomy) StderrLine: {'line': b'                 from \x1b[01m\x1b[K/opt/ros/humble/include/rclcpp/rclcpp/rclcpp.hpp:155\x1b[m\x1b[K,\n'}
[2.598858] (mercury_autonomy) StderrLine: {'line': b'                 from \x1b[01m\x1b[K/home/bobdobchob/osu-uwrt/development/software/src/mercury_autonomy/mercury_autonomy/include/mercury_autonomy/autonomy_base.hpp:20\x1b[m\x1b[K,\n'}
[2.598883] (mercury_autonomy) StderrLine: {'line': b'                 from \x1b[01m\x1b[K/home/bobdobchob/osu-uwrt/development/software/src/mercury_autonomy/mercury_autonomy/include/mercury_autonomy/autonomy_lib.hpp:6\x1b[m\x1b[K,\n'}
[2.598916] (mercury_autonomy) StderrLine: {'line': b'                 from \x1b[01m\x1b[K/home/bobdobchob/osu-uwrt/development/software/src/mercury_autonomy/mercury_autonomy/include/mercury_autonomy/bt_actions/publish_int8.hpp:5\x1b[m\x1b[K,\n'}
[2.598943] (mercury_autonomy) StderrLine: {'line': b'                 from \x1b[01m\x1b[K/home/bobdobchob/osu-uwrt/development/software/src/mercury_autonomy/mercury_autonomy/src/bt_actions/publish_int8.cpp:3\x1b[m\x1b[K:\n'}
[2.598971] (mercury_autonomy) StderrLine: {'line': b'\x1b[01m\x1b[K/opt/ros/humble/include/statistics_msgs/statistics_msgs/msg/detail/statistic_data_point__struct.hpp:27:11:\x1b[m\x1b[K \x1b[01;36m\x1b[Knote: \x1b[m\x1b[K  \xe2\x80\x98\x1b[01m\x1b[Kstatistics_msgs::msg\x1b[m\x1b[K\xe2\x80\x99\n'}
[2.598998] (mercury_autonomy) StderrLine: {'line': b'   27 | namespace \x1b[01;36m\x1b[Kmsg\x1b[m\x1b[K\n'}
[2.599022] (mercury_autonomy) StderrLine: {'line': b'      |           \x1b[01;36m\x1b[K^~~\x1b[m\x1b[K\n'}
[2.599046] (mercury_autonomy) StderrLine: {'line': b'In file included from \x1b[01m\x1b[K/opt/ros/humble/include/action_msgs/action_msgs/msg/detail/goal_info__struct.hpp:20\x1b[m\x1b[K,\n'}
[2.599069] (mercury_autonomy) StderrLine: {'line': b'                 from \x1b[01m\x1b[K/opt/ros/humble/include/action_msgs/action_msgs/msg/detail/goal_status__struct.hpp:20\x1b[m\x1b[K,\n'}
[2.599096] (mercury_autonomy) StderrLine: {'line': b'                 from \x1b[01m\x1b[K/opt/ros/humble/include/action_msgs/action_msgs/msg/goal_status.hpp:7\x1b[m\x1b[K,\n'}
[2.599122] (mercury_autonomy) StderrLine: {'line': b'                 from \x1b[01m\x1b[K/opt/ros/humble/include/rclcpp_action/rclcpp_action/client_goal_handle.hpp:25\x1b[m\x1b[K,\n'}
[2.599146] (mercury_autonomy) StderrLine: {'line': b'                 from \x1b[01m\x1b[K/opt/ros/humble/include/rclcpp_action/rclcpp_action/client.hpp:43\x1b[m\x1b[K,\n'}
[2.599170] (mercury_autonomy) StderrLine: {'line': b'                 from \x1b[01m\x1b[K/opt/ros/humble/include/rclcpp_action/rclcpp_action/rclcpp_action.hpp:36\x1b[m\x1b[K,\n'}
[2.599195] (mercury_autonomy) StderrLine: {'line': b'                 from \x1b[01m\x1b[K/home/bobdobchob/osu-uwrt/development/software/src/mercury_autonomy/mercury_autonomy/include/mercury_autonomy/autonomy_base.hpp:21\x1b[m\x1b[K,\n'}
[2.599220] (mercury_autonomy) StderrLine: {'line': b'                 from \x1b[01m\x1b[K/home/bobdobchob/osu-uwrt/development/software/src/mercury_autonomy/mercury_autonomy/include/mercury_autonomy/autonomy_lib.hpp:6\x1b[m\x1b[K,\n'}
[2.599245] (mercury_autonomy) StderrLine: {'line': b'                 from \x1b[01m\x1b[K/home/bobdobchob/osu-uwrt/development/software/src/mercury_autonomy/mercury_autonomy/include/mercury_autonomy/bt_actions/publish_int8.hpp:5\x1b[m\x1b[K,\n'}
[2.599271] (mercury_autonomy) StderrLine: {'line': b'                 from \x1b[01m\x1b[K/home/bobdobchob/osu-uwrt/development/software/src/mercury_autonomy/mercury_autonomy/src/bt_actions/publish_int8.cpp:3\x1b[m\x1b[K:\n'}
[2.599298] (mercury_autonomy) StderrLine: {'line': b'\x1b[01m\x1b[K/opt/ros/humble/include/unique_identifier_msgs/unique_identifier_msgs/msg/detail/uuid__struct.hpp:27:11:\x1b[m\x1b[K \x1b[01;36m\x1b[Knote: \x1b[m\x1b[K  \xe2\x80\x98\x1b[01m\x1b[Kunique_identifier_msgs::msg\x1b[m\x1b[K\xe2\x80\x99\n'}
[2.599326] (mercury_autonomy) StderrLine: {'line': b'   27 | namespace \x1b[01;36m\x1b[Kmsg\x1b[m\x1b[K\n'}
[2.599351] (mercury_autonomy) StderrLine: {'line': b'      |           \x1b[01;36m\x1b[K^~~\x1b[m\x1b[K\n'}
[2.599376] (mercury_autonomy) StderrLine: {'line': b'In file included from \x1b[01m\x1b[K/opt/ros/humble/include/action_msgs/action_msgs/msg/detail/goal_status__struct.hpp:20\x1b[m\x1b[K,\n'}
[2.599401] (mercury_autonomy) StderrLine: {'line': b'                 from \x1b[01m\x1b[K/opt/ros/humble/include/action_msgs/action_msgs/msg/goal_status.hpp:7\x1b[m\x1b[K,\n'}
[2.599428] (mercury_autonomy) StderrLine: {'line': b'                 from \x1b[01m\x1b[K/opt/ros/humble/include/rclcpp_action/rclcpp_action/client_goal_handle.hpp:25\x1b[m\x1b[K,\n'}
[2.599452] (mercury_autonomy) StderrLine: {'line': b'                 from \x1b[01m\x1b[K/opt/ros/humble/include/rclcpp_action/rclcpp_action/client.hpp:43\x1b[m\x1b[K,\n'}
[2.599477] (mercury_autonomy) StderrLine: {'line': b'                 from \x1b[01m\x1b[K/opt/ros/humble/include/rclcpp_action/rclcpp_action/rclcpp_action.hpp:36\x1b[m\x1b[K,\n'}
[2.599503] (mercury_autonomy) StderrLine: {'line': b'                 from \x1b[01m\x1b[K/home/bobdobchob/osu-uwrt/development/software/src/mercury_autonomy/mercury_autonomy/include/mercury_autonomy/autonomy_base.hpp:21\x1b[m\x1b[K,\n'}
[2.599528] (mercury_autonomy) StderrLine: {'line': b'                 from \x1b[01m\x1b[K/home/bobdobchob/osu-uwrt/development/software/src/mercury_autonomy/mercury_autonomy/include/mercury_autonomy/autonomy_lib.hpp:6\x1b[m\x1b[K,\n'}
[2.599554] (mercury_autonomy) StderrLine: {'line': b'                 from \x1b[01m\x1b[K/home/bobdobchob/osu-uwrt/development/software/src/mercury_autonomy/mercury_autonomy/include/mercury_autonomy/bt_actions/publish_int8.hpp:5\x1b[m\x1b[K,\n'}
[2.599580] (mercury_autonomy) StderrLine: {'line': b'                 from \x1b[01m\x1b[K/home/bobdobchob/osu-uwrt/development/software/src/mercury_autonomy/mercury_autonomy/src/bt_actions/publish_int8.cpp:3\x1b[m\x1b[K:\n'}
[2.599608] (mercury_autonomy) StderrLine: {'line': b'\x1b[01m\x1b[K/opt/ros/humble/include/action_msgs/action_msgs/msg/detail/goal_info__struct.hpp:33:11:\x1b[m\x1b[K \x1b[01;36m\x1b[Knote: \x1b[m\x1b[K  \xe2\x80\x98\x1b[01m\x1b[Kaction_msgs::msg\x1b[m\x1b[K\xe2\x80\x99\n'}
[2.599635] (mercury_autonomy) StderrLine: {'line': b'   33 | namespace \x1b[01;36m\x1b[Kmsg\x1b[m\x1b[K\n'}
[2.599659] (mercury_autonomy) StderrLine: {'line': b'      |           \x1b[01;36m\x1b[K^~~\x1b[m\x1b[K\n'}
[2.599683] (mercury_autonomy) StderrLine: {'line': b'In file included from \x1b[01m\x1b[K/opt/ros/humble/include/geometry_msgs/geometry_msgs/msg/detail/transform_stamped__struct.hpp:20\x1b[m\x1b[K,\n'}
[2.599709] (mercury_autonomy) StderrLine: {'line': b'                 from \x1b[01m\x1b[K/opt/ros/humble/include/geometry_msgs/geometry_msgs/msg/transform_stamped.hpp:7\x1b[m\x1b[K,\n'}
[2.599736] (mercury_autonomy) StderrLine: {'line': b'                 from \x1b[01m\x1b[K/opt/ros/humble/include/tf2/tf2/buffer_core.hpp:48\x1b[m\x1b[K,\n'}
[2.599760] (mercury_autonomy) StderrLine: {'line': b'                 from \x1b[01m\x1b[K/opt/ros/humble/include/tf2_ros/tf2_ros/async_buffer_interface.h:39\x1b[m\x1b[K,\n'}
[2.599786] (mercury_autonomy) StderrLine: {'line': b'                 from \x1b[01m\x1b[K/opt/ros/humble/include/tf2_ros/tf2_ros/buffer.h:41\x1b[m\x1b[K,\n'}
[2.599809] (mercury_autonomy) StderrLine: {'line': b'                 from \x1b[01m\x1b[K/home/bobdobchob/osu-uwrt/development/software/src/mercury_autonomy/mercury_autonomy/include/mercury_autonomy/autonomy_base.hpp:28\x1b[m\x1b[K,\n'}
[2.599833] (mercury_autonomy) StderrLine: {'line': b'                 from \x1b[01m\x1b[K/home/bobdobchob/osu-uwrt/development/software/src/mercury_autonomy/mercury_autonomy/include/mercury_autonomy/autonomy_lib.hpp:6\x1b[m\x1b[K,\n'}
[2.599858] (mercury_autonomy) StderrLine: {'line': b'                 from \x1b[01m\x1b[K/home/bobdobchob/osu-uwrt/development/software/src/mercury_autonomy/mercury_autonomy/include/mercury_autonomy/bt_actions/publish_int8.hpp:5\x1b[m\x1b[K,\n'}
[2.599882] (mercury_autonomy) StderrLine: {'line': b'                 from \x1b[01m\x1b[K/home/bobdobchob/osu-uwrt/development/software/src/mercury_autonomy/mercury_autonomy/src/bt_actions/publish_int8.cpp:3\x1b[m\x1b[K:\n'}
[2.599915] (mercury_autonomy) StderrLine: {'line': b'\x1b[01m\x1b[K/opt/ros/humble/include/std_msgs/std_msgs/msg/detail/header__struct.hpp:31:11:\x1b[m\x1b[K \x1b[01;36m\x1b[Knote: \x1b[m\x1b[K  \xe2\x80\x98\x1b[01m\x1b[Kstd_msgs::msg\x1b[m\x1b[K\xe2\x80\x99\n'}
[2.599941] (mercury_autonomy) StderrLine: {'line': b'   31 | namespace \x1b[01;36m\x1b[Kmsg\x1b[m\x1b[K\n'}
[2.599964] (mercury_autonomy) StderrLine: {'line': b'      |           \x1b[01;36m\x1b[K^~~\x1b[m\x1b[K\n'}
[2.599987] (mercury_autonomy) StderrLine: {'line': b'In file included from \x1b[01m\x1b[K/opt/ros/humble/include/geometry_msgs/geometry_msgs/msg/detail/transform__struct.hpp:20\x1b[m\x1b[K,\n'}
[2.600011] (mercury_autonomy) StderrLine: {'line': b'                 from \x1b[01m\x1b[K/opt/ros/humble/include/geometry_msgs/geometry_msgs/msg/detail/transform_stamped__struct.hpp:22\x1b[m\x1b[K,\n'}
[2.600036] (mercury_autonomy) StderrLine: {'line': b'                 from \x1b[01m\x1b[K/opt/ros/humble/include/geometry_msgs/geometry_msgs/msg/transform_stamped.hpp:7\x1b[m\x1b[K,\n'}
[2.600061] (mercury_autonomy) StderrLine: {'line': b'                 from \x1b[01m\x1b[K/opt/ros/humble/include/tf2/tf2/buffer_core.hpp:48\x1b[m\x1b[K,\n'}
[2.600085] (mercury_autonomy) StderrLine: {'line': b'                 from \x1b[01m\x1b[K/opt/ros/humble/include/tf2_ros/tf2_ros/async_buffer_interface.h:39\x1b[m\x1b[K,\n'}
[2.600111] (mercury_autonomy) StderrLine: {'line': b'                 from \x1b[01m\x1b[K/opt/ros/humble/include/tf2_ros/tf2_ros/buffer.h:41\x1b[m\x1b[K,\n'}
[2.600139] (mercury_autonomy) StderrLine: {'line': b'                 from \x1b[01m\x1b[K/home/bobdobchob/osu-uwrt/development/software/src/mercury_autonomy/mercury_autonomy/include/mercury_autonomy/autonomy_base.hpp:28\x1b[m\x1b[K,\n'}
[2.600189] (mercury_autonomy) StderrLine: {'line': b'                 from \x1b[01m\x1b[K/home/bobdobchob/osu-uwrt/development/software/src/mercury_autonomy/mercury_autonomy/include/mercury_autonomy/autonomy_lib.hpp:6\x1b[m\x1b[K,\n'}
[2.600215] (mercury_autonomy) StderrLine: {'line': b'                 from \x1b[01m\x1b[K/home/bobdobchob/osu-uwrt/development/software/src/mercury_autonomy/mercury_autonomy/include/mercury_autonomy/bt_actions/publish_int8.hpp:5\x1b[m\x1b[K,\n'}
[2.600241] (mercury_autonomy) StderrLine: {'line': b'                 from \x1b[01m\x1b[K/home/bobdobchob/osu-uwrt/development/software/src/mercury_autonomy/mercury_autonomy/src/bt_actions/publish_int8.cpp:3\x1b[m\x1b[K:\n'}
[2.600266] (mercury_autonomy) StderrLine: {'line': b'\x1b[01m\x1b[K/opt/ros/humble/include/geometry_msgs/geometry_msgs/msg/detail/vector3__struct.hpp:27:11:\x1b[m\x1b[K \x1b[01;36m\x1b[Knote: \x1b[m\x1b[K  \xe2\x80\x98\x1b[01m\x1b[Kgeometry_msgs::msg\x1b[m\x1b[K\xe2\x80\x99\n'}
[2.600294] (mercury_autonomy) StderrLine: {'line': b'   27 | namespace \x1b[01;36m\x1b[Kmsg\x1b[m\x1b[K\n'}
[2.600318] (mercury_autonomy) StderrLine: {'line': b'      |           \x1b[01;36m\x1b[K^~~\x1b[m\x1b[K\n'}
[2.600343] (mercury_autonomy) StderrLine: {'line': b'In file included from \x1b[01m\x1b[K/opt/ros/humble/include/tf2_msgs/tf2_msgs/msg/tf_message.hpp:7\x1b[m\x1b[K,\n'}
[2.600368] (mercury_autonomy) StderrLine: {'line': b'                 from \x1b[01m\x1b[K/opt/ros/humble/include/tf2_ros/tf2_ros/transform_listener.h:44\x1b[m\x1b[K,\n'}
[2.600393] (mercury_autonomy) StderrLine: {'line': b'                 from \x1b[01m\x1b[K/home/bobdobchob/osu-uwrt/development/software/src/mercury_autonomy/mercury_autonomy/include/mercury_autonomy/autonomy_base.hpp:29\x1b[m\x1b[K,\n'}
[2.600419] (mercury_autonomy) StderrLine: {'line': b'                 from \x1b[01m\x1b[K/home/bobdobchob/osu-uwrt/development/software/src/mercury_autonomy/mercury_autonomy/include/mercury_autonomy/autonomy_lib.hpp:6\x1b[m\x1b[K,\n'}
[2.600445] (mercury_autonomy) StderrLine: {'line': b'                 from \x1b[01m\x1b[K/home/bobdobchob/osu-uwrt/development/software/src/mercury_autonomy/mercury_autonomy/include/mercury_autonomy/bt_actions/publish_int8.hpp:5\x1b[m\x1b[K,\n'}
[2.600471] (mercury_autonomy) StderrLine: {'line': b'                 from \x1b[01m\x1b[K/home/bobdobchob/osu-uwrt/development/software/src/mercury_autonomy/mercury_autonomy/src/bt_actions/publish_int8.cpp:3\x1b[m\x1b[K:\n'}
[2.600497] (mercury_autonomy) StderrLine: {'line': b'\x1b[01m\x1b[K/opt/ros/humble/include/tf2_msgs/tf2_msgs/msg/detail/tf_message__struct.hpp:31:11:\x1b[m\x1b[K \x1b[01;36m\x1b[Knote: \x1b[m\x1b[K  \xe2\x80\x98\x1b[01m\x1b[Ktf2_msgs::msg\x1b[m\x1b[K\xe2\x80\x99\n'}
[2.600523] (mercury_autonomy) StderrLine: {'line': b'   31 | namespace \x1b[01;36m\x1b[Kmsg\x1b[m\x1b[K\n'}
[2.600550] (mercury_autonomy) StderrLine: {'line': b'      |           \x1b[01;36m\x1b[K^~~\x1b[m\x1b[K\n'}
[2.600574] (mercury_autonomy) StderrLine: {'line': b'In file included from \x1b[01m\x1b[K/opt/ros/humble/include/nav_msgs/nav_msgs/msg/odometry.hpp:7\x1b[m\x1b[K,\n'}
[2.600602] (mercury_autonomy) StderrLine: {'line': b'                 from \x1b[01m\x1b[K/home/bobdobchob/osu-uwrt/development/software/src/mercury_autonomy/mercury_autonomy/include/mercury_autonomy/autonomy_base.hpp:39\x1b[m\x1b[K,\n'}
[2.600630] (mercury_autonomy) StderrLine: {'line': b'                 from \x1b[01m\x1b[K/home/bobdobchob/osu-uwrt/development/software/src/mercury_autonomy/mercury_autonomy/include/mercury_autonomy/autonomy_lib.hpp:6\x1b[m\x1b[K,\n'}
[2.600655] (mercury_autonomy) StderrLine: {'line': b'                 from \x1b[01m\x1b[K/home/bobdobchob/osu-uwrt/development/software/src/mercury_autonomy/mercury_autonomy/include/mercury_autonomy/bt_actions/publish_int8.hpp:5\x1b[m\x1b[K,\n'}
[2.600680] (mercury_autonomy) StderrLine: {'line': b'                 from \x1b[01m\x1b[K/home/bobdobchob/osu-uwrt/development/software/src/mercury_autonomy/mercury_autonomy/src/bt_actions/publish_int8.cpp:3\x1b[m\x1b[K:\n'}
[2.600706] (mercury_autonomy) StderrLine: {'line': b'\x1b[01m\x1b[K/opt/ros/humble/include/nav_msgs/nav_msgs/msg/detail/odometry__struct.hpp:35:11:\x1b[m\x1b[K \x1b[01;36m\x1b[Knote: \x1b[m\x1b[K  \xe2\x80\x98\x1b[01m\x1b[Knav_msgs::msg\x1b[m\x1b[K\xe2\x80\x99\n'}
[2.600731] (mercury_autonomy) StderrLine: {'line': b'   35 | namespace \x1b[01;36m\x1b[Kmsg\x1b[m\x1b[K\n'}
[2.600755] (mercury_autonomy) StderrLine: {'line': b'      |           \x1b[01;36m\x1b[K^~~\x1b[m\x1b[K\n'}
[2.600778] (mercury_autonomy) StderrLine: {'line': b'In file included from \x1b[01m\x1b[K/opt/ros/humble/include/sensor_msgs/sensor_msgs/msg/imu.hpp:7\x1b[m\x1b[K,\n'}
[2.600801] (mercury_autonomy) StderrLine: {'line': b'                 from \x1b[01m\x1b[K/home/bobdobchob/osu-uwrt/development/software/src/mercury_autonomy/mercury_autonomy/include/mercury_autonomy/autonomy_base.hpp:40\x1b[m\x1b[K,\n'}
[2.600825] (mercury_autonomy) StderrLine: {'line': b'                 from \x1b[01m\x1b[K/home/bobdobchob/osu-uwrt/development/software/src/mercury_autonomy/mercury_autonomy/include/mercury_autonomy/autonomy_lib.hpp:6\x1b[m\x1b[K,\n'}
[2.600850] (mercury_autonomy) StderrLine: {'line': b'                 from \x1b[01m\x1b[K/home/bobdobchob/osu-uwrt/development/software/src/mercury_autonomy/mercury_autonomy/include/mercury_autonomy/bt_actions/publish_int8.hpp:5\x1b[m\x1b[K,\n'}
[2.600876] (mercury_autonomy) StderrLine: {'line': b'                 from \x1b[01m\x1b[K/home/bobdobchob/osu-uwrt/development/software/src/mercury_autonomy/mercury_autonomy/src/bt_actions/publish_int8.cpp:3\x1b[m\x1b[K:\n'}
[2.600911] (mercury_autonomy) StderrLine: {'line': b'\x1b[01m\x1b[K/opt/ros/humble/include/sensor_msgs/sensor_msgs/msg/detail/imu__struct.hpp:36:11:\x1b[m\x1b[K \x1b[01;36m\x1b[Knote: \x1b[m\x1b[K  \xe2\x80\x98\x1b[01m\x1b[Ksensor_msgs::msg\x1b[m\x1b[K\xe2\x80\x99\n'}
[2.600937] (mercury_autonomy) StderrLine: {'line': b'   36 | namespace \x1b[01;36m\x1b[Kmsg\x1b[m\x1b[K\n'}
[2.600961] (mercury_autonomy) StderrLine: {'line': b'      |           \x1b[01;36m\x1b[K^~~\x1b[m\x1b[K\n'}
[2.600985] (mercury_autonomy) StderrLine: {'line': b'\x1b[01m\x1b[K/home/bobdobchob/osu-uwrt/development/software/src/mercury_autonomy/mercury_autonomy/src/bt_actions/publish_int8.cpp:30:3:\x1b[m\x1b[K \x1b[01;31m\x1b[Kerror: \x1b[m\x1b[K\xe2\x80\x98\x1b[01m\x1b[Kpub_\x1b[m\x1b[K\xe2\x80\x99 was not declared in this scope\n'}
[2.601011] (mercury_autonomy) StderrLine: {'line': b'   30 |   \x1b[01;31m\x1b[Kpub_\x1b[m\x1b[K->publish(msg);\n'}
[2.601036] (mercury_autonomy) StderrLine: {'line': b'      |   \x1b[01;31m\x1b[K^~~~\x1b[m\x1b[K\n'}
[2.607238] (mercury_autonomy) StderrLine: {'line': b'In file included from \x1b[01m\x1b[K/home/bobdobchob/osu-uwrt/development/software/src/mercury_autonomy/mercury_autonomy/src/bt_actions/set_controller_safe_mode.cpp:3\x1b[m\x1b[K:\n'}
[2.607511] (mercury_autonomy) StderrLine: {'line': b'\x1b[01m\x1b[K/home/bobdobchob/osu-uwrt/development/software/src/mercury_autonomy/mercury_autonomy/include/mercury_autonomy/bt_actions/set_controller_safe_mode.hpp:\x1b[m\x1b[K In static member function \xe2\x80\x98\x1b[01m\x1b[Kstatic BT::PortsList mercury_autonomy::SetControllerSafeMode::providedPorts()\x1b[m\x1b[K\xe2\x80\x99:\n'}
[2.607562] (mercury_autonomy) StderrLine: {'line': b'\x1b[01m\x1b[K/home/bobdobchob/osu-uwrt/development/software/src/mercury_autonomy/mercury_autonomy/include/mercury_autonomy/bt_actions/set_controller_safe_mode.hpp:20:26:\x1b[m\x1b[K \x1b[01;31m\x1b[Kerror: \x1b[m\x1b[Kno matching function for call to \xe2\x80\x98\x1b[01m\x1b[KInputPort<bool>(const char [5], bool)\x1b[m\x1b[K\xe2\x80\x99\n'}
[2.607606] (mercury_autonomy) StderrLine: {'line': b'   20 |       \x1b[01;31m\x1b[KBT::InputPort<bool>("safe", true)\x1b[m\x1b[K,\n'}
[2.607635] (mercury_autonomy) StderrLine: {'line': b'      |       \x1b[01;31m\x1b[K~~~~~~~~~~~~~~~~~~~^~~~~~~~~~~~~~\x1b[m\x1b[K\n'}
[2.607664] (mercury_autonomy) StderrLine: {'line': b'In file included from \x1b[01m\x1b[K/home/bobdobchob/osu-uwrt/development/software/install/behaviortree_cpp/include/behaviortree_cpp/tree_node.h:16\x1b[m\x1b[K,\n'}
[2.607695] (mercury_autonomy) StderrLine: {'line': b'                 from \x1b[01m\x1b[K/home/bobdobchob/osu-uwrt/development/software/install/behaviortree_cpp/include/behaviortree_cpp/leaf_node.h:17\x1b[m\x1b[K,\n'}
[2.607722] (mercury_autonomy) StderrLine: {'line': b'                 from \x1b[01m\x1b[K/home/bobdobchob/osu-uwrt/development/software/install/behaviortree_cpp/include/behaviortree_cpp/action_node.h:17\x1b[m\x1b[K,\n'}
[2.607749] (mercury_autonomy) StderrLine: {'line': b'                 from \x1b[01m\x1b[K/home/bobdobchob/osu-uwrt/development/software/install/behaviortree_cpp/include/behaviortree_cpp/behavior_tree.h:16\x1b[m\x1b[K,\n'}
[2.607775] (mercury_autonomy) StderrLine: {'line': b'                 from \x1b[01m\x1b[K/home/bobdobchob/osu-uwrt/development/software/src/mercury_autonomy/mercury_autonomy/include/mercury_autonomy/autonomy_base.hpp:15\x1b[m\x1b[K,\n'}
[2.607802] (mercury_autonomy) StderrLine: {'line': b'                 from \x1b[01m\x1b[K/home/bobdobchob/osu-uwrt/development/software/src/mercury_autonomy/mercury_autonomy/include/mercury_autonomy/autonomy_lib.hpp:6\x1b[m\x1b[K,\n'}
[2.607831] (mercury_autonomy) StderrLine: {'line': b'                 from \x1b[01m\x1b[K/home/bobdobchob/osu-uwrt/development/software/src/mercury_autonomy/mercury_autonomy/include/mercury_autonomy/bt_actions/set_controller_safe_mode.hpp:5\x1b[m\x1b[K,\n'}
[2.607859] (mercury_autonomy) StderrLine: {'line': b'                 from \x1b[01m\x1b[K/home/bobdobchob/osu-uwrt/development/software/src/mercury_autonomy/mercury_autonomy/src/bt_actions/set_controller_safe_mode.cpp:3\x1b[m\x1b[K:\n'}
[2.607884] (mercury_autonomy) StderrLine: {'line': b'\x1b[01m\x1b[K/home/bobdobchob/osu-uwrt/development/software/install/behaviortree_cpp/include/behaviortree_cpp/basic_types.h:484:1:\x1b[m\x1b[K \x1b[01;36m\x1b[Knote: \x1b[m\x1b[Kcandidate: \xe2\x80\x98\x1b[01m\x1b[Kstd::pair<std::__cxx11::basic_string<char>, BT::PortInfo> BT::InputPort(BT::StringView, BT::StringView) [with T = bool; BT::StringView = std::basic_string_view<char>]\x1b[m\x1b[K\xe2\x80\x99\n'}
[2.607921] (mercury_autonomy) StderrLine: {'line': b'  484 | \x1b[01;36m\x1b[KInputPort\x1b[m\x1b[K(StringView name, StringView description = {})\n'}
[2.607948] (mercury_autonomy) StderrLine: {'line': b'      | \x1b[01;36m\x1b[K^~~~~~~~~\x1b[m\x1b[K\n'}
[2.607974] (mercury_autonomy) StderrLine: {'line': b'\x1b[01m\x1b[K/home/bobdobchob/osu-uwrt/development/software/install/behaviortree_cpp/include/behaviortree_cpp/basic_types.h:484:39:\x1b[m\x1b[K \x1b[01;36m\x1b[Knote: \x1b[m\x1b[K  no known conversion for argument 2 from \xe2\x80\x98\x1b[01m\x1b[Kbool\x1b[m\x1b[K\xe2\x80\x99 to \xe2\x80\x98\x1b[01m\x1b[KBT::StringView\x1b[m\x1b[K\xe2\x80\x99 {aka \xe2\x80\x98\x1b[01m\x1b[Kstd::basic_string_view<char>\x1b[m\x1b[K\xe2\x80\x99}\n'}
[2.608001] (mercury_autonomy) StderrLine: {'line': b'  484 | InputPort(StringView name, \x1b[01;36m\x1b[KStringView description = {}\x1b[m\x1b[K)\n'}
[2.608025] (mercury_autonomy) StderrLine: {'line': b'      |                            \x1b[01;36m\x1b[K~~~~~~~~~~~^~~~~~~~~~~~~~~~\x1b[m\x1b[K\n'}
[2.608049] (mercury_autonomy) StderrLine: {'line': b'\x1b[01m\x1b[K/home/bobdobchob/osu-uwrt/development/software/install/behaviortree_cpp/include/behaviortree_cpp/basic_types.h:554:1:\x1b[m\x1b[K \x1b[01;36m\x1b[Knote: \x1b[m\x1b[Kcandidate: \xe2\x80\x98\x1b[01m\x1b[Ktemplate<class T, class DefaultT> std::pair<std::__cxx11::basic_string<char>, BT::PortInfo> BT::InputPort(BT::StringView, const DefaultT&, BT::StringView)\x1b[m\x1b[K\xe2\x80\x99\n'}
[2.608076] (mercury_autonomy) StderrLine: {'line': b'  554 | \x1b[01;36m\x1b[KInputPort\x1b[m\x1b[K(StringView name, const DefaultT& default_value, StringView description)\n'}
[2.608101] (mercury_autonomy) StderrLine: {'line': b'      | \x1b[01;36m\x1b[K^~~~~~~~~\x1b[m\x1b[K\n'}
[2.608125] (mercury_autonomy) StderrLine: {'line': b'\x1b[01m\x1b[K/home/bobdobchob/osu-uwrt/development/software/install/behaviortree_cpp/include/behaviortree_cpp/basic_types.h:554:1:\x1b[m\x1b[K \x1b[01;36m\x1b[Knote: \x1b[m\x1b[K  template argument deduction/substitution failed:\n'}
[2.608156] (mercury_autonomy) StderrLine: {'line': b'In file included from \x1b[01m\x1b[K/home/bobdobchob/osu-uwrt/development/software/src/mercury_autonomy/mercury_autonomy/src/bt_actions/set_controller_safe_mode.cpp:3\x1b[m\x1b[K:\n'}
[2.608182] (mercury_autonomy) StderrLine: {'line': b'\x1b[01m\x1b[K/home/bobdobchob/osu-uwrt/development/software/src/mercury_autonomy/mercury_autonomy/include/mercury_autonomy/bt_actions/set_controller_safe_mode.hpp:20:26:\x1b[m\x1b[K \x1b[01;36m\x1b[Knote: \x1b[m\x1b[K  candidate expects 3 arguments, 2 provided\n'}
[2.608206] (mercury_autonomy) StderrLine: {'line': b'   20 |       \x1b[01;36m\x1b[KBT::InputPort<bool>("safe", true)\x1b[m\x1b[K,\n'}
[2.608232] (mercury_autonomy) StderrLine: {'line': b'      |       \x1b[01;36m\x1b[K~~~~~~~~~~~~~~~~~~~^~~~~~~~~~~~~~\x1b[m\x1b[K\n'}
[2.608257] (mercury_autonomy) StderrLine: {'line': b'\x1b[01m\x1b[K/home/bobdobchob/osu-uwrt/development/software/src/mercury_autonomy/mercury_autonomy/include/mercury_autonomy/bt_actions/set_controller_safe_mode.hpp:21:28:\x1b[m\x1b[K \x1b[01;31m\x1b[Kerror: \x1b[m\x1b[Kno matching function for call to \xe2\x80\x98\x1b[01m\x1b[KInputPort<double>(const char [13], double)\x1b[m\x1b[K\xe2\x80\x99\n'}
[2.608285] (mercury_autonomy) StderrLine: {'line': b'   21 |       \x1b[01;31m\x1b[KBT::InputPort<double>("timeout_secs", 0.0)\x1b[m\x1b[K,\n'}
[2.608310] (mercury_autonomy) StderrLine: {'line': b'      |       \x1b[01;31m\x1b[K~~~~~~~~~~~~~~~~~~~~~^~~~~~~~~~~~~~~~~~~~~\x1b[m\x1b[K\n'}
[2.608336] (mercury_autonomy) StderrLine: {'line': b'In file included from \x1b[01m\x1b[K/home/bobdobchob/osu-uwrt/development/software/install/behaviortree_cpp/include/behaviortree_cpp/tree_node.h:16\x1b[m\x1b[K,\n'}
[2.608362] (mercury_autonomy) StderrLine: {'line': b'                 from \x1b[01m\x1b[K/home/bobdobchob/osu-uwrt/development/software/install/behaviortree_cpp/include/behaviortree_cpp/leaf_node.h:17\x1b[m\x1b[K,\n'}
[2.608387] (mercury_autonomy) StderrLine: {'line': b'                 from \x1b[01m\x1b[K/home/bobdobchob/osu-uwrt/development/software/install/behaviortree_cpp/include/behaviortree_cpp/action_node.h:17\x1b[m\x1b[K,\n'}
[2.608411] (mercury_autonomy) StderrLine: {'line': b'                 from \x1b[01m\x1b[K/home/bobdobchob/osu-uwrt/development/software/install/behaviortree_cpp/include/behaviortree_cpp/behavior_tree.h:16\x1b[m\x1b[K,\n'}
[2.608435] (mercury_autonomy) StderrLine: {'line': b'                 from \x1b[01m\x1b[K/home/bobdobchob/osu-uwrt/development/software/src/mercury_autonomy/mercury_autonomy/include/mercury_autonomy/autonomy_base.hpp:15\x1b[m\x1b[K,\n'}
[2.608459] (mercury_autonomy) StderrLine: {'line': b'                 from \x1b[01m\x1b[K/home/bobdobchob/osu-uwrt/development/software/src/mercury_autonomy/mercury_autonomy/include/mercury_autonomy/autonomy_lib.hpp:6\x1b[m\x1b[K,\n'}
[2.608485] (mercury_autonomy) StderrLine: {'line': b'                 from \x1b[01m\x1b[K/home/bobdobchob/osu-uwrt/development/software/src/mercury_autonomy/mercury_autonomy/include/mercury_autonomy/bt_actions/set_controller_safe_mode.hpp:5\x1b[m\x1b[K,\n'}
[2.608511] (mercury_autonomy) StderrLine: {'line': b'                 from \x1b[01m\x1b[K/home/bobdobchob/osu-uwrt/development/software/src/mercury_autonomy/mercury_autonomy/src/bt_actions/set_controller_safe_mode.cpp:3\x1b[m\x1b[K:\n'}
[2.608536] (mercury_autonomy) StderrLine: {'line': b'\x1b[01m\x1b[K/home/bobdobchob/osu-uwrt/development/software/install/behaviortree_cpp/include/behaviortree_cpp/basic_types.h:484:1:\x1b[m\x1b[K \x1b[01;36m\x1b[Knote: \x1b[m\x1b[Kcandidate: \xe2\x80\x98\x1b[01m\x1b[Kstd::pair<std::__cxx11::basic_string<char>, BT::PortInfo> BT::InputPort(BT::StringView, BT::StringView) [with T = double; BT::StringView = std::basic_string_view<char>]\x1b[m\x1b[K\xe2\x80\x99\n'}
[2.608563] (mercury_autonomy) StderrLine: {'line': b'  484 | \x1b[01;36m\x1b[KInputPort\x1b[m\x1b[K(StringView name, StringView description = {})\n'}
[2.608590] (mercury_autonomy) StderrLine: {'line': b'      | \x1b[01;36m\x1b[K^~~~~~~~~\x1b[m\x1b[K\n'}
[2.608616] (mercury_autonomy) StderrLine: {'line': b'\x1b[01m\x1b[K/home/bobdobchob/osu-uwrt/development/software/install/behaviortree_cpp/include/behaviortree_cpp/basic_types.h:484:39:\x1b[m\x1b[K \x1b[01;36m\x1b[Knote: \x1b[m\x1b[K  no known conversion for argument 2 from \xe2\x80\x98\x1b[01m\x1b[Kdouble\x1b[m\x1b[K\xe2\x80\x99 to \xe2\x80\x98\x1b[01m\x1b[KBT::StringView\x1b[m\x1b[K\xe2\x80\x99 {aka \xe2\x80\x98\x1b[01m\x1b[Kstd::basic_string_view<char>\x1b[m\x1b[K\xe2\x80\x99}\n'}
[2.608643] (mercury_autonomy) StderrLine: {'line': b'  484 | InputPort(StringView name, \x1b[01;36m\x1b[KStringView description = {}\x1b[m\x1b[K)\n'}
[2.608667] (mercury_autonomy) StderrLine: {'line': b'      |                            \x1b[01;36m\x1b[K~~~~~~~~~~~^~~~~~~~~~~~~~~~\x1b[m\x1b[K\n'}
[2.608693] (mercury_autonomy) StderrLine: {'line': b'\x1b[01m\x1b[K/home/bobdobchob/osu-uwrt/development/software/install/behaviortree_cpp/include/behaviortree_cpp/basic_types.h:554:1:\x1b[m\x1b[K \x1b[01;36m\x1b[Knote: \x1b[m\x1b[Kcandidate: \xe2\x80\x98\x1b[01m\x1b[Ktemplate<class T, class DefaultT> std::pair<std::__cxx11::basic_string<char>, BT::PortInfo> BT::InputPort(BT::StringView, const DefaultT&, BT::StringView)\x1b[m\x1b[K\xe2\x80\x99\n'}
[2.608719] (mercury_autonomy) StderrLine: {'line': b'  554 | \x1b[01;36m\x1b[KInputPort\x1b[m\x1b[K(StringView name, const DefaultT& default_value, StringView description)\n'}
[2.608744] (mercury_autonomy) StderrLine: {'line': b'      | \x1b[01;36m\x1b[K^~~~~~~~~\x1b[m\x1b[K\n'}
[2.608769] (mercury_autonomy) StderrLine: {'line': b'\x1b[01m\x1b[K/home/bobdobchob/osu-uwrt/development/software/install/behaviortree_cpp/include/behaviortree_cpp/basic_types.h:554:1:\x1b[m\x1b[K \x1b[01;36m\x1b[Knote: \x1b[m\x1b[K  template argument deduction/substitution failed:\n'}
[2.608794] (mercury_autonomy) StderrLine: {'line': b'In file included from \x1b[01m\x1b[K/home/bobdobchob/osu-uwrt/development/software/src/mercury_autonomy/mercury_autonomy/src/bt_actions/set_controller_safe_mode.cpp:3\x1b[m\x1b[K:\n'}
[2.608818] (mercury_autonomy) StderrLine: {'line': b'\x1b[01m\x1b[K/home/bobdobchob/osu-uwrt/development/software/src/mercury_autonomy/mercury_autonomy/include/mercury_autonomy/bt_actions/set_controller_safe_mode.hpp:21:28:\x1b[m\x1b[K \x1b[01;36m\x1b[Knote: \x1b[m\x1b[K  candidate expects 3 arguments, 2 provided\n'}
[2.608843] (mercury_autonomy) StderrLine: {'line': b'   21 |       \x1b[01;36m\x1b[KBT::InputPort<double>("timeout_secs", 0.0)\x1b[m\x1b[K,\n'}
[2.608868] (mercury_autonomy) StderrLine: {'line': b'      |       \x1b[01;36m\x1b[K~~~~~~~~~~~~~~~~~~~~~^~~~~~~~~~~~~~~~~~~~~\x1b[m\x1b[K\n'}
[2.608900] (mercury_autonomy) StderrLine: {'line': b'\x1b[01m\x1b[K/home/bobdobchob/osu-uwrt/development/software/src/mercury_autonomy/mercury_autonomy/include/mercury_autonomy/bt_actions/set_controller_safe_mode.hpp:22:5:\x1b[m\x1b[K \x1b[01;31m\x1b[Kerror: \x1b[m\x1b[Kcould not convert \xe2\x80\x98\x1b[01m\x1b[K{<expression error>, <expression error>}\x1b[m\x1b[K\xe2\x80\x99 from \xe2\x80\x98\x1b[01m\x1b[K<brace-enclosed initializer list>\x1b[m\x1b[K\xe2\x80\x99 to \xe2\x80\x98\x1b[01m\x1b[KBT::PortsList\x1b[m\x1b[K\xe2\x80\x99 {aka \xe2\x80\x98\x1b[01m\x1b[Kstd::unordered_map<std::__cxx11::basic_string<char>, BT::PortInfo>\x1b[m\x1b[K\xe2\x80\x99}\n'}
[2.608935] (mercury_autonomy) StderrLine: {'line': b'   22 |     \x1b[01;31m\x1b[K}\x1b[m\x1b[K;\n'}
[2.608959] (mercury_autonomy) StderrLine: {'line': b'      |     \x1b[01;31m\x1b[K^\x1b[m\x1b[K\n'}
[2.608984] (mercury_autonomy) StderrLine: {'line': b'      |     \x1b[01;31m\x1b[K|\x1b[m\x1b[K\n'}
[2.609008] (mercury_autonomy) StderrLine: {'line': b'      |     \x1b[01;31m\x1b[K<brace-enclosed initializer list>\x1b[m\x1b[K\n'}
[2.613943] (-) TimerEvent: {}
[2.714218] (-) TimerEvent: {}
[2.814526] (-) TimerEvent: {}
[2.865177] (mercury_autonomy) StderrLine: {'line': b'\x1b[01m\x1b[K/home/bobdobchob/osu-uwrt/development/software/src/mercury_autonomy/mercury_autonomy/src/bt_actions/set_mapping_target.cpp:\x1b[m\x1b[K In member function \xe2\x80\x98\x1b[01m\x1b[Kvirtual BT::NodeStatus mercury_autonomy::SetMappingTarget::onStart()\x1b[m\x1b[K\xe2\x80\x99:\n'}
[2.865377] (mercury_autonomy) StderrLine: {'line': b'\x1b[01m\x1b[K/home/bobdobchob/osu-uwrt/development/software/src/mercury_autonomy/mercury_autonomy/src/bt_actions/set_mapping_target.cpp:39:48:\x1b[m\x1b[K \x1b[01;35m\x1b[Kwarning: \x1b[m\x1b[K\xe2\x80\x98\x1b[01m\x1b[Krclcpp::Client<ServiceT>::FutureAndRequestId::operator rclcpp::Client<ServiceT>::SharedFuture() [with ServiceT = mercury_msgs::srv::MappingTarget; rclcpp::Client<ServiceT>::SharedFuture = std::shared_future<std::shared_ptr<mercury_msgs::srv::MappingTarget_Response_<std::allocator<void> > > >]\x1b[m\x1b[K\xe2\x80\x99 is deprecated: FutureAndRequestId: use .future.share() instead of an implicit conversion [\x1b[01;35m\x1b[K\x1b]8;;https://gcc.gnu.org/onlinedocs/gcc/Warning-Options.html#index-Wdeprecated-declarations\x07-Wdeprecated-declarations\x1b]8;;\x07\x1b[m\x1b[K]\n'}
[2.865438] (mercury_autonomy) StderrLine: {'line': b'   39 |   future_ = client_->async_send_request(request\x1b[01;35m\x1b[K)\x1b[m\x1b[K;\n'}
[2.865473] (mercury_autonomy) StderrLine: {'line': b'      |                                                \x1b[01;35m\x1b[K^\x1b[m\x1b[K\n'}
[2.865502] (mercury_autonomy) StderrLine: {'line': b'In file included from \x1b[01m\x1b[K/opt/ros/humble/include/rclcpp/rclcpp/callback_group.hpp:24\x1b[m\x1b[K,\n'}
[2.865530] (mercury_autonomy) StderrLine: {'line': b'                 from \x1b[01m\x1b[K/opt/ros/humble/include/rclcpp/rclcpp/any_executable.hpp:20\x1b[m\x1b[K,\n'}
[2.865557] (mercury_autonomy) StderrLine: {'line': b'                 from \x1b[01m\x1b[K/opt/ros/humble/include/rclcpp/rclcpp/memory_strategy.hpp:25\x1b[m\x1b[K,\n'}
[2.865583] (mercury_autonomy) StderrLine: {'line': b'                 from \x1b[01m\x1b[K/opt/ros/humble/include/rclcpp/rclcpp/memory_strategies.hpp:18\x1b[m\x1b[K,\n'}
[2.865609] (mercury_autonomy) StderrLine: {'line': b'                 from \x1b[01m\x1b[K/opt/ros/humble/include/rclcpp/rclcpp/executor_options.hpp:20\x1b[m\x1b[K,\n'}
[2.865635] (mercury_autonomy) StderrLine: {'line': b'                 from \x1b[01m\x1b[K/opt/ros/humble/include/rclcpp/rclcpp/executor.hpp:37\x1b[m\x1b[K,\n'}
[2.865661] (mercury_autonomy) StderrLine: {'line': b'                 from \x1b[01m\x1b[K/opt/ros/humble/include/rclcpp/rclcpp/executors/multi_threaded_executor.hpp:25\x1b[m\x1b[K,\n'}
[2.865687] (mercury_autonomy) StderrLine: {'line': b'                 from \x1b[01m\x1b[K/opt/ros/humble/include/rclcpp/rclcpp/executors.hpp:21\x1b[m\x1b[K,\n'}
[2.865712] (mercury_autonomy) StderrLine: {'line': b'                 from \x1b[01m\x1b[K/opt/ros/humble/include/rclcpp/rclcpp/rclcpp.hpp:155\x1b[m\x1b[K,\n'}
[2.865738] (mercury_autonomy) StderrLine: {'line': b'                 from \x1b[01m\x1b[K/home/bobdobchob/osu-uwrt/development/software/src/mercury_autonomy/mercury_autonomy/include/mercury_autonomy/autonomy_base.hpp:20\x1b[m\x1b[K,\n'}
[2.865766] (mercury_autonomy) StderrLine: {'line': b'                 from \x1b[01m\x1b[K/home/bobdobchob/osu-uwrt/development/software/src/mercury_autonomy/mercury_autonomy/include/mercury_autonomy/autonomy_lib.hpp:6\x1b[m\x1b[K,\n'}
[2.865792] (mercury_autonomy) StderrLine: {'line': b'                 from \x1b[01m\x1b[K/home/bobdobchob/osu-uwrt/development/software/src/mercury_autonomy/mercury_autonomy/include/mercury_autonomy/bt_actions/set_mapping_target.hpp:5\x1b[m\x1b[K,\n'}
[2.865818] (mercury_autonomy) StderrLine: {'line': b'                 from \x1b[01m\x1b[K/home/bobdobchob/osu-uwrt/development/software/src/mercury_autonomy/mercury_autonomy/src/bt_actions/set_mapping_target.cpp:3\x1b[m\x1b[K:\n'}
[2.865843] (mercury_autonomy) StderrLine: {'line': b'\x1b[01m\x1b[K/opt/ros/humble/include/rclcpp/rclcpp/client.hpp:415:5:\x1b[m\x1b[K \x1b[01;36m\x1b[Knote: \x1b[m\x1b[Kdeclared here\n'}
[2.865868] (mercury_autonomy) StderrLine: {'line': b'  415 |     \x1b[01;36m\x1b[Koperator\x1b[m\x1b[K SharedFuture() {return this->future.share();}\n'}
[2.865909] (mercury_autonomy) StderrLine: {'line': b'      |     \x1b[01;36m\x1b[K^~~~~~~~\x1b[m\x1b[K\n'}
[2.914631] (-) TimerEvent: {}
[2.916628] (mercury_autonomy) StderrLine: {'line': b'In file included from \x1b[01m\x1b[K/home/bobdobchob/osu-uwrt/development/software/src/mercury_autonomy/mercury_autonomy/src/bt_actions/publish_to_controller.cpp:3\x1b[m\x1b[K:\n'}
[2.916780] (mercury_autonomy) StderrLine: {'line': b'\x1b[01m\x1b[K/home/bobdobchob/osu-uwrt/development/software/src/mercury_autonomy/mercury_autonomy/include/mercury_autonomy/bt_actions/publish_to_controller.hpp:\x1b[m\x1b[K In static member function \xe2\x80\x98\x1b[01m\x1b[Kstatic BT::PortsList mercury_autonomy::PublishToController::providedPorts()\x1b[m\x1b[K\xe2\x80\x99:\n'}
[2.916830] (mercury_autonomy) StderrLine: {'line': b'\x1b[01m\x1b[K/home/bobdobchob/osu-uwrt/development/software/src/mercury_autonomy/mercury_autonomy/include/mercury_autonomy/bt_actions/publish_to_controller.hpp:21:26:\x1b[m\x1b[K \x1b[01;31m\x1b[Kerror: \x1b[m\x1b[Kno matching function for call to \xe2\x80\x98\x1b[01m\x1b[KInputPort<bool>(const char [14], bool)\x1b[m\x1b[K\xe2\x80\x99\n'}
[2.916877] (mercury_autonomy) StderrLine: {'line': b'   21 |       \x1b[01;31m\x1b[KBT::InputPort<bool>("isOrientation", false)\x1b[m\x1b[K,\n'}
[2.916916] (mercury_autonomy) StderrLine: {'line': b'      |       \x1b[01;31m\x1b[K~~~~~~~~~~~~~~~~~~~^~~~~~~~~~~~~~~~~~~~~~~~\x1b[m\x1b[K\n'}
[2.917045] (mercury_autonomy) StderrLine: {'line': b'In file included from \x1b[01m\x1b[K/home/bobdobchob/osu-uwrt/development/software/install/behaviortree_cpp/include/behaviortree_cpp/tree_node.h:16\x1b[m\x1b[K,\n'}
[2.917168] (mercury_autonomy) StderrLine: {'line': b'                 from \x1b[01m\x1b[K/home/bobdobchob/osu-uwrt/development/software/install/behaviortree_cpp/include/behaviortree_cpp/leaf_node.h:17\x1b[m\x1b[K,\n'}
[2.917205] (mercury_autonomy) StderrLine: {'line': b'                 from \x1b[01m\x1b[K/home/bobdobchob/osu-uwrt/development/software/install/behaviortree_cpp/include/behaviortree_cpp/action_node.h:17\x1b[m\x1b[K,\n'}
[2.917235] (mercury_autonomy) StderrLine: {'line': b'                 from \x1b[01m\x1b[K/home/bobdobchob/osu-uwrt/development/software/install/behaviortree_cpp/include/behaviortree_cpp/behavior_tree.h:16\x1b[m\x1b[K,\n'}
[2.917321] (mercury_autonomy) StderrLine: {'line': b'                 from \x1b[01m\x1b[K/home/bobdobchob/osu-uwrt/development/software/src/mercury_autonomy/mercury_autonomy/include/mercury_autonomy/autonomy_base.hpp:15\x1b[m\x1b[K,\n'}
[2.917400] (mercury_autonomy) StderrLine: {'line': b'                 from \x1b[01m\x1b[K/home/bobdobchob/osu-uwrt/development/software/src/mercury_autonomy/mercury_autonomy/include/mercury_autonomy/autonomy_lib.hpp:6\x1b[m\x1b[K,\n'}
[2.917431] (mercury_autonomy) StderrLine: {'line': b'                 from \x1b[01m\x1b[K/home/bobdobchob/osu-uwrt/development/software/src/mercury_autonomy/mercury_autonomy/include/mercury_autonomy/bt_actions/publish_to_controller.hpp:5\x1b[m\x1b[K,\n'}
[2.917461] (mercury_autonomy) StderrLine: {'line': b'                 from \x1b[01m\x1b[K/home/bobdobchob/osu-uwrt/development/software/src/mercury_autonomy/mercury_autonomy/src/bt_actions/publish_to_controller.cpp:3\x1b[m\x1b[K:\n'}
[2.917488] (mercury_autonomy) StderrLine: {'line': b'\x1b[01m\x1b[K/home/bobdobchob/osu-uwrt/development/software/install/behaviortree_cpp/include/behaviortree_cpp/basic_types.h:484:1:\x1b[m\x1b[K \x1b[01;36m\x1b[Knote: \x1b[m\x1b[Kcandidate: \xe2\x80\x98\x1b[01m\x1b[Kstd::pair<std::__cxx11::basic_string<char>, BT::PortInfo> BT::InputPort(BT::StringView, BT::StringView) [with T = bool; BT::StringView = std::basic_string_view<char>]\x1b[m\x1b[K\xe2\x80\x99\n'}
[2.917583] (mercury_autonomy) StderrLine: {'line': b'  484 | \x1b[01;36m\x1b[KInputPort\x1b[m\x1b[K(StringView name, StringView description = {})\n'}
[2.917612] (mercury_autonomy) StderrLine: {'line': b'      | \x1b[01;36m\x1b[K^~~~~~~~~\x1b[m\x1b[K\n'}
[2.917638] (mercury_autonomy) StderrLine: {'line': b'\x1b[01m\x1b[K/home/bobdobchob/osu-uwrt/development/software/install/behaviortree_cpp/include/behaviortree_cpp/basic_types.h:484:39:\x1b[m\x1b[K \x1b[01;36m\x1b[Knote: \x1b[m\x1b[K  no known conversion for argument 2 from \xe2\x80\x98\x1b[01m\x1b[Kbool\x1b[m\x1b[K\xe2\x80\x99 to \xe2\x80\x98\x1b[01m\x1b[KBT::StringView\x1b[m\x1b[K\xe2\x80\x99 {aka \xe2\x80\x98\x1b[01m\x1b[Kstd::basic_string_view<char>\x1b[m\x1b[K\xe2\x80\x99}\n'}
[2.917707] (mercury_autonomy) StderrLine: {'line': b'  484 | InputPort(StringView name, \x1b[01;36m\x1b[KStringView description = {}\x1b[m\x1b[K)\n'}
[2.917734] (mercury_autonomy) StderrLine: {'line': b'      |                            \x1b[01;36m\x1b[K~~~~~~~~~~~^~~~~~~~~~~~~~~~\x1b[m\x1b[K\n'}
[2.917759] (mercury_autonomy) StderrLine: {'line': b'\x1b[01m\x1b[K/home/bobdobchob/osu-uwrt/development/software/install/behaviortree_cpp/include/behaviortree_cpp/basic_types.h:554:1:\x1b[m\x1b[K \x1b[01;36m\x1b[Knote: \x1b[m\x1b[Kcandidate: \xe2\x80\x98\x1b[01m\x1b[Ktemplate<class T, class DefaultT> std::pair<std::__cxx11::basic_string<char>, BT::PortInfo> BT::InputPort(BT::StringView, const DefaultT&, BT::StringView)\x1b[m\x1b[K\xe2\x80\x99\n'}
[2.917787] (mercury_autonomy) StderrLine: {'line': b'  554 | \x1b[01;36m\x1b[KInputPort\x1b[m\x1b[K(StringView name, const DefaultT& default_value, StringView description)\n'}
[2.917812] (mercury_autonomy) StderrLine: {'line': b'      | \x1b[01;36m\x1b[K^~~~~~~~~\x1b[m\x1b[K\n'}
[2.917836] (mercury_autonomy) StderrLine: {'line': b'\x1b[01m\x1b[K/home/bobdobchob/osu-uwrt/development/software/install/behaviortree_cpp/include/behaviortree_cpp/basic_types.h:554:1:\x1b[m\x1b[K \x1b[01;36m\x1b[Knote: \x1b[m\x1b[K  template argument deduction/substitution failed:\n'}
[2.917862] (mercury_autonomy) StderrLine: {'line': b'In file included from \x1b[01m\x1b[K/home/bobdobchob/osu-uwrt/development/software/src/mercury_autonomy/mercury_autonomy/src/bt_actions/publish_to_controller.cpp:3\x1b[m\x1b[K:\n'}
[2.917892] (mercury_autonomy) StderrLine: {'line': b'\x1b[01m\x1b[K/home/bobdobchob/osu-uwrt/development/software/src/mercury_autonomy/mercury_autonomy/include/mercury_autonomy/bt_actions/publish_to_controller.hpp:21:26:\x1b[m\x1b[K \x1b[01;36m\x1b[Knote: \x1b[m\x1b[K  candidate expects 3 arguments, 2 provided\n'}
[2.917922] (mercury_autonomy) StderrLine: {'line': b'   21 |       \x1b[01;36m\x1b[KBT::InputPort<bool>("isOrientation", false)\x1b[m\x1b[K,\n'}
[2.917946] (mercury_autonomy) StderrLine: {'line': b'      |       \x1b[01;36m\x1b[K~~~~~~~~~~~~~~~~~~~^~~~~~~~~~~~~~~~~~~~~~~~\x1b[m\x1b[K\n'}
[2.917971] (mercury_autonomy) StderrLine: {'line': b'\x1b[01m\x1b[K/home/bobdobchob/osu-uwrt/development/software/src/mercury_autonomy/mercury_autonomy/include/mercury_autonomy/bt_actions/publish_to_controller.hpp:22:25:\x1b[m\x1b[K \x1b[01;31m\x1b[Kerror: \x1b[m\x1b[Kno matching function for call to \xe2\x80\x98\x1b[01m\x1b[KInputPort<int>(const char [5], int)\x1b[m\x1b[K\xe2\x80\x99\n'}
[2.917997] (mercury_autonomy) StderrLine: {'line': b'   22 |       \x1b[01;31m\x1b[KBT::InputPort<int>("mode", 3)\x1b[m\x1b[K,\n'}
[2.918022] (mercury_autonomy) StderrLine: {'line': b'      |       \x1b[01;31m\x1b[K~~~~~~~~~~~~~~~~~~^~~~~~~~~~~\x1b[m\x1b[K\n'}
[2.918050] (mercury_autonomy) StderrLine: {'line': b'In file included from \x1b[01m\x1b[K/home/bobdobchob/osu-uwrt/development/software/install/behaviortree_cpp/include/behaviortree_cpp/tree_node.h:16\x1b[m\x1b[K,\n'}
[2.918074] (mercury_autonomy) StderrLine: {'line': b'                 from \x1b[01m\x1b[K/home/bobdobchob/osu-uwrt/development/software/install/behaviortree_cpp/include/behaviortree_cpp/leaf_node.h:17\x1b[m\x1b[K,\n'}
[2.918099] (mercury_autonomy) StderrLine: {'line': b'                 from \x1b[01m\x1b[K/home/bobdobchob/osu-uwrt/development/software/install/behaviortree_cpp/include/behaviortree_cpp/action_node.h:17\x1b[m\x1b[K,\n'}
[2.918126] (mercury_autonomy) StderrLine: {'line': b'                 from \x1b[01m\x1b[K/home/bobdobchob/osu-uwrt/development/software/install/behaviortree_cpp/include/behaviortree_cpp/behavior_tree.h:16\x1b[m\x1b[K,\n'}
[2.918153] (mercury_autonomy) StderrLine: {'line': b'                 from \x1b[01m\x1b[K/home/bobdobchob/osu-uwrt/development/software/src/mercury_autonomy/mercury_autonomy/include/mercury_autonomy/autonomy_base.hpp:15\x1b[m\x1b[K,\n'}
[2.918181] (mercury_autonomy) StderrLine: {'line': b'                 from \x1b[01m\x1b[K/home/bobdobchob/osu-uwrt/development/software/src/mercury_autonomy/mercury_autonomy/include/mercury_autonomy/autonomy_lib.hpp:6\x1b[m\x1b[K,\n'}
[2.918208] (mercury_autonomy) StderrLine: {'line': b'                 from \x1b[01m\x1b[K/home/bobdobchob/osu-uwrt/development/software/src/mercury_autonomy/mercury_autonomy/include/mercury_autonomy/bt_actions/publish_to_controller.hpp:5\x1b[m\x1b[K,\n'}
[2.918232] (mercury_autonomy) StderrLine: {'line': b'                 from \x1b[01m\x1b[K/home/bobdobchob/osu-uwrt/development/software/src/mercury_autonomy/mercury_autonomy/src/bt_actions/publish_to_controller.cpp:3\x1b[m\x1b[K:\n'}
[2.918257] (mercury_autonomy) StderrLine: {'line': b'\x1b[01m\x1b[K/home/bobdobchob/osu-uwrt/development/software/install/behaviortree_cpp/include/behaviortree_cpp/basic_types.h:484:1:\x1b[m\x1b[K \x1b[01;36m\x1b[Knote: \x1b[m\x1b[Kcandidate: \xe2\x80\x98\x1b[01m\x1b[Kstd::pair<std::__cxx11::basic_string<char>, BT::PortInfo> BT::InputPort(BT::StringView, BT::StringView) [with T = int; BT::StringView = std::basic_string_view<char>]\x1b[m\x1b[K\xe2\x80\x99 (near match)\n'}
[2.918284] (mercury_autonomy) StderrLine: {'line': b'  484 | \x1b[01;36m\x1b[KInputPort\x1b[m\x1b[K(StringView name, StringView description = {})\n'}
[2.918309] (mercury_autonomy) StderrLine: {'line': b'      | \x1b[01;36m\x1b[K^~~~~~~~~\x1b[m\x1b[K\n'}
[2.918334] (mercury_autonomy) StderrLine: {'line': b'\x1b[01m\x1b[K/home/bobdobchob/osu-uwrt/development/software/install/behaviortree_cpp/include/behaviortree_cpp/basic_types.h:484:1:\x1b[m\x1b[K \x1b[01;36m\x1b[Knote: \x1b[m\x1b[K  conversion of argument 2 would be ill-formed:\n'}
[2.918360] (mercury_autonomy) StderrLine: {'line': b'In file included from \x1b[01m\x1b[K/home/bobdobchob/osu-uwrt/development/software/src/mercury_autonomy/mercury_autonomy/src/bt_actions/publish_to_controller.cpp:3\x1b[m\x1b[K:\n'}
[2.918386] (mercury_autonomy) StderrLine: {'line': b'\x1b[01m\x1b[K/home/bobdobchob/osu-uwrt/development/software/src/mercury_autonomy/mercury_autonomy/include/mercury_autonomy/bt_actions/publish_to_controller.hpp:22:34:\x1b[m\x1b[K \x1b[01;31m\x1b[Kerror: \x1b[m\x1b[Kinvalid conversion from \xe2\x80\x98\x1b[01m\x1b[Kint\x1b[m\x1b[K\xe2\x80\x99 to \xe2\x80\x98\x1b[01m\x1b[Kconst char*\x1b[m\x1b[K\xe2\x80\x99 [\x1b[01;31m\x1b[K\x1b]8;;https://gcc.gnu.org/onlinedocs/gcc/Warning-Options.html#index-fpermissive\x07-fpermissive\x1b]8;;\x07\x1b[m\x1b[K]\n'}
[2.918414] (mercury_autonomy) StderrLine: {'line': b'   22 |       BT::InputPort<int>("mode", \x1b[01;31m\x1b[K3\x1b[m\x1b[K),\n'}
[2.918438] (mercury_autonomy) StderrLine: {'line': b'      |                                  \x1b[01;31m\x1b[K^\x1b[m\x1b[K\n'}
[2.918462] (mercury_autonomy) StderrLine: {'line': b'      |                                  \x1b[01;31m\x1b[K|\x1b[m\x1b[K\n'}
[2.918487] (mercury_autonomy) StderrLine: {'line': b'      |                                  \x1b[01;31m\x1b[Kint\x1b[m\x1b[K\n'}
[2.918511] (mercury_autonomy) StderrLine: {'line': b'In file included from \x1b[01m\x1b[K/usr/include/c++/11/bits/basic_string.h:48\x1b[m\x1b[K,\n'}
[2.918536] (mercury_autonomy) StderrLine: {'line': b'                 from \x1b[01m\x1b[K/usr/include/c++/11/string:55\x1b[m\x1b[K,\n'}
[2.918561] (mercury_autonomy) StderrLine: {'line': b'                 from \x1b[01m\x1b[K/home/bobdobchob/osu-uwrt/development/software/src/mercury_autonomy/mercury_autonomy/include/mercury_autonomy/autonomy_base.hpp:11\x1b[m\x1b[K,\n'}
[2.918586] (mercury_autonomy) StderrLine: {'line': b'                 from \x1b[01m\x1b[K/home/bobdobchob/osu-uwrt/development/software/src/mercury_autonomy/mercury_autonomy/include/mercury_autonomy/autonomy_lib.hpp:6\x1b[m\x1b[K,\n'}
[2.918614] (mercury_autonomy) StderrLine: {'line': b'                 from \x1b[01m\x1b[K/home/bobdobchob/osu-uwrt/development/software/src/mercury_autonomy/mercury_autonomy/include/mercury_autonomy/bt_actions/publish_to_controller.hpp:5\x1b[m\x1b[K,\n'}
[2.918638] (mercury_autonomy) StderrLine: {'line': b'                 from \x1b[01m\x1b[K/home/bobdobchob/osu-uwrt/development/software/src/mercury_autonomy/mercury_autonomy/src/bt_actions/publish_to_controller.cpp:3\x1b[m\x1b[K:\n'}
[2.918663] (mercury_autonomy) StderrLine: {'line': b'\x1b[01m\x1b[K/usr/include/c++/11/string_view:131:39:\x1b[m\x1b[K \x1b[01;36m\x1b[Knote: \x1b[m\x1b[K  initializing argument 1 of \xe2\x80\x98\x1b[01m\x1b[Kconstexpr std::basic_string_view<_CharT, _Traits>::basic_string_view(const _CharT*) [with _CharT = char; _Traits = std::char_traits<char>]\x1b[m\x1b[K\xe2\x80\x99\n'}
[2.918690] (mercury_autonomy) StderrLine: {'line': b'  131 |       basic_string_view(\x1b[01;36m\x1b[Kconst _CharT* __str\x1b[m\x1b[K) noexcept\n'}
[2.918715] (mercury_autonomy) StderrLine: {'line': b'      |                         \x1b[01;36m\x1b[K~~~~~~~~~~~~~~^~~~~\x1b[m\x1b[K\n'}
[2.918740] (mercury_autonomy) StderrLine: {'line': b'In file included from \x1b[01m\x1b[K/home/bobdobchob/osu-uwrt/development/software/install/behaviortree_cpp/include/behaviortree_cpp/tree_node.h:16\x1b[m\x1b[K,\n'}
[2.918767] (mercury_autonomy) StderrLine: {'line': b'                 from \x1b[01m\x1b[K/home/bobdobchob/osu-uwrt/development/software/install/behaviortree_cpp/include/behaviortree_cpp/leaf_node.h:17\x1b[m\x1b[K,\n'}
[2.918793] (mercury_autonomy) StderrLine: {'line': b'                 from \x1b[01m\x1b[K/home/bobdobchob/osu-uwrt/development/software/install/behaviortree_cpp/include/behaviortree_cpp/action_node.h:17\x1b[m\x1b[K,\n'}
[2.918820] (mercury_autonomy) StderrLine: {'line': b'                 from \x1b[01m\x1b[K/home/bobdobchob/osu-uwrt/development/software/install/behaviortree_cpp/include/behaviortree_cpp/behavior_tree.h:16\x1b[m\x1b[K,\n'}
[2.918847] (mercury_autonomy) StderrLine: {'line': b'                 from \x1b[01m\x1b[K/home/bobdobchob/osu-uwrt/development/software/src/mercury_autonomy/mercury_autonomy/include/mercury_autonomy/autonomy_base.hpp:15\x1b[m\x1b[K,\n'}
[2.918872] (mercury_autonomy) StderrLine: {'line': b'                 from \x1b[01m\x1b[K/home/bobdobchob/osu-uwrt/development/software/src/mercury_autonomy/mercury_autonomy/include/mercury_autonomy/autonomy_lib.hpp:6\x1b[m\x1b[K,\n'}
[2.918905] (mercury_autonomy) StderrLine: {'line': b'                 from \x1b[01m\x1b[K/home/bobdobchob/osu-uwrt/development/software/src/mercury_autonomy/mercury_autonomy/include/mercury_autonomy/bt_actions/publish_to_controller.hpp:5\x1b[m\x1b[K,\n'}
[2.918931] (mercury_autonomy) StderrLine: {'line': b'                 from \x1b[01m\x1b[K/home/bobdobchob/osu-uwrt/development/software/src/mercury_autonomy/mercury_autonomy/src/bt_actions/publish_to_controller.cpp:3\x1b[m\x1b[K:\n'}
[2.918957] (mercury_autonomy) StderrLine: {'line': b'\x1b[01m\x1b[K/home/bobdobchob/osu-uwrt/development/software/install/behaviortree_cpp/include/behaviortree_cpp/basic_types.h:554:1:\x1b[m\x1b[K \x1b[01;36m\x1b[Knote: \x1b[m\x1b[Kcandidate: \xe2\x80\x98\x1b[01m\x1b[Ktemplate<class T, class DefaultT> std::pair<std::__cxx11::basic_string<char>, BT::PortInfo> BT::InputPort(BT::StringView, const DefaultT&, BT::StringView)\x1b[m\x1b[K\xe2\x80\x99\n'}
[2.918984] (mercury_autonomy) StderrLine: {'line': b'  554 | \x1b[01;36m\x1b[KInputPort\x1b[m\x1b[K(StringView name, const DefaultT& default_value, StringView description)\n'}
[2.919009] (mercury_autonomy) StderrLine: {'line': b'      | \x1b[01;36m\x1b[K^~~~~~~~~\x1b[m\x1b[K\n'}
[2.919034] (mercury_autonomy) StderrLine: {'line': b'\x1b[01m\x1b[K/home/bobdobchob/osu-uwrt/development/software/install/behaviortree_cpp/include/behaviortree_cpp/basic_types.h:554:1:\x1b[m\x1b[K \x1b[01;36m\x1b[Knote: \x1b[m\x1b[K  template argument deduction/substitution failed:\n'}
[2.919060] (mercury_autonomy) StderrLine: {'line': b'In file included from \x1b[01m\x1b[K/home/bobdobchob/osu-uwrt/development/software/src/mercury_autonomy/mercury_autonomy/src/bt_actions/publish_to_controller.cpp:3\x1b[m\x1b[K:\n'}
[2.919086] (mercury_autonomy) StderrLine: {'line': b'\x1b[01m\x1b[K/home/bobdobchob/osu-uwrt/development/software/src/mercury_autonomy/mercury_autonomy/include/mercury_autonomy/bt_actions/publish_to_controller.hpp:22:25:\x1b[m\x1b[K \x1b[01;36m\x1b[Knote: \x1b[m\x1b[K  candidate expects 3 arguments, 2 provided\n'}
[2.919109] (mercury_autonomy) StderrLine: {'line': b'   22 |       \x1b[01;36m\x1b[KBT::InputPort<int>("mode", 3)\x1b[m\x1b[K,\n'}
[2.919132] (mercury_autonomy) StderrLine: {'line': b'      |       \x1b[01;36m\x1b[K~~~~~~~~~~~~~~~~~~^~~~~~~~~~~\x1b[m\x1b[K\n'}
[2.919154] (mercury_autonomy) StderrLine: {'line': b'\x1b[01m\x1b[K/home/bobdobchob/osu-uwrt/development/software/src/mercury_autonomy/mercury_autonomy/include/mercury_autonomy/bt_actions/publish_to_controller.hpp:23:28:\x1b[m\x1b[K \x1b[01;31m\x1b[Kerror: \x1b[m\x1b[Kno matching function for call to \xe2\x80\x98\x1b[01m\x1b[KInputPort<double>(const char [2], double)\x1b[m\x1b[K\xe2\x80\x99\n'}
[2.919180] (mercury_autonomy) StderrLine: {'line': b'   23 |       \x1b[01;31m\x1b[KBT::InputPort<double>("x", 0.0)\x1b[m\x1b[K,\n'}
[2.919204] (mercury_autonomy) StderrLine: {'line': b'      |       \x1b[01;31m\x1b[K~~~~~~~~~~~~~~~~~~~~~^~~~~~~~~~\x1b[m\x1b[K\n'}
[2.919228] (mercury_autonomy) StderrLine: {'line': b'In file included from \x1b[01m\x1b[K/home/bobdobchob/osu-uwrt/development/software/install/behaviortree_cpp/include/behaviortree_cpp/tree_node.h:16\x1b[m\x1b[K,\n'}
[2.919253] (mercury_autonomy) StderrLine: {'line': b'                 from \x1b[01m\x1b[K/home/bobdobchob/osu-uwrt/development/software/install/behaviortree_cpp/include/behaviortree_cpp/leaf_node.h:17\x1b[m\x1b[K,\n'}
[2.919277] (mercury_autonomy) StderrLine: {'line': b'                 from \x1b[01m\x1b[K/home/bobdobchob/osu-uwrt/development/software/install/behaviortree_cpp/include/behaviortree_cpp/action_node.h:17\x1b[m\x1b[K,\n'}
[2.919303] (mercury_autonomy) StderrLine: {'line': b'                 from \x1b[01m\x1b[K/home/bobdobchob/osu-uwrt/development/software/install/behaviortree_cpp/include/behaviortree_cpp/behavior_tree.h:16\x1b[m\x1b[K,\n'}
[2.919329] (mercury_autonomy) StderrLine: {'line': b'                 from \x1b[01m\x1b[K/home/bobdobchob/osu-uwrt/development/software/src/mercury_autonomy/mercury_autonomy/include/mercury_autonomy/autonomy_base.hpp:15\x1b[m\x1b[K,\n'}
[2.919355] (mercury_autonomy) StderrLine: {'line': b'                 from \x1b[01m\x1b[K/home/bobdobchob/osu-uwrt/development/software/src/mercury_autonomy/mercury_autonomy/include/mercury_autonomy/autonomy_lib.hpp:6\x1b[m\x1b[K,\n'}
[2.919380] (mercury_autonomy) StderrLine: {'line': b'                 from \x1b[01m\x1b[K/home/bobdobchob/osu-uwrt/development/software/src/mercury_autonomy/mercury_autonomy/include/mercury_autonomy/bt_actions/publish_to_controller.hpp:5\x1b[m\x1b[K,\n'}
[2.919405] (mercury_autonomy) StderrLine: {'line': b'                 from \x1b[01m\x1b[K/home/bobdobchob/osu-uwrt/development/software/src/mercury_autonomy/mercury_autonomy/src/bt_actions/publish_to_controller.cpp:3\x1b[m\x1b[K:\n'}
[2.919434] (mercury_autonomy) StderrLine: {'line': b'\x1b[01m\x1b[K/home/bobdobchob/osu-uwrt/development/software/install/behaviortree_cpp/include/behaviortree_cpp/basic_types.h:484:1:\x1b[m\x1b[K \x1b[01;36m\x1b[Knote: \x1b[m\x1b[Kcandidate: \xe2\x80\x98\x1b[01m\x1b[Kstd::pair<std::__cxx11::basic_string<char>, BT::PortInfo> BT::InputPort(BT::StringView, BT::StringView) [with T = double; BT::StringView = std::basic_string_view<char>]\x1b[m\x1b[K\xe2\x80\x99\n'}
[2.919464] (mercury_autonomy) StderrLine: {'line': b'  484 | \x1b[01;36m\x1b[KInputPort\x1b[m\x1b[K(StringView name, StringView description = {})\n'}
[2.919490] (mercury_autonomy) StderrLine: {'line': b'      | \x1b[01;36m\x1b[K^~~~~~~~~\x1b[m\x1b[K\n'}
[2.919514] (mercury_autonomy) StderrLine: {'line': b'\x1b[01m\x1b[K/home/bobdobchob/osu-uwrt/development/software/install/behaviortree_cpp/include/behaviortree_cpp/basic_types.h:484:39:\x1b[m\x1b[K \x1b[01;36m\x1b[Knote: \x1b[m\x1b[K  no known conversion for argument 2 from \xe2\x80\x98\x1b[01m\x1b[Kdouble\x1b[m\x1b[K\xe2\x80\x99 to \xe2\x80\x98\x1b[01m\x1b[KBT::StringView\x1b[m\x1b[K\xe2\x80\x99 {aka \xe2\x80\x98\x1b[01m\x1b[Kstd::basic_string_view<char>\x1b[m\x1b[K\xe2\x80\x99}\n'}
[2.919543] (mercury_autonomy) StderrLine: {'line': b'  484 | InputPort(StringView name, \x1b[01;36m\x1b[KStringView description = {}\x1b[m\x1b[K)\n'}
[2.919568] (mercury_autonomy) StderrLine: {'line': b'      |                            \x1b[01;36m\x1b[K~~~~~~~~~~~^~~~~~~~~~~~~~~~\x1b[m\x1b[K\n'}
[2.919592] (mercury_autonomy) StderrLine: {'line': b'\x1b[01m\x1b[K/home/bobdobchob/osu-uwrt/development/software/install/behaviortree_cpp/include/behaviortree_cpp/basic_types.h:554:1:\x1b[m\x1b[K \x1b[01;36m\x1b[Knote: \x1b[m\x1b[Kcandidate: \xe2\x80\x98\x1b[01m\x1b[Ktemplate<class T, class DefaultT> std::pair<std::__cxx11::basic_string<char>, BT::PortInfo> BT::InputPort(BT::StringView, const DefaultT&, BT::StringView)\x1b[m\x1b[K\xe2\x80\x99\n'}
[2.919619] (mercury_autonomy) StderrLine: {'line': b'  554 | \x1b[01;36m\x1b[KInputPort\x1b[m\x1b[K(StringView name, const DefaultT& default_value, StringView description)\n'}
[2.919644] (mercury_autonomy) StderrLine: {'line': b'      | \x1b[01;36m\x1b[K^~~~~~~~~\x1b[m\x1b[K\n'}
[2.919668] (mercury_autonomy) StderrLine: {'line': b'\x1b[01m\x1b[K/home/bobdobchob/osu-uwrt/development/software/install/behaviortree_cpp/include/behaviortree_cpp/basic_types.h:554:1:\x1b[m\x1b[K \x1b[01;36m\x1b[Knote: \x1b[m\x1b[K  template argument deduction/substitution failed:\n'}
[2.919694] (mercury_autonomy) StderrLine: {'line': b'In file included from \x1b[01m\x1b[K/home/bobdobchob/osu-uwrt/development/software/src/mercury_autonomy/mercury_autonomy/src/bt_actions/publish_to_controller.cpp:3\x1b[m\x1b[K:\n'}
[2.919718] (mercury_autonomy) StderrLine: {'line': b'\x1b[01m\x1b[K/home/bobdobchob/osu-uwrt/development/software/src/mercury_autonomy/mercury_autonomy/include/mercury_autonomy/bt_actions/publish_to_controller.hpp:23:28:\x1b[m\x1b[K \x1b[01;36m\x1b[Knote: \x1b[m\x1b[K  candidate expects 3 arguments, 2 provided\n'}
[2.919740] (mercury_autonomy) StderrLine: {'line': b'   23 |       \x1b[01;36m\x1b[KBT::InputPort<double>("x", 0.0)\x1b[m\x1b[K,\n'}
[2.919761] (mercury_autonomy) StderrLine: {'line': b'      |       \x1b[01;36m\x1b[K~~~~~~~~~~~~~~~~~~~~~^~~~~~~~~~\x1b[m\x1b[K\n'}
[2.919783] (mercury_autonomy) StderrLine: {'line': b'\x1b[01m\x1b[K/home/bobdobchob/osu-uwrt/development/software/src/mercury_autonomy/mercury_autonomy/include/mercury_autonomy/bt_actions/publish_to_controller.hpp:24:28:\x1b[m\x1b[K \x1b[01;31m\x1b[Kerror: \x1b[m\x1b[Kno matching function for call to \xe2\x80\x98\x1b[01m\x1b[KInputPort<double>(const char [2], double)\x1b[m\x1b[K\xe2\x80\x99\n'}
[2.919808] (mercury_autonomy) StderrLine: {'line': b'   24 |       \x1b[01;31m\x1b[KBT::InputPort<double>("y", 0.0)\x1b[m\x1b[K,\n'}
[2.919832] (mercury_autonomy) StderrLine: {'line': b'      |       \x1b[01;31m\x1b[K~~~~~~~~~~~~~~~~~~~~~^~~~~~~~~~\x1b[m\x1b[K\n'}
[2.919856] (mercury_autonomy) StderrLine: {'line': b'In file included from \x1b[01m\x1b[K/home/bobdobchob/osu-uwrt/development/software/install/behaviortree_cpp/include/behaviortree_cpp/tree_node.h:16\x1b[m\x1b[K,\n'}
[2.919880] (mercury_autonomy) StderrLine: {'line': b'                 from \x1b[01m\x1b[K/home/bobdobchob/osu-uwrt/development/software/install/behaviortree_cpp/include/behaviortree_cpp/leaf_node.h:17\x1b[m\x1b[K,\n'}
[2.919909] (mercury_autonomy) StderrLine: {'line': b'                 from \x1b[01m\x1b[K/home/bobdobchob/osu-uwrt/development/software/install/behaviortree_cpp/include/behaviortree_cpp/action_node.h:17\x1b[m\x1b[K,\n'}
[2.919933] (mercury_autonomy) StderrLine: {'line': b'                 from \x1b[01m\x1b[K/home/bobdobchob/osu-uwrt/development/software/install/behaviortree_cpp/include/behaviortree_cpp/behavior_tree.h:16\x1b[m\x1b[K,\n'}
[2.919957] (mercury_autonomy) StderrLine: {'line': b'                 from \x1b[01m\x1b[K/home/bobdobchob/osu-uwrt/development/software/src/mercury_autonomy/mercury_autonomy/include/mercury_autonomy/autonomy_base.hpp:15\x1b[m\x1b[K,\n'}
[2.919985] (mercury_autonomy) StderrLine: {'line': b'                 from \x1b[01m\x1b[K/home/bobdobchob/osu-uwrt/development/software/src/mercury_autonomy/mercury_autonomy/include/mercury_autonomy/autonomy_lib.hpp:6\x1b[m\x1b[K,\n'}
[2.920010] (mercury_autonomy) StderrLine: {'line': b'                 from \x1b[01m\x1b[K/home/bobdobchob/osu-uwrt/development/software/src/mercury_autonomy/mercury_autonomy/include/mercury_autonomy/bt_actions/publish_to_controller.hpp:5\x1b[m\x1b[K,\n'}
[2.920034] (mercury_autonomy) StderrLine: {'line': b'                 from \x1b[01m\x1b[K/home/bobdobchob/osu-uwrt/development/software/src/mercury_autonomy/mercury_autonomy/src/bt_actions/publish_to_controller.cpp:3\x1b[m\x1b[K:\n'}
[2.920058] (mercury_autonomy) StderrLine: {'line': b'\x1b[01m\x1b[K/home/bobdobchob/osu-uwrt/development/software/install/behaviortree_cpp/include/behaviortree_cpp/basic_types.h:484:1:\x1b[m\x1b[K \x1b[01;36m\x1b[Knote: \x1b[m\x1b[Kcandidate: \xe2\x80\x98\x1b[01m\x1b[Kstd::pair<std::__cxx11::basic_string<char>, BT::PortInfo> BT::InputPort(BT::StringView, BT::StringView) [with T = double; BT::StringView = std::basic_string_view<char>]\x1b[m\x1b[K\xe2\x80\x99\n'}
[2.920089] (mercury_autonomy) StderrLine: {'line': b'  484 | \x1b[01;36m\x1b[KInputPort\x1b[m\x1b[K(StringView name, StringView description = {})\n'}
[2.920116] (mercury_autonomy) StderrLine: {'line': b'      | \x1b[01;36m\x1b[K^~~~~~~~~\x1b[m\x1b[K\n'}
[2.920141] (mercury_autonomy) StderrLine: {'line': b'\x1b[01m\x1b[K/home/bobdobchob/osu-uwrt/development/software/install/behaviortree_cpp/include/behaviortree_cpp/basic_types.h:484:39:\x1b[m\x1b[K \x1b[01;36m\x1b[Knote: \x1b[m\x1b[K  no known conversion for argument 2 from \xe2\x80\x98\x1b[01m\x1b[Kdouble\x1b[m\x1b[K\xe2\x80\x99 to \xe2\x80\x98\x1b[01m\x1b[KBT::StringView\x1b[m\x1b[K\xe2\x80\x99 {aka \xe2\x80\x98\x1b[01m\x1b[Kstd::basic_string_view<char>\x1b[m\x1b[K\xe2\x80\x99}\n'}
[2.920170] (mercury_autonomy) StderrLine: {'line': b'  484 | InputPort(StringView name, \x1b[01;36m\x1b[KStringView description = {}\x1b[m\x1b[K)\n'}
[2.920195] (mercury_autonomy) StderrLine: {'line': b'      |                            \x1b[01;36m\x1b[K~~~~~~~~~~~^~~~~~~~~~~~~~~~\x1b[m\x1b[K\n'}
[2.920220] (mercury_autonomy) StderrLine: {'line': b'\x1b[01m\x1b[K/home/bobdobchob/osu-uwrt/development/software/install/behaviortree_cpp/include/behaviortree_cpp/basic_types.h:554:1:\x1b[m\x1b[K \x1b[01;36m\x1b[Knote: \x1b[m\x1b[Kcandidate: \xe2\x80\x98\x1b[01m\x1b[Ktemplate<class T, class DefaultT> std::pair<std::__cxx11::basic_string<char>, BT::PortInfo> BT::InputPort(BT::StringView, const DefaultT&, BT::StringView)\x1b[m\x1b[K\xe2\x80\x99\n'}
[2.920246] (mercury_autonomy) StderrLine: {'line': b'  554 | \x1b[01;36m\x1b[KInputPort\x1b[m\x1b[K(StringView name, const DefaultT& default_value, StringView description)\n'}
[2.920271] (mercury_autonomy) StderrLine: {'line': b'      | \x1b[01;36m\x1b[K^~~~~~~~~\x1b[m\x1b[K\n'}
[2.920295] (mercury_autonomy) StderrLine: {'line': b'\x1b[01m\x1b[K/home/bobdobchob/osu-uwrt/development/software/install/behaviortree_cpp/include/behaviortree_cpp/basic_types.h:554:1:\x1b[m\x1b[K \x1b[01;36m\x1b[Knote: \x1b[m\x1b[K  template argument deduction/substitution failed:\n'}
[2.920321] (mercury_autonomy) StderrLine: {'line': b'In file included from \x1b[01m\x1b[K/home/bobdobchob/osu-uwrt/development/software/src/mercury_autonomy/mercury_autonomy/src/bt_actions/publish_to_controller.cpp:3\x1b[m\x1b[K:\n'}
[2.920345] (mercury_autonomy) StderrLine: {'line': b'\x1b[01m\x1b[K/home/bobdobchob/osu-uwrt/development/software/src/mercury_autonomy/mercury_autonomy/include/mercury_autonomy/bt_actions/publish_to_controller.hpp:24:28:\x1b[m\x1b[K \x1b[01;36m\x1b[Knote: \x1b[m\x1b[K  candidate expects 3 arguments, 2 provided\n'}
[2.920370] (mercury_autonomy) StderrLine: {'line': b'   24 |       \x1b[01;36m\x1b[KBT::InputPort<double>("y", 0.0)\x1b[m\x1b[K,\n'}
[2.920396] (mercury_autonomy) StderrLine: {'line': b'      |       \x1b[01;36m\x1b[K~~~~~~~~~~~~~~~~~~~~~^~~~~~~~~~\x1b[m\x1b[K\n'}
[2.920421] (mercury_autonomy) StderrLine: {'line': b'\x1b[01m\x1b[K/home/bobdobchob/osu-uwrt/development/software/src/mercury_autonomy/mercury_autonomy/include/mercury_autonomy/bt_actions/publish_to_controller.hpp:25:28:\x1b[m\x1b[K \x1b[01;31m\x1b[Kerror: \x1b[m\x1b[Kno matching function for call to \xe2\x80\x98\x1b[01m\x1b[KInputPort<double>(const char [2], double)\x1b[m\x1b[K\xe2\x80\x99\n'}
[2.920446] (mercury_autonomy) StderrLine: {'line': b'   25 |       \x1b[01;31m\x1b[KBT::InputPort<double>("z", 0.0)\x1b[m\x1b[K,\n'}
[2.920471] (mercury_autonomy) StderrLine: {'line': b'      |       \x1b[01;31m\x1b[K~~~~~~~~~~~~~~~~~~~~~^~~~~~~~~~\x1b[m\x1b[K\n'}
[2.920498] (mercury_autonomy) StderrLine: {'line': b'In file included from \x1b[01m\x1b[K/home/bobdobchob/osu-uwrt/development/software/install/behaviortree_cpp/include/behaviortree_cpp/tree_node.h:16\x1b[m\x1b[K,\n'}
[2.920522] (mercury_autonomy) StderrLine: {'line': b'                 from \x1b[01m\x1b[K/home/bobdobchob/osu-uwrt/development/software/install/behaviortree_cpp/include/behaviortree_cpp/leaf_node.h:17\x1b[m\x1b[K,\n'}
[2.920547] (mercury_autonomy) StderrLine: {'line': b'                 from \x1b[01m\x1b[K/home/bobdobchob/osu-uwrt/development/software/install/behaviortree_cpp/include/behaviortree_cpp/action_node.h:17\x1b[m\x1b[K,\n'}
[2.920572] (mercury_autonomy) StderrLine: {'line': b'                 from \x1b[01m\x1b[K/home/bobdobchob/osu-uwrt/development/software/install/behaviortree_cpp/include/behaviortree_cpp/behavior_tree.h:16\x1b[m\x1b[K,\n'}
[2.920597] (mercury_autonomy) StderrLine: {'line': b'                 from \x1b[01m\x1b[K/home/bobdobchob/osu-uwrt/development/software/src/mercury_autonomy/mercury_autonomy/include/mercury_autonomy/autonomy_base.hpp:15\x1b[m\x1b[K,\n'}
[2.920622] (mercury_autonomy) StderrLine: {'line': b'                 from \x1b[01m\x1b[K/home/bobdobchob/osu-uwrt/development/software/src/mercury_autonomy/mercury_autonomy/include/mercury_autonomy/autonomy_lib.hpp:6\x1b[m\x1b[K,\n'}
[2.920647] (mercury_autonomy) StderrLine: {'line': b'                 from \x1b[01m\x1b[K/home/bobdobchob/osu-uwrt/development/software/src/mercury_autonomy/mercury_autonomy/include/mercury_autonomy/bt_actions/publish_to_controller.hpp:5\x1b[m\x1b[K,\n'}
[2.920672] (mercury_autonomy) StderrLine: {'line': b'                 from \x1b[01m\x1b[K/home/bobdobchob/osu-uwrt/development/software/src/mercury_autonomy/mercury_autonomy/src/bt_actions/publish_to_controller.cpp:3\x1b[m\x1b[K:\n'}
[2.920697] (mercury_autonomy) StderrLine: {'line': b'\x1b[01m\x1b[K/home/bobdobchob/osu-uwrt/development/software/install/behaviortree_cpp/include/behaviortree_cpp/basic_types.h:484:1:\x1b[m\x1b[K \x1b[01;36m\x1b[Knote: \x1b[m\x1b[Kcandidate: \xe2\x80\x98\x1b[01m\x1b[Kstd::pair<std::__cxx11::basic_string<char>, BT::PortInfo> BT::InputPort(BT::StringView, BT::StringView) [with T = double; BT::StringView = std::basic_string_view<char>]\x1b[m\x1b[K\xe2\x80\x99\n'}
[2.920727] (mercury_autonomy) StderrLine: {'line': b'  484 | \x1b[01;36m\x1b[KInputPort\x1b[m\x1b[K(StringView name, StringView description = {})\n'}
[2.920754] (mercury_autonomy) StderrLine: {'line': b'      | \x1b[01;36m\x1b[K^~~~~~~~~\x1b[m\x1b[K\n'}
[2.920779] (mercury_autonomy) StderrLine: {'line': b'\x1b[01m\x1b[K/home/bobdobchob/osu-uwrt/development/software/install/behaviortree_cpp/include/behaviortree_cpp/basic_types.h:484:39:\x1b[m\x1b[K \x1b[01;36m\x1b[Knote: \x1b[m\x1b[K  no known conversion for argument 2 from \xe2\x80\x98\x1b[01m\x1b[Kdouble\x1b[m\x1b[K\xe2\x80\x99 to \xe2\x80\x98\x1b[01m\x1b[KBT::StringView\x1b[m\x1b[K\xe2\x80\x99 {aka \xe2\x80\x98\x1b[01m\x1b[Kstd::basic_string_view<char>\x1b[m\x1b[K\xe2\x80\x99}\n'}
[2.920804] (mercury_autonomy) StderrLine: {'line': b'  484 | InputPort(StringView name, \x1b[01;36m\x1b[KStringView description = {}\x1b[m\x1b[K)\n'}
[2.920831] (mercury_autonomy) StderrLine: {'line': b'      |                            \x1b[01;36m\x1b[K~~~~~~~~~~~^~~~~~~~~~~~~~~~\x1b[m\x1b[K\n'}
[2.920857] (mercury_autonomy) StderrLine: {'line': b'\x1b[01m\x1b[K/home/bobdobchob/osu-uwrt/development/software/install/behaviortree_cpp/include/behaviortree_cpp/basic_types.h:554:1:\x1b[m\x1b[K \x1b[01;36m\x1b[Knote: \x1b[m\x1b[Kcandidate: \xe2\x80\x98\x1b[01m\x1b[Ktemplate<class T, class DefaultT> std::pair<std::__cxx11::basic_string<char>, BT::PortInfo> BT::InputPort(BT::StringView, const DefaultT&, BT::StringView)\x1b[m\x1b[K\xe2\x80\x99\n'}
[2.920885] (mercury_autonomy) StderrLine: {'line': b'  554 | \x1b[01;36m\x1b[KInputPort\x1b[m\x1b[K(StringView name, const DefaultT& default_value, StringView description)\n'}
[2.920918] (mercury_autonomy) StderrLine: {'line': b'      | \x1b[01;36m\x1b[K^~~~~~~~~\x1b[m\x1b[K\n'}
[2.920943] (mercury_autonomy) StderrLine: {'line': b'\x1b[01m\x1b[K/home/bobdobchob/osu-uwrt/development/software/install/behaviortree_cpp/include/behaviortree_cpp/basic_types.h:554:1:\x1b[m\x1b[K \x1b[01;36m\x1b[Knote: \x1b[m\x1b[K  template argument deduction/substitution failed:\n'}
[2.920969] (mercury_autonomy) StderrLine: {'line': b'In file included from \x1b[01m\x1b[K/home/bobdobchob/osu-uwrt/development/software/src/mercury_autonomy/mercury_autonomy/src/bt_actions/publish_to_controller.cpp:3\x1b[m\x1b[K:\n'}
[2.920994] (mercury_autonomy) StderrLine: {'line': b'\x1b[01m\x1b[K/home/bobdobchob/osu-uwrt/development/software/src/mercury_autonomy/mercury_autonomy/include/mercury_autonomy/bt_actions/publish_to_controller.hpp:25:28:\x1b[m\x1b[K \x1b[01;36m\x1b[Knote: \x1b[m\x1b[K  candidate expects 3 arguments, 2 provided\n'}
[2.921020] (mercury_autonomy) StderrLine: {'line': b'   25 |       \x1b[01;36m\x1b[KBT::InputPort<double>("z", 0.0)\x1b[m\x1b[K,\n'}
[2.921046] (mercury_autonomy) StderrLine: {'line': b'      |       \x1b[01;36m\x1b[K~~~~~~~~~~~~~~~~~~~~~^~~~~~~~~~\x1b[m\x1b[K\n'}
[2.921071] (mercury_autonomy) StderrLine: {'line': b'\x1b[01m\x1b[K/home/bobdobchob/osu-uwrt/development/software/src/mercury_autonomy/mercury_autonomy/include/mercury_autonomy/bt_actions/publish_to_controller.hpp:26:5:\x1b[m\x1b[K \x1b[01;31m\x1b[Kerror: \x1b[m\x1b[Kcould not convert \xe2\x80\x98\x1b[01m\x1b[K{<expression error>, <expression error>, <expression error>, <expression error>, <expression error>}\x1b[m\x1b[K\xe2\x80\x99 from \xe2\x80\x98\x1b[01m\x1b[K<brace-enclosed initializer list>\x1b[m\x1b[K\xe2\x80\x99 to \xe2\x80\x98\x1b[01m\x1b[KBT::PortsList\x1b[m\x1b[K\xe2\x80\x99 {aka \xe2\x80\x98\x1b[01m\x1b[Kstd::unordered_map<std::__cxx11::basic_string<char>, BT::PortInfo>\x1b[m\x1b[K\xe2\x80\x99}\n'}
[2.921099] (mercury_autonomy) StderrLine: {'line': b'   26 |     \x1b[01;31m\x1b[K}\x1b[m\x1b[K;\n'}
[2.921125] (mercury_autonomy) StderrLine: {'line': b'      |     \x1b[01;31m\x1b[K^\x1b[m\x1b[K\n'}
[2.921150] (mercury_autonomy) StderrLine: {'line': b'      |     \x1b[01;31m\x1b[K|\x1b[m\x1b[K\n'}
[2.921175] (mercury_autonomy) StderrLine: {'line': b'      |     \x1b[01;31m\x1b[K<brace-enclosed initializer list>\x1b[m\x1b[K\n'}
[3.014742] (-) TimerEvent: {}
[3.057012] (mercury_autonomy) StderrLine: {'line': b'In file included from \x1b[01m\x1b[K/home/bobdobchob/osu-uwrt/development/software/src/mercury_autonomy/mercury_autonomy/src/bt_actions/publish_ekf_pose.cpp:3\x1b[m\x1b[K:\n'}
[3.057340] (mercury_autonomy) StderrLine: {'line': b'\x1b[01m\x1b[K/home/bobdobchob/osu-uwrt/development/software/src/mercury_autonomy/mercury_autonomy/include/mercury_autonomy/bt_actions/publish_ekf_pose.hpp:\x1b[m\x1b[K In static member function \xe2\x80\x98\x1b[01m\x1b[Kstatic BT::PortsList mercury_autonomy::PublishEKFPose::providedPorts()\x1b[m\x1b[K\xe2\x80\x99:\n'}
[3.057391] (mercury_autonomy) StderrLine: {'line': b'\x1b[01m\x1b[K/home/bobdobchob/osu-uwrt/development/software/src/mercury_autonomy/mercury_autonomy/include/mercury_autonomy/bt_actions/publish_ekf_pose.hpp:21:28:\x1b[m\x1b[K \x1b[01;31m\x1b[Kerror: \x1b[m\x1b[Kno matching function for call to \xe2\x80\x98\x1b[01m\x1b[KInputPort<double>(const char [2], double)\x1b[m\x1b[K\xe2\x80\x99\n'}
[3.057426] (mercury_autonomy) StderrLine: {'line': b'   21 |       \x1b[01;31m\x1b[KBT::InputPort<double>("x", 0.0)\x1b[m\x1b[K,\n'}
[3.057465] (mercury_autonomy) StderrLine: {'line': b'      |       \x1b[01;31m\x1b[K~~~~~~~~~~~~~~~~~~~~~^~~~~~~~~~\x1b[m\x1b[K\n'}
[3.057494] (mercury_autonomy) StderrLine: {'line': b'In file included from \x1b[01m\x1b[K/home/bobdobchob/osu-uwrt/development/software/install/behaviortree_cpp/include/behaviortree_cpp/tree_node.h:16\x1b[m\x1b[K,\n'}
[3.057522] (mercury_autonomy) StderrLine: {'line': b'                 from \x1b[01m\x1b[K/home/bobdobchob/osu-uwrt/development/software/install/behaviortree_cpp/include/behaviortree_cpp/leaf_node.h:17\x1b[m\x1b[K,\n'}
[3.057548] (mercury_autonomy) StderrLine: {'line': b'                 from \x1b[01m\x1b[K/home/bobdobchob/osu-uwrt/development/software/install/behaviortree_cpp/include/behaviortree_cpp/action_node.h:17\x1b[m\x1b[K,\n'}
[3.057579] (mercury_autonomy) StderrLine: {'line': b'                 from \x1b[01m\x1b[K/home/bobdobchob/osu-uwrt/development/software/install/behaviortree_cpp/include/behaviortree_cpp/behavior_tree.h:16\x1b[m\x1b[K,\n'}
[3.057606] (mercury_autonomy) StderrLine: {'line': b'                 from \x1b[01m\x1b[K/home/bobdobchob/osu-uwrt/development/software/src/mercury_autonomy/mercury_autonomy/include/mercury_autonomy/autonomy_base.hpp:15\x1b[m\x1b[K,\n'}
[3.057633] (mercury_autonomy) StderrLine: {'line': b'                 from \x1b[01m\x1b[K/home/bobdobchob/osu-uwrt/development/software/src/mercury_autonomy/mercury_autonomy/include/mercury_autonomy/autonomy_lib.hpp:6\x1b[m\x1b[K,\n'}
[3.057662] (mercury_autonomy) StderrLine: {'line': b'                 from \x1b[01m\x1b[K/home/bobdobchob/osu-uwrt/development/software/src/mercury_autonomy/mercury_autonomy/include/mercury_autonomy/bt_actions/publish_ekf_pose.hpp:5\x1b[m\x1b[K,\n'}
[3.057688] (mercury_autonomy) StderrLine: {'line': b'                 from \x1b[01m\x1b[K/home/bobdobchob/osu-uwrt/development/software/src/mercury_autonomy/mercury_autonomy/src/bt_actions/publish_ekf_pose.cpp:3\x1b[m\x1b[K:\n'}
[3.057716] (mercury_autonomy) StderrLine: {'line': b'\x1b[01m\x1b[K/home/bobdobchob/osu-uwrt/development/software/install/behaviortree_cpp/include/behaviortree_cpp/basic_types.h:484:1:\x1b[m\x1b[K \x1b[01;36m\x1b[Knote: \x1b[m\x1b[Kcandidate: \xe2\x80\x98\x1b[01m\x1b[Kstd::pair<std::__cxx11::basic_string<char>, BT::PortInfo> BT::InputPort(BT::StringView, BT::StringView) [with T = double; BT::StringView = std::basic_string_view<char>]\x1b[m\x1b[K\xe2\x80\x99\n'}
[3.057745] (mercury_autonomy) StderrLine: {'line': b'  484 | \x1b[01;36m\x1b[KInputPort\x1b[m\x1b[K(StringView name, StringView description = {})\n'}
[3.057772] (mercury_autonomy) StderrLine: {'line': b'      | \x1b[01;36m\x1b[K^~~~~~~~~\x1b[m\x1b[K\n'}
[3.057798] (mercury_autonomy) StderrLine: {'line': b'\x1b[01m\x1b[K/home/bobdobchob/osu-uwrt/development/software/install/behaviortree_cpp/include/behaviortree_cpp/basic_types.h:484:39:\x1b[m\x1b[K \x1b[01;36m\x1b[Knote: \x1b[m\x1b[K  no known conversion for argument 2 from \xe2\x80\x98\x1b[01m\x1b[Kdouble\x1b[m\x1b[K\xe2\x80\x99 to \xe2\x80\x98\x1b[01m\x1b[KBT::StringView\x1b[m\x1b[K\xe2\x80\x99 {aka \xe2\x80\x98\x1b[01m\x1b[Kstd::basic_string_view<char>\x1b[m\x1b[K\xe2\x80\x99}\n'}
[3.057825] (mercury_autonomy) StderrLine: {'line': b'  484 | InputPort(StringView name, \x1b[01;36m\x1b[KStringView description = {}\x1b[m\x1b[K)\n'}
[3.057851] (mercury_autonomy) StderrLine: {'line': b'      |                            \x1b[01;36m\x1b[K~~~~~~~~~~~^~~~~~~~~~~~~~~~\x1b[m\x1b[K\n'}
[3.057876] (mercury_autonomy) StderrLine: {'line': b'\x1b[01m\x1b[K/home/bobdobchob/osu-uwrt/development/software/install/behaviortree_cpp/include/behaviortree_cpp/basic_types.h:554:1:\x1b[m\x1b[K \x1b[01;36m\x1b[Knote: \x1b[m\x1b[Kcandidate: \xe2\x80\x98\x1b[01m\x1b[Ktemplate<class T, class DefaultT> std::pair<std::__cxx11::basic_string<char>, BT::PortInfo> BT::InputPort(BT::StringView, const DefaultT&, BT::StringView)\x1b[m\x1b[K\xe2\x80\x99\n'}
[3.057910] (mercury_autonomy) StderrLine: {'line': b'  554 | \x1b[01;36m\x1b[KInputPort\x1b[m\x1b[K(StringView name, const DefaultT& default_value, StringView description)\n'}
[3.057939] (mercury_autonomy) StderrLine: {'line': b'      | \x1b[01;36m\x1b[K^~~~~~~~~\x1b[m\x1b[K\n'}
[3.057963] (mercury_autonomy) StderrLine: {'line': b'\x1b[01m\x1b[K/home/bobdobchob/osu-uwrt/development/software/install/behaviortree_cpp/include/behaviortree_cpp/basic_types.h:554:1:\x1b[m\x1b[K \x1b[01;36m\x1b[Knote: \x1b[m\x1b[K  template argument deduction/substitution failed:\n'}
[3.057987] (mercury_autonomy) StderrLine: {'line': b'In file included from \x1b[01m\x1b[K/home/bobdobchob/osu-uwrt/development/software/src/mercury_autonomy/mercury_autonomy/src/bt_actions/publish_ekf_pose.cpp:3\x1b[m\x1b[K:\n'}
[3.058010] (mercury_autonomy) StderrLine: {'line': b'\x1b[01m\x1b[K/home/bobdobchob/osu-uwrt/development/software/src/mercury_autonomy/mercury_autonomy/include/mercury_autonomy/bt_actions/publish_ekf_pose.hpp:21:28:\x1b[m\x1b[K \x1b[01;36m\x1b[Knote: \x1b[m\x1b[K  candidate expects 3 arguments, 2 provided\n'}
[3.058033] (mercury_autonomy) StderrLine: {'line': b'   21 |       \x1b[01;36m\x1b[KBT::InputPort<double>("x", 0.0)\x1b[m\x1b[K,\n'}
[3.058056] (mercury_autonomy) StderrLine: {'line': b'      |       \x1b[01;36m\x1b[K~~~~~~~~~~~~~~~~~~~~~^~~~~~~~~~\x1b[m\x1b[K\n'}
[3.058079] (mercury_autonomy) StderrLine: {'line': b'\x1b[01m\x1b[K/home/bobdobchob/osu-uwrt/development/software/src/mercury_autonomy/mercury_autonomy/include/mercury_autonomy/bt_actions/publish_ekf_pose.hpp:22:26:\x1b[m\x1b[K \x1b[01;31m\x1b[Kerror: \x1b[m\x1b[Kno matching function for call to \xe2\x80\x98\x1b[01m\x1b[KInputPort<bool>(const char [5], bool)\x1b[m\x1b[K\xe2\x80\x99\n'}
[3.058103] (mercury_autonomy) StderrLine: {'line': b'   22 |       \x1b[01;31m\x1b[KBT::InputPort<bool>("setX", false)\x1b[m\x1b[K,\n'}
[3.058125] (mercury_autonomy) StderrLine: {'line': b'      |       \x1b[01;31m\x1b[K~~~~~~~~~~~~~~~~~~~^~~~~~~~~~~~~~~\x1b[m\x1b[K\n'}
[3.058147] (mercury_autonomy) StderrLine: {'line': b'In file included from \x1b[01m\x1b[K/home/bobdobchob/osu-uwrt/development/software/install/behaviortree_cpp/include/behaviortree_cpp/tree_node.h:16\x1b[m\x1b[K,\n'}
[3.058174] (mercury_autonomy) StderrLine: {'line': b'                 from \x1b[01m\x1b[K/home/bobdobchob/osu-uwrt/development/software/install/behaviortree_cpp/include/behaviortree_cpp/leaf_node.h:17\x1b[m\x1b[K,\n'}
[3.058199] (mercury_autonomy) StderrLine: {'line': b'                 from \x1b[01m\x1b[K/home/bobdobchob/osu-uwrt/development/software/install/behaviortree_cpp/include/behaviortree_cpp/action_node.h:17\x1b[m\x1b[K,\n'}
[3.058226] (mercury_autonomy) StderrLine: {'line': b'                 from \x1b[01m\x1b[K/home/bobdobchob/osu-uwrt/development/software/install/behaviortree_cpp/include/behaviortree_cpp/behavior_tree.h:16\x1b[m\x1b[K,\n'}
[3.058248] (mercury_autonomy) StderrLine: {'line': b'                 from \x1b[01m\x1b[K/home/bobdobchob/osu-uwrt/development/software/src/mercury_autonomy/mercury_autonomy/include/mercury_autonomy/autonomy_base.hpp:15\x1b[m\x1b[K,\n'}
[3.058270] (mercury_autonomy) StderrLine: {'line': b'                 from \x1b[01m\x1b[K/home/bobdobchob/osu-uwrt/development/software/src/mercury_autonomy/mercury_autonomy/include/mercury_autonomy/autonomy_lib.hpp:6\x1b[m\x1b[K,\n'}
[3.058292] (mercury_autonomy) StderrLine: {'line': b'                 from \x1b[01m\x1b[K/home/bobdobchob/osu-uwrt/development/software/src/mercury_autonomy/mercury_autonomy/include/mercury_autonomy/bt_actions/publish_ekf_pose.hpp:5\x1b[m\x1b[K,\n'}
[3.058316] (mercury_autonomy) StderrLine: {'line': b'                 from \x1b[01m\x1b[K/home/bobdobchob/osu-uwrt/development/software/src/mercury_autonomy/mercury_autonomy/src/bt_actions/publish_ekf_pose.cpp:3\x1b[m\x1b[K:\n'}
[3.058339] (mercury_autonomy) StderrLine: {'line': b'\x1b[01m\x1b[K/home/bobdobchob/osu-uwrt/development/software/install/behaviortree_cpp/include/behaviortree_cpp/basic_types.h:484:1:\x1b[m\x1b[K \x1b[01;36m\x1b[Knote: \x1b[m\x1b[Kcandidate: \xe2\x80\x98\x1b[01m\x1b[Kstd::pair<std::__cxx11::basic_string<char>, BT::PortInfo> BT::InputPort(BT::StringView, BT::StringView) [with T = bool; BT::StringView = std::basic_string_view<char>]\x1b[m\x1b[K\xe2\x80\x99\n'}
[3.058365] (mercury_autonomy) StderrLine: {'line': b'  484 | \x1b[01;36m\x1b[KInputPort\x1b[m\x1b[K(StringView name, StringView description = {})\n'}
[3.058387] (mercury_autonomy) StderrLine: {'line': b'      | \x1b[01;36m\x1b[K^~~~~~~~~\x1b[m\x1b[K\n'}
[3.058408] (mercury_autonomy) StderrLine: {'line': b'\x1b[01m\x1b[K/home/bobdobchob/osu-uwrt/development/software/install/behaviortree_cpp/include/behaviortree_cpp/basic_types.h:484:39:\x1b[m\x1b[K \x1b[01;36m\x1b[Knote: \x1b[m\x1b[K  no known conversion for argument 2 from \xe2\x80\x98\x1b[01m\x1b[Kbool\x1b[m\x1b[K\xe2\x80\x99 to \xe2\x80\x98\x1b[01m\x1b[KBT::StringView\x1b[m\x1b[K\xe2\x80\x99 {aka \xe2\x80\x98\x1b[01m\x1b[Kstd::basic_string_view<char>\x1b[m\x1b[K\xe2\x80\x99}\n'}
[3.058434] (mercury_autonomy) StderrLine: {'line': b'  484 | InputPort(StringView name, \x1b[01;36m\x1b[KStringView description = {}\x1b[m\x1b[K)\n'}
[3.058459] (mercury_autonomy) StderrLine: {'line': b'      |                            \x1b[01;36m\x1b[K~~~~~~~~~~~^~~~~~~~~~~~~~~~\x1b[m\x1b[K\n'}
[3.058484] (mercury_autonomy) StderrLine: {'line': b'\x1b[01m\x1b[K/home/bobdobchob/osu-uwrt/development/software/install/behaviortree_cpp/include/behaviortree_cpp/basic_types.h:554:1:\x1b[m\x1b[K \x1b[01;36m\x1b[Knote: \x1b[m\x1b[Kcandidate: \xe2\x80\x98\x1b[01m\x1b[Ktemplate<class T, class DefaultT> std::pair<std::__cxx11::basic_string<char>, BT::PortInfo> BT::InputPort(BT::StringView, const DefaultT&, BT::StringView)\x1b[m\x1b[K\xe2\x80\x99\n'}
[3.058509] (mercury_autonomy) StderrLine: {'line': b'  554 | \x1b[01;36m\x1b[KInputPort\x1b[m\x1b[K(StringView name, const DefaultT& default_value, StringView description)\n'}
[3.058533] (mercury_autonomy) StderrLine: {'line': b'      | \x1b[01;36m\x1b[K^~~~~~~~~\x1b[m\x1b[K\n'}
[3.058557] (mercury_autonomy) StderrLine: {'line': b'\x1b[01m\x1b[K/home/bobdobchob/osu-uwrt/development/software/install/behaviortree_cpp/include/behaviortree_cpp/basic_types.h:554:1:\x1b[m\x1b[K \x1b[01;36m\x1b[Knote: \x1b[m\x1b[K  template argument deduction/substitution failed:\n'}
[3.058581] (mercury_autonomy) StderrLine: {'line': b'In file included from \x1b[01m\x1b[K/home/bobdobchob/osu-uwrt/development/software/src/mercury_autonomy/mercury_autonomy/src/bt_actions/publish_ekf_pose.cpp:3\x1b[m\x1b[K:\n'}
[3.058606] (mercury_autonomy) StderrLine: {'line': b'\x1b[01m\x1b[K/home/bobdobchob/osu-uwrt/development/software/src/mercury_autonomy/mercury_autonomy/include/mercury_autonomy/bt_actions/publish_ekf_pose.hpp:22:26:\x1b[m\x1b[K \x1b[01;36m\x1b[Knote: \x1b[m\x1b[K  candidate expects 3 arguments, 2 provided\n'}
[3.058632] (mercury_autonomy) StderrLine: {'line': b'   22 |       \x1b[01;36m\x1b[KBT::InputPort<bool>("setX", false)\x1b[m\x1b[K,\n'}
[3.058656] (mercury_autonomy) StderrLine: {'line': b'      |       \x1b[01;36m\x1b[K~~~~~~~~~~~~~~~~~~~^~~~~~~~~~~~~~~\x1b[m\x1b[K\n'}
[3.058679] (mercury_autonomy) StderrLine: {'line': b'\x1b[01m\x1b[K/home/bobdobchob/osu-uwrt/development/software/src/mercury_autonomy/mercury_autonomy/include/mercury_autonomy/bt_actions/publish_ekf_pose.hpp:23:28:\x1b[m\x1b[K \x1b[01;31m\x1b[Kerror: \x1b[m\x1b[Kno matching function for call to \xe2\x80\x98\x1b[01m\x1b[KInputPort<double>(const char [2], double)\x1b[m\x1b[K\xe2\x80\x99\n'}
[3.058706] (mercury_autonomy) StderrLine: {'line': b'   23 |       \x1b[01;31m\x1b[KBT::InputPort<double>("y", 0.0)\x1b[m\x1b[K,\n'}
[3.058731] (mercury_autonomy) StderrLine: {'line': b'      |       \x1b[01;31m\x1b[K~~~~~~~~~~~~~~~~~~~~~^~~~~~~~~~\x1b[m\x1b[K\n'}
[3.058755] (mercury_autonomy) StderrLine: {'line': b'In file included from \x1b[01m\x1b[K/home/bobdobchob/osu-uwrt/development/software/install/behaviortree_cpp/include/behaviortree_cpp/tree_node.h:16\x1b[m\x1b[K,\n'}
[3.058780] (mercury_autonomy) StderrLine: {'line': b'                 from \x1b[01m\x1b[K/home/bobdobchob/osu-uwrt/development/software/install/behaviortree_cpp/include/behaviortree_cpp/leaf_node.h:17\x1b[m\x1b[K,\n'}
[3.058807] (mercury_autonomy) StderrLine: {'line': b'                 from \x1b[01m\x1b[K/home/bobdobchob/osu-uwrt/development/software/install/behaviortree_cpp/include/behaviortree_cpp/action_node.h:17\x1b[m\x1b[K,\n'}
[3.058833] (mercury_autonomy) StderrLine: {'line': b'                 from \x1b[01m\x1b[K/home/bobdobchob/osu-uwrt/development/software/install/behaviortree_cpp/include/behaviortree_cpp/behavior_tree.h:16\x1b[m\x1b[K,\n'}
[3.058858] (mercury_autonomy) StderrLine: {'line': b'                 from \x1b[01m\x1b[K/home/bobdobchob/osu-uwrt/development/software/src/mercury_autonomy/mercury_autonomy/include/mercury_autonomy/autonomy_base.hpp:15\x1b[m\x1b[K,\n'}
[3.058883] (mercury_autonomy) StderrLine: {'line': b'                 from \x1b[01m\x1b[K/home/bobdobchob/osu-uwrt/development/software/src/mercury_autonomy/mercury_autonomy/include/mercury_autonomy/autonomy_lib.hpp:6\x1b[m\x1b[K,\n'}
[3.058916] (mercury_autonomy) StderrLine: {'line': b'                 from \x1b[01m\x1b[K/home/bobdobchob/osu-uwrt/development/software/src/mercury_autonomy/mercury_autonomy/include/mercury_autonomy/bt_actions/publish_ekf_pose.hpp:5\x1b[m\x1b[K,\n'}
[3.058941] (mercury_autonomy) StderrLine: {'line': b'                 from \x1b[01m\x1b[K/home/bobdobchob/osu-uwrt/development/software/src/mercury_autonomy/mercury_autonomy/src/bt_actions/publish_ekf_pose.cpp:3\x1b[m\x1b[K:\n'}
[3.058966] (mercury_autonomy) StderrLine: {'line': b'\x1b[01m\x1b[K/home/bobdobchob/osu-uwrt/development/software/install/behaviortree_cpp/include/behaviortree_cpp/basic_types.h:484:1:\x1b[m\x1b[K \x1b[01;36m\x1b[Knote: \x1b[m\x1b[Kcandidate: \xe2\x80\x98\x1b[01m\x1b[Kstd::pair<std::__cxx11::basic_string<char>, BT::PortInfo> BT::InputPort(BT::StringView, BT::StringView) [with T = double; BT::StringView = std::basic_string_view<char>]\x1b[m\x1b[K\xe2\x80\x99\n'}
[3.058995] (mercury_autonomy) StderrLine: {'line': b'  484 | \x1b[01;36m\x1b[KInputPort\x1b[m\x1b[K(StringView name, StringView description = {})\n'}
[3.059021] (mercury_autonomy) StderrLine: {'line': b'      | \x1b[01;36m\x1b[K^~~~~~~~~\x1b[m\x1b[K\n'}
[3.059045] (mercury_autonomy) StderrLine: {'line': b'\x1b[01m\x1b[K/home/bobdobchob/osu-uwrt/development/software/install/behaviortree_cpp/include/behaviortree_cpp/basic_types.h:484:39:\x1b[m\x1b[K \x1b[01;36m\x1b[Knote: \x1b[m\x1b[K  no known conversion for argument 2 from \xe2\x80\x98\x1b[01m\x1b[Kdouble\x1b[m\x1b[K\xe2\x80\x99 to \xe2\x80\x98\x1b[01m\x1b[KBT::StringView\x1b[m\x1b[K\xe2\x80\x99 {aka \xe2\x80\x98\x1b[01m\x1b[Kstd::basic_string_view<char>\x1b[m\x1b[K\xe2\x80\x99}\n'}
[3.059072] (mercury_autonomy) StderrLine: {'line': b'  484 | InputPort(StringView name, \x1b[01;36m\x1b[KStringView description = {}\x1b[m\x1b[K)\n'}
[3.059098] (mercury_autonomy) StderrLine: {'line': b'      |                            \x1b[01;36m\x1b[K~~~~~~~~~~~^~~~~~~~~~~~~~~~\x1b[m\x1b[K\n'}
[3.059123] (mercury_autonomy) StderrLine: {'line': b'\x1b[01m\x1b[K/home/bobdobchob/osu-uwrt/development/software/install/behaviortree_cpp/include/behaviortree_cpp/basic_types.h:554:1:\x1b[m\x1b[K \x1b[01;36m\x1b[Knote: \x1b[m\x1b[Kcandidate: \xe2\x80\x98\x1b[01m\x1b[Ktemplate<class T, class DefaultT> std::pair<std::__cxx11::basic_string<char>, BT::PortInfo> BT::InputPort(BT::StringView, const DefaultT&, BT::StringView)\x1b[m\x1b[K\xe2\x80\x99\n'}
[3.059149] (mercury_autonomy) StderrLine: {'line': b'  554 | \x1b[01;36m\x1b[KInputPort\x1b[m\x1b[K(StringView name, const DefaultT& default_value, StringView description)\n'}
[3.059174] (mercury_autonomy) StderrLine: {'line': b'      | \x1b[01;36m\x1b[K^~~~~~~~~\x1b[m\x1b[K\n'}
[3.059198] (mercury_autonomy) StderrLine: {'line': b'\x1b[01m\x1b[K/home/bobdobchob/osu-uwrt/development/software/install/behaviortree_cpp/include/behaviortree_cpp/basic_types.h:554:1:\x1b[m\x1b[K \x1b[01;36m\x1b[Knote: \x1b[m\x1b[K  template argument deduction/substitution failed:\n'}
[3.059223] (mercury_autonomy) StderrLine: {'line': b'In file included from \x1b[01m\x1b[K/home/bobdobchob/osu-uwrt/development/software/src/mercury_autonomy/mercury_autonomy/src/bt_actions/publish_ekf_pose.cpp:3\x1b[m\x1b[K:\n'}
[3.059250] (mercury_autonomy) StderrLine: {'line': b'\x1b[01m\x1b[K/home/bobdobchob/osu-uwrt/development/software/src/mercury_autonomy/mercury_autonomy/include/mercury_autonomy/bt_actions/publish_ekf_pose.hpp:23:28:\x1b[m\x1b[K \x1b[01;36m\x1b[Knote: \x1b[m\x1b[K  candidate expects 3 arguments, 2 provided\n'}
[3.059275] (mercury_autonomy) StderrLine: {'line': b'   23 |       \x1b[01;36m\x1b[KBT::InputPort<double>("y", 0.0)\x1b[m\x1b[K,\n'}
[3.059299] (mercury_autonomy) StderrLine: {'line': b'      |       \x1b[01;36m\x1b[K~~~~~~~~~~~~~~~~~~~~~^~~~~~~~~~\x1b[m\x1b[K\n'}
[3.059324] (mercury_autonomy) StderrLine: {'line': b'\x1b[01m\x1b[K/home/bobdobchob/osu-uwrt/development/software/src/mercury_autonomy/mercury_autonomy/include/mercury_autonomy/bt_actions/publish_ekf_pose.hpp:24:26:\x1b[m\x1b[K \x1b[01;31m\x1b[Kerror: \x1b[m\x1b[Kno matching function for call to \xe2\x80\x98\x1b[01m\x1b[KInputPort<bool>(const char [5], bool)\x1b[m\x1b[K\xe2\x80\x99\n'}
[3.059350] (mercury_autonomy) StderrLine: {'line': b'   24 |       \x1b[01;31m\x1b[KBT::InputPort<bool>("setY", false)\x1b[m\x1b[K,\n'}
[3.059374] (mercury_autonomy) StderrLine: {'line': b'      |       \x1b[01;31m\x1b[K~~~~~~~~~~~~~~~~~~~^~~~~~~~~~~~~~~\x1b[m\x1b[K\n'}
[3.059399] (mercury_autonomy) StderrLine: {'line': b'In file included from \x1b[01m\x1b[K/home/bobdobchob/osu-uwrt/development/software/install/behaviortree_cpp/include/behaviortree_cpp/tree_node.h:16\x1b[m\x1b[K,\n'}
[3.059424] (mercury_autonomy) StderrLine: {'line': b'                 from \x1b[01m\x1b[K/home/bobdobchob/osu-uwrt/development/software/install/behaviortree_cpp/include/behaviortree_cpp/leaf_node.h:17\x1b[m\x1b[K,\n'}
[3.059448] (mercury_autonomy) StderrLine: {'line': b'                 from \x1b[01m\x1b[K/home/bobdobchob/osu-uwrt/development/software/install/behaviortree_cpp/include/behaviortree_cpp/action_node.h:17\x1b[m\x1b[K,\n'}
[3.059474] (mercury_autonomy) StderrLine: {'line': b'                 from \x1b[01m\x1b[K/home/bobdobchob/osu-uwrt/development/software/install/behaviortree_cpp/include/behaviortree_cpp/behavior_tree.h:16\x1b[m\x1b[K,\n'}
[3.059499] (mercury_autonomy) StderrLine: {'line': b'                 from \x1b[01m\x1b[K/home/bobdobchob/osu-uwrt/development/software/src/mercury_autonomy/mercury_autonomy/include/mercury_autonomy/autonomy_base.hpp:15\x1b[m\x1b[K,\n'}
[3.059524] (mercury_autonomy) StderrLine: {'line': b'                 from \x1b[01m\x1b[K/home/bobdobchob/osu-uwrt/development/software/src/mercury_autonomy/mercury_autonomy/include/mercury_autonomy/autonomy_lib.hpp:6\x1b[m\x1b[K,\n'}
[3.059548] (mercury_autonomy) StderrLine: {'line': b'                 from \x1b[01m\x1b[K/home/bobdobchob/osu-uwrt/development/software/src/mercury_autonomy/mercury_autonomy/include/mercury_autonomy/bt_actions/publish_ekf_pose.hpp:5\x1b[m\x1b[K,\n'}
[3.059574] (mercury_autonomy) StderrLine: {'line': b'                 from \x1b[01m\x1b[K/home/bobdobchob/osu-uwrt/development/software/src/mercury_autonomy/mercury_autonomy/src/bt_actions/publish_ekf_pose.cpp:3\x1b[m\x1b[K:\n'}
[3.059597] (mercury_autonomy) StderrLine: {'line': b'\x1b[01m\x1b[K/home/bobdobchob/osu-uwrt/development/software/install/behaviortree_cpp/include/behaviortree_cpp/basic_types.h:484:1:\x1b[m\x1b[K \x1b[01;36m\x1b[Knote: \x1b[m\x1b[Kcandidate: \xe2\x80\x98\x1b[01m\x1b[Kstd::pair<std::__cxx11::basic_string<char>, BT::PortInfo> BT::InputPort(BT::StringView, BT::StringView) [with T = bool; BT::StringView = std::basic_string_view<char>]\x1b[m\x1b[K\xe2\x80\x99\n'}
[3.059625] (mercury_autonomy) StderrLine: {'line': b'  484 | \x1b[01;36m\x1b[KInputPort\x1b[m\x1b[K(StringView name, StringView description = {})\n'}
[3.059650] (mercury_autonomy) StderrLine: {'line': b'      | \x1b[01;36m\x1b[K^~~~~~~~~\x1b[m\x1b[K\n'}
[3.059673] (mercury_autonomy) StderrLine: {'line': b'\x1b[01m\x1b[K/home/bobdobchob/osu-uwrt/development/software/install/behaviortree_cpp/include/behaviortree_cpp/basic_types.h:484:39:\x1b[m\x1b[K \x1b[01;36m\x1b[Knote: \x1b[m\x1b[K  no known conversion for argument 2 from \xe2\x80\x98\x1b[01m\x1b[Kbool\x1b[m\x1b[K\xe2\x80\x99 to \xe2\x80\x98\x1b[01m\x1b[KBT::StringView\x1b[m\x1b[K\xe2\x80\x99 {aka \xe2\x80\x98\x1b[01m\x1b[Kstd::basic_string_view<char>\x1b[m\x1b[K\xe2\x80\x99}\n'}
[3.059703] (mercury_autonomy) StderrLine: {'line': b'  484 | InputPort(StringView name, \x1b[01;36m\x1b[KStringView description = {}\x1b[m\x1b[K)\n'}
[3.059724] (mercury_autonomy) StderrLine: {'line': b'      |                            \x1b[01;36m\x1b[K~~~~~~~~~~~^~~~~~~~~~~~~~~~\x1b[m\x1b[K\n'}
[3.059746] (mercury_autonomy) StderrLine: {'line': b'\x1b[01m\x1b[K/home/bobdobchob/osu-uwrt/development/software/install/behaviortree_cpp/include/behaviortree_cpp/basic_types.h:554:1:\x1b[m\x1b[K \x1b[01;36m\x1b[Knote: \x1b[m\x1b[Kcandidate: \xe2\x80\x98\x1b[01m\x1b[Ktemplate<class T, class DefaultT> std::pair<std::__cxx11::basic_string<char>, BT::PortInfo> BT::InputPort(BT::StringView, const DefaultT&, BT::StringView)\x1b[m\x1b[K\xe2\x80\x99\n'}
[3.059770] (mercury_autonomy) StderrLine: {'line': b'  554 | \x1b[01;36m\x1b[KInputPort\x1b[m\x1b[K(StringView name, const DefaultT& default_value, StringView description)\n'}
[3.059796] (mercury_autonomy) StderrLine: {'line': b'      | \x1b[01;36m\x1b[K^~~~~~~~~\x1b[m\x1b[K\n'}
[3.059821] (mercury_autonomy) StderrLine: {'line': b'\x1b[01m\x1b[K/home/bobdobchob/osu-uwrt/development/software/install/behaviortree_cpp/include/behaviortree_cpp/basic_types.h:554:1:\x1b[m\x1b[K \x1b[01;36m\x1b[Knote: \x1b[m\x1b[K  template argument deduction/substitution failed:\n'}
[3.059846] (mercury_autonomy) StderrLine: {'line': b'In file included from \x1b[01m\x1b[K/home/bobdobchob/osu-uwrt/development/software/src/mercury_autonomy/mercury_autonomy/src/bt_actions/publish_ekf_pose.cpp:3\x1b[m\x1b[K:\n'}
[3.059871] (mercury_autonomy) StderrLine: {'line': b'\x1b[01m\x1b[K/home/bobdobchob/osu-uwrt/development/software/src/mercury_autonomy/mercury_autonomy/include/mercury_autonomy/bt_actions/publish_ekf_pose.hpp:24:26:\x1b[m\x1b[K \x1b[01;36m\x1b[Knote: \x1b[m\x1b[K  candidate expects 3 arguments, 2 provided\n'}
[3.059902] (mercury_autonomy) StderrLine: {'line': b'   24 |       \x1b[01;36m\x1b[KBT::InputPort<bool>("setY", false)\x1b[m\x1b[K,\n'}
[3.059928] (mercury_autonomy) StderrLine: {'line': b'      |       \x1b[01;36m\x1b[K~~~~~~~~~~~~~~~~~~~^~~~~~~~~~~~~~~\x1b[m\x1b[K\n'}
[3.060079] (mercury_autonomy) StderrLine: {'line': b'\x1b[01m\x1b[K/home/bobdobchob/osu-uwrt/development/software/src/mercury_autonomy/mercury_autonomy/include/mercury_autonomy/bt_actions/publish_ekf_pose.hpp:25:28:\x1b[m\x1b[K \x1b[01;31m\x1b[Kerror: \x1b[m\x1b[Kno matching function for call to \xe2\x80\x98\x1b[01m\x1b[KInputPort<double>(const char [2], double)\x1b[m\x1b[K\xe2\x80\x99\n'}
[3.060112] (mercury_autonomy) StderrLine: {'line': b'   25 |       \x1b[01;31m\x1b[KBT::InputPort<double>("z", 0.0)\x1b[m\x1b[K,\n'}
[3.060139] (mercury_autonomy) StderrLine: {'line': b'      |       \x1b[01;31m\x1b[K~~~~~~~~~~~~~~~~~~~~~^~~~~~~~~~\x1b[m\x1b[K\n'}
[3.060163] (mercury_autonomy) StderrLine: {'line': b'In file included from \x1b[01m\x1b[K/home/bobdobchob/osu-uwrt/development/software/install/behaviortree_cpp/include/behaviortree_cpp/tree_node.h:16\x1b[m\x1b[K,\n'}
[3.060188] (mercury_autonomy) StderrLine: {'line': b'                 from \x1b[01m\x1b[K/home/bobdobchob/osu-uwrt/development/software/install/behaviortree_cpp/include/behaviortree_cpp/leaf_node.h:17\x1b[m\x1b[K,\n'}
[3.060214] (mercury_autonomy) StderrLine: {'line': b'                 from \x1b[01m\x1b[K/home/bobdobchob/osu-uwrt/development/software/install/behaviortree_cpp/include/behaviortree_cpp/action_node.h:17\x1b[m\x1b[K,\n'}
[3.060363] (mercury_autonomy) StderrLine: {'line': b'                 from \x1b[01m\x1b[K/home/bobdobchob/osu-uwrt/development/software/install/behaviortree_cpp/include/behaviortree_cpp/behavior_tree.h:16\x1b[m\x1b[K,\n'}
[3.060452] (mercury_autonomy) StderrLine: {'line': b'                 from \x1b[01m\x1b[K/home/bobdobchob/osu-uwrt/development/software/src/mercury_autonomy/mercury_autonomy/include/mercury_autonomy/autonomy_base.hpp:15\x1b[m\x1b[K,\n'}
[3.060483] (mercury_autonomy) StderrLine: {'line': b'                 from \x1b[01m\x1b[K/home/bobdobchob/osu-uwrt/development/software/src/mercury_autonomy/mercury_autonomy/include/mercury_autonomy/autonomy_lib.hpp:6\x1b[m\x1b[K,\n'}
[3.060510] (mercury_autonomy) StderrLine: {'line': b'                 from \x1b[01m\x1b[K/home/bobdobchob/osu-uwrt/development/software/src/mercury_autonomy/mercury_autonomy/include/mercury_autonomy/bt_actions/publish_ekf_pose.hpp:5\x1b[m\x1b[K,\n'}
[3.060536] (mercury_autonomy) StderrLine: {'line': b'                 from \x1b[01m\x1b[K/home/bobdobchob/osu-uwrt/development/software/src/mercury_autonomy/mercury_autonomy/src/bt_actions/publish_ekf_pose.cpp:3\x1b[m\x1b[K:\n'}
[3.060560] (mercury_autonomy) StderrLine: {'line': b'\x1b[01m\x1b[K/home/bobdobchob/osu-uwrt/development/software/install/behaviortree_cpp/include/behaviortree_cpp/basic_types.h:484:1:\x1b[m\x1b[K \x1b[01;36m\x1b[Knote: \x1b[m\x1b[Kcandidate: \xe2\x80\x98\x1b[01m\x1b[Kstd::pair<std::__cxx11::basic_string<char>, BT::PortInfo> BT::InputPort(BT::StringView, BT::StringView) [with T = double; BT::StringView = std::basic_string_view<char>]\x1b[m\x1b[K\xe2\x80\x99\n'}
[3.060587] (mercury_autonomy) StderrLine: {'line': b'  484 | \x1b[01;36m\x1b[KInputPort\x1b[m\x1b[K(StringView name, StringView description = {})\n'}
[3.060612] (mercury_autonomy) StderrLine: {'line': b'      | \x1b[01;36m\x1b[K^~~~~~~~~\x1b[m\x1b[K\n'}
[3.060637] (mercury_autonomy) StderrLine: {'line': b'\x1b[01m\x1b[K/home/bobdobchob/osu-uwrt/development/software/install/behaviortree_cpp/include/behaviortree_cpp/basic_types.h:484:39:\x1b[m\x1b[K \x1b[01;36m\x1b[Knote: \x1b[m\x1b[K  no known conversion for argument 2 from \xe2\x80\x98\x1b[01m\x1b[Kdouble\x1b[m\x1b[K\xe2\x80\x99 to \xe2\x80\x98\x1b[01m\x1b[KBT::StringView\x1b[m\x1b[K\xe2\x80\x99 {aka \xe2\x80\x98\x1b[01m\x1b[Kstd::basic_string_view<char>\x1b[m\x1b[K\xe2\x80\x99}\n'}
[3.060667] (mercury_autonomy) StderrLine: {'line': b'  484 | InputPort(StringView name, \x1b[01;36m\x1b[KStringView description = {}\x1b[m\x1b[K)\n'}
[3.060691] (mercury_autonomy) StderrLine: {'line': b'      |                            \x1b[01;36m\x1b[K~~~~~~~~~~~^~~~~~~~~~~~~~~~\x1b[m\x1b[K\n'}
[3.060718] (mercury_autonomy) StderrLine: {'line': b'\x1b[01m\x1b[K/home/bobdobchob/osu-uwrt/development/software/install/behaviortree_cpp/include/behaviortree_cpp/basic_types.h:554:1:\x1b[m\x1b[K \x1b[01;36m\x1b[Knote: \x1b[m\x1b[Kcandidate: \xe2\x80\x98\x1b[01m\x1b[Ktemplate<class T, class DefaultT> std::pair<std::__cxx11::basic_string<char>, BT::PortInfo> BT::InputPort(BT::StringView, const DefaultT&, BT::StringView)\x1b[m\x1b[K\xe2\x80\x99\n'}
[3.060744] (mercury_autonomy) StderrLine: {'line': b'  554 | \x1b[01;36m\x1b[KInputPort\x1b[m\x1b[K(StringView name, const DefaultT& default_value, StringView description)\n'}
[3.060769] (mercury_autonomy) StderrLine: {'line': b'      | \x1b[01;36m\x1b[K^~~~~~~~~\x1b[m\x1b[K\n'}
[3.060792] (mercury_autonomy) StderrLine: {'line': b'\x1b[01m\x1b[K/home/bobdobchob/osu-uwrt/development/software/install/behaviortree_cpp/include/behaviortree_cpp/basic_types.h:554:1:\x1b[m\x1b[K \x1b[01;36m\x1b[Knote: \x1b[m\x1b[K  template argument deduction/substitution failed:\n'}
[3.060817] (mercury_autonomy) StderrLine: {'line': b'In file included from \x1b[01m\x1b[K/home/bobdobchob/osu-uwrt/development/software/src/mercury_autonomy/mercury_autonomy/src/bt_actions/publish_ekf_pose.cpp:3\x1b[m\x1b[K:\n'}
[3.060842] (mercury_autonomy) StderrLine: {'line': b'\x1b[01m\x1b[K/home/bobdobchob/osu-uwrt/development/software/src/mercury_autonomy/mercury_autonomy/include/mercury_autonomy/bt_actions/publish_ekf_pose.hpp:25:28:\x1b[m\x1b[K \x1b[01;36m\x1b[Knote: \x1b[m\x1b[K  candidate expects 3 arguments, 2 provided\n'}
[3.060867] (mercury_autonomy) StderrLine: {'line': b'   25 |       \x1b[01;36m\x1b[KBT::InputPort<double>("z", 0.0)\x1b[m\x1b[K,\n'}
[3.060893] (mercury_autonomy) StderrLine: {'line': b'      |       \x1b[01;36m\x1b[K~~~~~~~~~~~~~~~~~~~~~^~~~~~~~~~\x1b[m\x1b[K\n'}
[3.060936] (mercury_autonomy) StderrLine: {'line': b'\x1b[01m\x1b[K/home/bobdobchob/osu-uwrt/development/software/src/mercury_autonomy/mercury_autonomy/include/mercury_autonomy/bt_actions/publish_ekf_pose.hpp:26:26:\x1b[m\x1b[K \x1b[01;31m\x1b[Kerror: \x1b[m\x1b[Kno matching function for call to \xe2\x80\x98\x1b[01m\x1b[KInputPort<bool>(const char [5], bool)\x1b[m\x1b[K\xe2\x80\x99\n'}
[3.060965] (mercury_autonomy) StderrLine: {'line': b'   26 |       \x1b[01;31m\x1b[KBT::InputPort<bool>("setZ", false)\x1b[m\x1b[K,\n'}
[3.060992] (mercury_autonomy) StderrLine: {'line': b'      |       \x1b[01;31m\x1b[K~~~~~~~~~~~~~~~~~~~^~~~~~~~~~~~~~~\x1b[m\x1b[K\n'}
[3.061019] (mercury_autonomy) StderrLine: {'line': b'In file included from \x1b[01m\x1b[K/home/bobdobchob/osu-uwrt/development/software/install/behaviortree_cpp/include/behaviortree_cpp/tree_node.h:16\x1b[m\x1b[K,\n'}
[3.061046] (mercury_autonomy) StderrLine: {'line': b'                 from \x1b[01m\x1b[K/home/bobdobchob/osu-uwrt/development/software/install/behaviortree_cpp/include/behaviortree_cpp/leaf_node.h:17\x1b[m\x1b[K,\n'}
[3.061072] (mercury_autonomy) StderrLine: {'line': b'                 from \x1b[01m\x1b[K/home/bobdobchob/osu-uwrt/development/software/install/behaviortree_cpp/include/behaviortree_cpp/action_node.h:17\x1b[m\x1b[K,\n'}
[3.061201] (mercury_autonomy) StderrLine: {'line': b'                 from \x1b[01m\x1b[K/home/bobdobchob/osu-uwrt/development/software/install/behaviortree_cpp/include/behaviortree_cpp/behavior_tree.h:16\x1b[m\x1b[K,\n'}
[3.061234] (mercury_autonomy) StderrLine: {'line': b'                 from \x1b[01m\x1b[K/home/bobdobchob/osu-uwrt/development/software/src/mercury_autonomy/mercury_autonomy/include/mercury_autonomy/autonomy_base.hpp:15\x1b[m\x1b[K,\n'}
[3.061262] (mercury_autonomy) StderrLine: {'line': b'                 from \x1b[01m\x1b[K/home/bobdobchob/osu-uwrt/development/software/src/mercury_autonomy/mercury_autonomy/include/mercury_autonomy/autonomy_lib.hpp:6\x1b[m\x1b[K,\n'}
[3.061288] (mercury_autonomy) StderrLine: {'line': b'                 from \x1b[01m\x1b[K/home/bobdobchob/osu-uwrt/development/software/src/mercury_autonomy/mercury_autonomy/include/mercury_autonomy/bt_actions/publish_ekf_pose.hpp:5\x1b[m\x1b[K,\n'}
[3.061313] (mercury_autonomy) StderrLine: {'line': b'                 from \x1b[01m\x1b[K/home/bobdobchob/osu-uwrt/development/software/src/mercury_autonomy/mercury_autonomy/src/bt_actions/publish_ekf_pose.cpp:3\x1b[m\x1b[K:\n'}
[3.061339] (mercury_autonomy) StderrLine: {'line': b'\x1b[01m\x1b[K/home/bobdobchob/osu-uwrt/development/software/install/behaviortree_cpp/include/behaviortree_cpp/basic_types.h:484:1:\x1b[m\x1b[K \x1b[01;36m\x1b[Knote: \x1b[m\x1b[Kcandidate: \xe2\x80\x98\x1b[01m\x1b[Kstd::pair<std::__cxx11::basic_string<char>, BT::PortInfo> BT::InputPort(BT::StringView, BT::StringView) [with T = bool; BT::StringView = std::basic_string_view<char>]\x1b[m\x1b[K\xe2\x80\x99\n'}
[3.061367] (mercury_autonomy) StderrLine: {'line': b'  484 | \x1b[01;36m\x1b[KInputPort\x1b[m\x1b[K(StringView name, StringView description = {})\n'}
[3.061392] (mercury_autonomy) StderrLine: {'line': b'      | \x1b[01;36m\x1b[K^~~~~~~~~\x1b[m\x1b[K\n'}
[3.061416] (mercury_autonomy) StderrLine: {'line': b'\x1b[01m\x1b[K/home/bobdobchob/osu-uwrt/development/software/install/behaviortree_cpp/include/behaviortree_cpp/basic_types.h:484:39:\x1b[m\x1b[K \x1b[01;36m\x1b[Knote: \x1b[m\x1b[K  no known conversion for argument 2 from \xe2\x80\x98\x1b[01m\x1b[Kbool\x1b[m\x1b[K\xe2\x80\x99 to \xe2\x80\x98\x1b[01m\x1b[KBT::StringView\x1b[m\x1b[K\xe2\x80\x99 {aka \xe2\x80\x98\x1b[01m\x1b[Kstd::basic_string_view<char>\x1b[m\x1b[K\xe2\x80\x99}\n'}
[3.061441] (mercury_autonomy) StderrLine: {'line': b'  484 | InputPort(StringView name, \x1b[01;36m\x1b[KStringView description = {}\x1b[m\x1b[K)\n'}
[3.061466] (mercury_autonomy) StderrLine: {'line': b'      |                            \x1b[01;36m\x1b[K~~~~~~~~~~~^~~~~~~~~~~~~~~~\x1b[m\x1b[K\n'}
[3.061489] (mercury_autonomy) StderrLine: {'line': b'\x1b[01m\x1b[K/home/bobdobchob/osu-uwrt/development/software/install/behaviortree_cpp/include/behaviortree_cpp/basic_types.h:554:1:\x1b[m\x1b[K \x1b[01;36m\x1b[Knote: \x1b[m\x1b[Kcandidate: \xe2\x80\x98\x1b[01m\x1b[Ktemplate<class T, class DefaultT> std::pair<std::__cxx11::basic_string<char>, BT::PortInfo> BT::InputPort(BT::StringView, const DefaultT&, BT::StringView)\x1b[m\x1b[K\xe2\x80\x99\n'}
[3.061515] (mercury_autonomy) StderrLine: {'line': b'  554 | \x1b[01;36m\x1b[KInputPort\x1b[m\x1b[K(StringView name, const DefaultT& default_value, StringView description)\n'}
[3.061538] (mercury_autonomy) StderrLine: {'line': b'      | \x1b[01;36m\x1b[K^~~~~~~~~\x1b[m\x1b[K\n'}
[3.061560] (mercury_autonomy) StderrLine: {'line': b'\x1b[01m\x1b[K/home/bobdobchob/osu-uwrt/development/software/install/behaviortree_cpp/include/behaviortree_cpp/basic_types.h:554:1:\x1b[m\x1b[K \x1b[01;36m\x1b[Knote: \x1b[m\x1b[K  template argument deduction/substitution failed:\n'}
[3.061584] (mercury_autonomy) StderrLine: {'line': b'In file included from \x1b[01m\x1b[K/home/bobdobchob/osu-uwrt/development/software/src/mercury_autonomy/mercury_autonomy/src/bt_actions/publish_ekf_pose.cpp:3\x1b[m\x1b[K:\n'}
[3.061607] (mercury_autonomy) StderrLine: {'line': b'\x1b[01m\x1b[K/home/bobdobchob/osu-uwrt/development/software/src/mercury_autonomy/mercury_autonomy/include/mercury_autonomy/bt_actions/publish_ekf_pose.hpp:26:26:\x1b[m\x1b[K \x1b[01;36m\x1b[Knote: \x1b[m\x1b[K  candidate expects 3 arguments, 2 provided\n'}
[3.061631] (mercury_autonomy) StderrLine: {'line': b'   26 |       \x1b[01;36m\x1b[KBT::InputPort<bool>("setZ", false)\x1b[m\x1b[K,\n'}
[3.061655] (mercury_autonomy) StderrLine: {'line': b'      |       \x1b[01;36m\x1b[K~~~~~~~~~~~~~~~~~~~^~~~~~~~~~~~~~~\x1b[m\x1b[K\n'}
[3.061679] (mercury_autonomy) StderrLine: {'line': b'\x1b[01m\x1b[K/home/bobdobchob/osu-uwrt/development/software/src/mercury_autonomy/mercury_autonomy/include/mercury_autonomy/bt_actions/publish_ekf_pose.hpp:27:28:\x1b[m\x1b[K \x1b[01;31m\x1b[Kerror: \x1b[m\x1b[Kno matching function for call to \xe2\x80\x98\x1b[01m\x1b[KInputPort<double>(const char [5], double)\x1b[m\x1b[K\xe2\x80\x99\n'}
[3.061705] (mercury_autonomy) StderrLine: {'line': b'   27 |       \x1b[01;31m\x1b[KBT::InputPort<double>("roll", 0.0)\x1b[m\x1b[K,\n'}
[3.061731] (mercury_autonomy) StderrLine: {'line': b'      |       \x1b[01;31m\x1b[K~~~~~~~~~~~~~~~~~~~~~^~~~~~~~~~~~~\x1b[m\x1b[K\n'}
[3.061756] (mercury_autonomy) StderrLine: {'line': b'In file included from \x1b[01m\x1b[K/home/bobdobchob/osu-uwrt/development/software/install/behaviortree_cpp/include/behaviortree_cpp/tree_node.h:16\x1b[m\x1b[K,\n'}
[3.061782] (mercury_autonomy) StderrLine: {'line': b'                 from \x1b[01m\x1b[K/home/bobdobchob/osu-uwrt/development/software/install/behaviortree_cpp/include/behaviortree_cpp/leaf_node.h:17\x1b[m\x1b[K,\n'}
[3.061808] (mercury_autonomy) StderrLine: {'line': b'                 from \x1b[01m\x1b[K/home/bobdobchob/osu-uwrt/development/software/install/behaviortree_cpp/include/behaviortree_cpp/action_node.h:17\x1b[m\x1b[K,\n'}
[3.061833] (mercury_autonomy) StderrLine: {'line': b'                 from \x1b[01m\x1b[K/home/bobdobchob/osu-uwrt/development/software/install/behaviortree_cpp/include/behaviortree_cpp/behavior_tree.h:16\x1b[m\x1b[K,\n'}
[3.061860] (mercury_autonomy) StderrLine: {'line': b'                 from \x1b[01m\x1b[K/home/bobdobchob/osu-uwrt/development/software/src/mercury_autonomy/mercury_autonomy/include/mercury_autonomy/autonomy_base.hpp:15\x1b[m\x1b[K,\n'}
[3.061889] (mercury_autonomy) StderrLine: {'line': b'                 from \x1b[01m\x1b[K/home/bobdobchob/osu-uwrt/development/software/src/mercury_autonomy/mercury_autonomy/include/mercury_autonomy/autonomy_lib.hpp:6\x1b[m\x1b[K,\n'}
[3.061920] (mercury_autonomy) StderrLine: {'line': b'                 from \x1b[01m\x1b[K/home/bobdobchob/osu-uwrt/development/software/src/mercury_autonomy/mercury_autonomy/include/mercury_autonomy/bt_actions/publish_ekf_pose.hpp:5\x1b[m\x1b[K,\n'}
[3.061945] (mercury_autonomy) StderrLine: {'line': b'                 from \x1b[01m\x1b[K/home/bobdobchob/osu-uwrt/development/software/src/mercury_autonomy/mercury_autonomy/src/bt_actions/publish_ekf_pose.cpp:3\x1b[m\x1b[K:\n'}
[3.061973] (mercury_autonomy) StderrLine: {'line': b'\x1b[01m\x1b[K/home/bobdobchob/osu-uwrt/development/software/install/behaviortree_cpp/include/behaviortree_cpp/basic_types.h:484:1:\x1b[m\x1b[K \x1b[01;36m\x1b[Knote: \x1b[m\x1b[Kcandidate: \xe2\x80\x98\x1b[01m\x1b[Kstd::pair<std::__cxx11::basic_string<char>, BT::PortInfo> BT::InputPort(BT::StringView, BT::StringView) [with T = double; BT::StringView = std::basic_string_view<char>]\x1b[m\x1b[K\xe2\x80\x99\n'}
[3.061999] (mercury_autonomy) StderrLine: {'line': b'  484 | \x1b[01;36m\x1b[KInputPort\x1b[m\x1b[K(StringView name, StringView description = {})\n'}
[3.062023] (mercury_autonomy) StderrLine: {'line': b'      | \x1b[01;36m\x1b[K^~~~~~~~~\x1b[m\x1b[K\n'}
[3.062047] (mercury_autonomy) StderrLine: {'line': b'\x1b[01m\x1b[K/home/bobdobchob/osu-uwrt/development/software/install/behaviortree_cpp/include/behaviortree_cpp/basic_types.h:484:39:\x1b[m\x1b[K \x1b[01;36m\x1b[Knote: \x1b[m\x1b[K  no known conversion for argument 2 from \xe2\x80\x98\x1b[01m\x1b[Kdouble\x1b[m\x1b[K\xe2\x80\x99 to \xe2\x80\x98\x1b[01m\x1b[KBT::StringView\x1b[m\x1b[K\xe2\x80\x99 {aka \xe2\x80\x98\x1b[01m\x1b[Kstd::basic_string_view<char>\x1b[m\x1b[K\xe2\x80\x99}\n'}
[3.062079] (mercury_autonomy) StderrLine: {'line': b'  484 | InputPort(StringView name, \x1b[01;36m\x1b[KStringView description = {}\x1b[m\x1b[K)\n'}
[3.062104] (mercury_autonomy) StderrLine: {'line': b'      |                            \x1b[01;36m\x1b[K~~~~~~~~~~~^~~~~~~~~~~~~~~~\x1b[m\x1b[K\n'}
[3.062128] (mercury_autonomy) StderrLine: {'line': b'\x1b[01m\x1b[K/home/bobdobchob/osu-uwrt/development/software/install/behaviortree_cpp/include/behaviortree_cpp/basic_types.h:554:1:\x1b[m\x1b[K \x1b[01;36m\x1b[Knote: \x1b[m\x1b[Kcandidate: \xe2\x80\x98\x1b[01m\x1b[Ktemplate<class T, class DefaultT> std::pair<std::__cxx11::basic_string<char>, BT::PortInfo> BT::InputPort(BT::StringView, const DefaultT&, BT::StringView)\x1b[m\x1b[K\xe2\x80\x99\n'}
[3.062156] (mercury_autonomy) StderrLine: {'line': b'  554 | \x1b[01;36m\x1b[KInputPort\x1b[m\x1b[K(StringView name, const DefaultT& default_value, StringView description)\n'}
[3.062181] (mercury_autonomy) StderrLine: {'line': b'      | \x1b[01;36m\x1b[K^~~~~~~~~\x1b[m\x1b[K\n'}
[3.062205] (mercury_autonomy) StderrLine: {'line': b'\x1b[01m\x1b[K/home/bobdobchob/osu-uwrt/development/software/install/behaviortree_cpp/include/behaviortree_cpp/basic_types.h:554:1:\x1b[m\x1b[K \x1b[01;36m\x1b[Knote: \x1b[m\x1b[K  template argument deduction/substitution failed:\n'}
[3.062235] (mercury_autonomy) StderrLine: {'line': b'In file included from \x1b[01m\x1b[K/home/bobdobchob/osu-uwrt/development/software/src/mercury_autonomy/mercury_autonomy/src/bt_actions/publish_ekf_pose.cpp:3\x1b[m\x1b[K:\n'}
[3.062259] (mercury_autonomy) StderrLine: {'line': b'\x1b[01m\x1b[K/home/bobdobchob/osu-uwrt/development/software/src/mercury_autonomy/mercury_autonomy/include/mercury_autonomy/bt_actions/publish_ekf_pose.hpp:27:28:\x1b[m\x1b[K \x1b[01;36m\x1b[Knote: \x1b[m\x1b[K  candidate expects 3 arguments, 2 provided\n'}
[3.062284] (mercury_autonomy) StderrLine: {'line': b'   27 |       \x1b[01;36m\x1b[KBT::InputPort<double>("roll", 0.0)\x1b[m\x1b[K,\n'}
[3.062308] (mercury_autonomy) StderrLine: {'line': b'      |       \x1b[01;36m\x1b[K~~~~~~~~~~~~~~~~~~~~~^~~~~~~~~~~~~\x1b[m\x1b[K\n'}
[3.062332] (mercury_autonomy) StderrLine: {'line': b'\x1b[01m\x1b[K/home/bobdobchob/osu-uwrt/development/software/src/mercury_autonomy/mercury_autonomy/include/mercury_autonomy/bt_actions/publish_ekf_pose.hpp:28:28:\x1b[m\x1b[K \x1b[01;31m\x1b[Kerror: \x1b[m\x1b[Kno matching function for call to \xe2\x80\x98\x1b[01m\x1b[KInputPort<double>(const char [6], double)\x1b[m\x1b[K\xe2\x80\x99\n'}
[3.062358] (mercury_autonomy) StderrLine: {'line': b'   28 |       \x1b[01;31m\x1b[KBT::InputPort<double>("pitch", 0.0)\x1b[m\x1b[K,\n'}
[3.062383] (mercury_autonomy) StderrLine: {'line': b'      |       \x1b[01;31m\x1b[K~~~~~~~~~~~~~~~~~~~~~^~~~~~~~~~~~~~\x1b[m\x1b[K\n'}
[3.062408] (mercury_autonomy) StderrLine: {'line': b'In file included from \x1b[01m\x1b[K/home/bobdobchob/osu-uwrt/development/software/install/behaviortree_cpp/include/behaviortree_cpp/tree_node.h:16\x1b[m\x1b[K,\n'}
[3.062433] (mercury_autonomy) StderrLine: {'line': b'                 from \x1b[01m\x1b[K/home/bobdobchob/osu-uwrt/development/software/install/behaviortree_cpp/include/behaviortree_cpp/leaf_node.h:17\x1b[m\x1b[K,\n'}
[3.062456] (mercury_autonomy) StderrLine: {'line': b'                 from \x1b[01m\x1b[K/home/bobdobchob/osu-uwrt/development/software/install/behaviortree_cpp/include/behaviortree_cpp/action_node.h:17\x1b[m\x1b[K,\n'}
[3.062481] (mercury_autonomy) StderrLine: {'line': b'                 from \x1b[01m\x1b[K/home/bobdobchob/osu-uwrt/development/software/install/behaviortree_cpp/include/behaviortree_cpp/behavior_tree.h:16\x1b[m\x1b[K,\n'}
[3.062508] (mercury_autonomy) StderrLine: {'line': b'                 from \x1b[01m\x1b[K/home/bobdobchob/osu-uwrt/development/software/src/mercury_autonomy/mercury_autonomy/include/mercury_autonomy/autonomy_base.hpp:15\x1b[m\x1b[K,\n'}
[3.062534] (mercury_autonomy) StderrLine: {'line': b'                 from \x1b[01m\x1b[K/home/bobdobchob/osu-uwrt/development/software/src/mercury_autonomy/mercury_autonomy/include/mercury_autonomy/autonomy_lib.hpp:6\x1b[m\x1b[K,\n'}
[3.062559] (mercury_autonomy) StderrLine: {'line': b'                 from \x1b[01m\x1b[K/home/bobdobchob/osu-uwrt/development/software/src/mercury_autonomy/mercury_autonomy/include/mercury_autonomy/bt_actions/publish_ekf_pose.hpp:5\x1b[m\x1b[K,\n'}
[3.062585] (mercury_autonomy) StderrLine: {'line': b'                 from \x1b[01m\x1b[K/home/bobdobchob/osu-uwrt/development/software/src/mercury_autonomy/mercury_autonomy/src/bt_actions/publish_ekf_pose.cpp:3\x1b[m\x1b[K:\n'}
[3.062610] (mercury_autonomy) StderrLine: {'line': b'\x1b[01m\x1b[K/home/bobdobchob/osu-uwrt/development/software/install/behaviortree_cpp/include/behaviortree_cpp/basic_types.h:484:1:\x1b[m\x1b[K \x1b[01;36m\x1b[Knote: \x1b[m\x1b[Kcandidate: \xe2\x80\x98\x1b[01m\x1b[Kstd::pair<std::__cxx11::basic_string<char>, BT::PortInfo> BT::InputPort(BT::StringView, BT::StringView) [with T = double; BT::StringView = std::basic_string_view<char>]\x1b[m\x1b[K\xe2\x80\x99\n'}
[3.062636] (mercury_autonomy) StderrLine: {'line': b'  484 | \x1b[01;36m\x1b[KInputPort\x1b[m\x1b[K(StringView name, StringView description = {})\n'}
[3.062660] (mercury_autonomy) StderrLine: {'line': b'      | \x1b[01;36m\x1b[K^~~~~~~~~\x1b[m\x1b[K\n'}
[3.062683] (mercury_autonomy) StderrLine: {'line': b'\x1b[01m\x1b[K/home/bobdobchob/osu-uwrt/development/software/install/behaviortree_cpp/include/behaviortree_cpp/basic_types.h:484:39:\x1b[m\x1b[K \x1b[01;36m\x1b[Knote: \x1b[m\x1b[K  no known conversion for argument 2 from \xe2\x80\x98\x1b[01m\x1b[Kdouble\x1b[m\x1b[K\xe2\x80\x99 to \xe2\x80\x98\x1b[01m\x1b[KBT::StringView\x1b[m\x1b[K\xe2\x80\x99 {aka \xe2\x80\x98\x1b[01m\x1b[Kstd::basic_string_view<char>\x1b[m\x1b[K\xe2\x80\x99}\n'}
[3.062709] (mercury_autonomy) StderrLine: {'line': b'  484 | InputPort(StringView name, \x1b[01;36m\x1b[KStringView description = {}\x1b[m\x1b[K)\n'}
[3.062734] (mercury_autonomy) StderrLine: {'line': b'      |                            \x1b[01;36m\x1b[K~~~~~~~~~~~^~~~~~~~~~~~~~~~\x1b[m\x1b[K\n'}
[3.062759] (mercury_autonomy) StderrLine: {'line': b'\x1b[01m\x1b[K/home/bobdobchob/osu-uwrt/development/software/install/behaviortree_cpp/include/behaviortree_cpp/basic_types.h:554:1:\x1b[m\x1b[K \x1b[01;36m\x1b[Knote: \x1b[m\x1b[Kcandidate: \xe2\x80\x98\x1b[01m\x1b[Ktemplate<class T, class DefaultT> std::pair<std::__cxx11::basic_string<char>, BT::PortInfo> BT::InputPort(BT::StringView, const DefaultT&, BT::StringView)\x1b[m\x1b[K\xe2\x80\x99\n'}
[3.062789] (mercury_autonomy) StderrLine: {'line': b'  554 | \x1b[01;36m\x1b[KInputPort\x1b[m\x1b[K(StringView name, const DefaultT& default_value, StringView description)\n'}
[3.062812] (mercury_autonomy) StderrLine: {'line': b'      | \x1b[01;36m\x1b[K^~~~~~~~~\x1b[m\x1b[K\n'}
[3.062838] (mercury_autonomy) StderrLine: {'line': b'\x1b[01m\x1b[K/home/bobdobchob/osu-uwrt/development/software/install/behaviortree_cpp/include/behaviortree_cpp/basic_types.h:554:1:\x1b[m\x1b[K \x1b[01;36m\x1b[Knote: \x1b[m\x1b[K  template argument deduction/substitution failed:\n'}
[3.062863] (mercury_autonomy) StderrLine: {'line': b'In file included from \x1b[01m\x1b[K/home/bobdobchob/osu-uwrt/development/software/src/mercury_autonomy/mercury_autonomy/src/bt_actions/publish_ekf_pose.cpp:3\x1b[m\x1b[K:\n'}
[3.062895] (mercury_autonomy) StderrLine: {'line': b'\x1b[01m\x1b[K/home/bobdobchob/osu-uwrt/development/software/src/mercury_autonomy/mercury_autonomy/include/mercury_autonomy/bt_actions/publish_ekf_pose.hpp:28:28:\x1b[m\x1b[K \x1b[01;36m\x1b[Knote: \x1b[m\x1b[K  candidate expects 3 arguments, 2 provided\n'}
[3.062925] (mercury_autonomy) StderrLine: {'line': b'   28 |       \x1b[01;36m\x1b[KBT::InputPort<double>("pitch", 0.0)\x1b[m\x1b[K,\n'}
[3.062951] (mercury_autonomy) StderrLine: {'line': b'      |       \x1b[01;36m\x1b[K~~~~~~~~~~~~~~~~~~~~~^~~~~~~~~~~~~~\x1b[m\x1b[K\n'}
[3.062975] (mercury_autonomy) StderrLine: {'line': b'\x1b[01m\x1b[K/home/bobdobchob/osu-uwrt/development/software/src/mercury_autonomy/mercury_autonomy/include/mercury_autonomy/bt_actions/publish_ekf_pose.hpp:29:28:\x1b[m\x1b[K \x1b[01;31m\x1b[Kerror: \x1b[m\x1b[Kno matching function for call to \xe2\x80\x98\x1b[01m\x1b[KInputPort<double>(const char [4], double)\x1b[m\x1b[K\xe2\x80\x99\n'}
[3.063001] (mercury_autonomy) StderrLine: {'line': b'   29 |       \x1b[01;31m\x1b[KBT::InputPort<double>("yaw", 0.0)\x1b[m\x1b[K,\n'}
[3.063026] (mercury_autonomy) StderrLine: {'line': b'      |       \x1b[01;31m\x1b[K~~~~~~~~~~~~~~~~~~~~~^~~~~~~~~~~~\x1b[m\x1b[K\n'}
[3.063050] (mercury_autonomy) StderrLine: {'line': b'In file included from \x1b[01m\x1b[K/home/bobdobchob/osu-uwrt/development/software/install/behaviortree_cpp/include/behaviortree_cpp/tree_node.h:16\x1b[m\x1b[K,\n'}
[3.063076] (mercury_autonomy) StderrLine: {'line': b'                 from \x1b[01m\x1b[K/home/bobdobchob/osu-uwrt/development/software/install/behaviortree_cpp/include/behaviortree_cpp/leaf_node.h:17\x1b[m\x1b[K,\n'}
[3.063100] (mercury_autonomy) StderrLine: {'line': b'                 from \x1b[01m\x1b[K/home/bobdobchob/osu-uwrt/development/software/install/behaviortree_cpp/include/behaviortree_cpp/action_node.h:17\x1b[m\x1b[K,\n'}
[3.063125] (mercury_autonomy) StderrLine: {'line': b'                 from \x1b[01m\x1b[K/home/bobdobchob/osu-uwrt/development/software/install/behaviortree_cpp/include/behaviortree_cpp/behavior_tree.h:16\x1b[m\x1b[K,\n'}
[3.063152] (mercury_autonomy) StderrLine: {'line': b'                 from \x1b[01m\x1b[K/home/bobdobchob/osu-uwrt/development/software/src/mercury_autonomy/mercury_autonomy/include/mercury_autonomy/autonomy_base.hpp:15\x1b[m\x1b[K,\n'}
[3.063177] (mercury_autonomy) StderrLine: {'line': b'                 from \x1b[01m\x1b[K/home/bobdobchob/osu-uwrt/development/software/src/mercury_autonomy/mercury_autonomy/include/mercury_autonomy/autonomy_lib.hpp:6\x1b[m\x1b[K,\n'}
[3.063202] (mercury_autonomy) StderrLine: {'line': b'                 from \x1b[01m\x1b[K/home/bobdobchob/osu-uwrt/development/software/src/mercury_autonomy/mercury_autonomy/include/mercury_autonomy/bt_actions/publish_ekf_pose.hpp:5\x1b[m\x1b[K,\n'}
[3.063227] (mercury_autonomy) StderrLine: {'line': b'                 from \x1b[01m\x1b[K/home/bobdobchob/osu-uwrt/development/software/src/mercury_autonomy/mercury_autonomy/src/bt_actions/publish_ekf_pose.cpp:3\x1b[m\x1b[K:\n'}
[3.063252] (mercury_autonomy) StderrLine: {'line': b'\x1b[01m\x1b[K/home/bobdobchob/osu-uwrt/development/software/install/behaviortree_cpp/include/behaviortree_cpp/basic_types.h:484:1:\x1b[m\x1b[K \x1b[01;36m\x1b[Knote: \x1b[m\x1b[Kcandidate: \xe2\x80\x98\x1b[01m\x1b[Kstd::pair<std::__cxx11::basic_string<char>, BT::PortInfo> BT::InputPort(BT::StringView, BT::StringView) [with T = double; BT::StringView = std::basic_string_view<char>]\x1b[m\x1b[K\xe2\x80\x99\n'}
[3.063279] (mercury_autonomy) StderrLine: {'line': b'  484 | \x1b[01;36m\x1b[KInputPort\x1b[m\x1b[K(StringView name, StringView description = {})\n'}
[3.063306] (mercury_autonomy) StderrLine: {'line': b'      | \x1b[01;36m\x1b[K^~~~~~~~~\x1b[m\x1b[K\n'}
[3.063334] (mercury_autonomy) StderrLine: {'line': b'\x1b[01m\x1b[K/home/bobdobchob/osu-uwrt/development/software/install/behaviortree_cpp/include/behaviortree_cpp/basic_types.h:484:39:\x1b[m\x1b[K \x1b[01;36m\x1b[Knote: \x1b[m\x1b[K  no known conversion for argument 2 from \xe2\x80\x98\x1b[01m\x1b[Kdouble\x1b[m\x1b[K\xe2\x80\x99 to \xe2\x80\x98\x1b[01m\x1b[KBT::StringView\x1b[m\x1b[K\xe2\x80\x99 {aka \xe2\x80\x98\x1b[01m\x1b[Kstd::basic_string_view<char>\x1b[m\x1b[K\xe2\x80\x99}\n'}
[3.063361] (mercury_autonomy) StderrLine: {'line': b'  484 | InputPort(StringView name, \x1b[01;36m\x1b[KStringView description = {}\x1b[m\x1b[K)\n'}
[3.063386] (mercury_autonomy) StderrLine: {'line': b'      |                            \x1b[01;36m\x1b[K~~~~~~~~~~~^~~~~~~~~~~~~~~~\x1b[m\x1b[K\n'}
[3.063410] (mercury_autonomy) StderrLine: {'line': b'\x1b[01m\x1b[K/home/bobdobchob/osu-uwrt/development/software/install/behaviortree_cpp/include/behaviortree_cpp/basic_types.h:554:1:\x1b[m\x1b[K \x1b[01;36m\x1b[Knote: \x1b[m\x1b[Kcandidate: \xe2\x80\x98\x1b[01m\x1b[Ktemplate<class T, class DefaultT> std::pair<std::__cxx11::basic_string<char>, BT::PortInfo> BT::InputPort(BT::StringView, const DefaultT&, BT::StringView)\x1b[m\x1b[K\xe2\x80\x99\n'}
[3.063437] (mercury_autonomy) StderrLine: {'line': b'  554 | \x1b[01;36m\x1b[KInputPort\x1b[m\x1b[K(StringView name, const DefaultT& default_value, StringView description)\n'}
[3.063461] (mercury_autonomy) StderrLine: {'line': b'      | \x1b[01;36m\x1b[K^~~~~~~~~\x1b[m\x1b[K\n'}
[3.063486] (mercury_autonomy) StderrLine: {'line': b'\x1b[01m\x1b[K/home/bobdobchob/osu-uwrt/development/software/install/behaviortree_cpp/include/behaviortree_cpp/basic_types.h:554:1:\x1b[m\x1b[K \x1b[01;36m\x1b[Knote: \x1b[m\x1b[K  template argument deduction/substitution failed:\n'}
[3.063514] (mercury_autonomy) StderrLine: {'line': b'In file included from \x1b[01m\x1b[K/home/bobdobchob/osu-uwrt/development/software/src/mercury_autonomy/mercury_autonomy/src/bt_actions/publish_ekf_pose.cpp:3\x1b[m\x1b[K:\n'}
[3.063539] (mercury_autonomy) StderrLine: {'line': b'\x1b[01m\x1b[K/home/bobdobchob/osu-uwrt/development/software/src/mercury_autonomy/mercury_autonomy/include/mercury_autonomy/bt_actions/publish_ekf_pose.hpp:29:28:\x1b[m\x1b[K \x1b[01;36m\x1b[Knote: \x1b[m\x1b[K  candidate expects 3 arguments, 2 provided\n'}
[3.063567] (mercury_autonomy) StderrLine: {'line': b'   29 |       \x1b[01;36m\x1b[KBT::InputPort<double>("yaw", 0.0)\x1b[m\x1b[K,\n'}
[3.063593] (mercury_autonomy) StderrLine: {'line': b'      |       \x1b[01;36m\x1b[K~~~~~~~~~~~~~~~~~~~~~^~~~~~~~~~~~\x1b[m\x1b[K\n'}
[3.063618] (mercury_autonomy) StderrLine: {'line': b'\x1b[01m\x1b[K/home/bobdobchob/osu-uwrt/development/software/src/mercury_autonomy/mercury_autonomy/include/mercury_autonomy/bt_actions/publish_ekf_pose.hpp:30:26:\x1b[m\x1b[K \x1b[01;31m\x1b[Kerror: \x1b[m\x1b[Kno matching function for call to \xe2\x80\x98\x1b[01m\x1b[KInputPort<bool>(const char [15], bool)\x1b[m\x1b[K\xe2\x80\x99\n'}
[3.063644] (mercury_autonomy) StderrLine: {'line': b'   30 |       \x1b[01;31m\x1b[KBT::InputPort<bool>("setOrientation", false)\x1b[m\x1b[K,\n'}
[3.063670] (mercury_autonomy) StderrLine: {'line': b'      |       \x1b[01;31m\x1b[K~~~~~~~~~~~~~~~~~~~^~~~~~~~~~~~~~~~~~~~~~~~~\x1b[m\x1b[K\n'}
[3.063695] (mercury_autonomy) StderrLine: {'line': b'In file included from \x1b[01m\x1b[K/home/bobdobchob/osu-uwrt/development/software/install/behaviortree_cpp/include/behaviortree_cpp/tree_node.h:16\x1b[m\x1b[K,\n'}
[3.063720] (mercury_autonomy) StderrLine: {'line': b'                 from \x1b[01m\x1b[K/home/bobdobchob/osu-uwrt/development/software/install/behaviortree_cpp/include/behaviortree_cpp/leaf_node.h:17\x1b[m\x1b[K,\n'}
[3.063747] (mercury_autonomy) StderrLine: {'line': b'                 from \x1b[01m\x1b[K/home/bobdobchob/osu-uwrt/development/software/install/behaviortree_cpp/include/behaviortree_cpp/action_node.h:17\x1b[m\x1b[K,\n'}
[3.063775] (mercury_autonomy) StderrLine: {'line': b'                 from \x1b[01m\x1b[K/home/bobdobchob/osu-uwrt/development/software/install/behaviortree_cpp/include/behaviortree_cpp/behavior_tree.h:16\x1b[m\x1b[K,\n'}
[3.063802] (mercury_autonomy) StderrLine: {'line': b'                 from \x1b[01m\x1b[K/home/bobdobchob/osu-uwrt/development/software/src/mercury_autonomy/mercury_autonomy/include/mercury_autonomy/autonomy_base.hpp:15\x1b[m\x1b[K,\n'}
[3.063828] (mercury_autonomy) StderrLine: {'line': b'                 from \x1b[01m\x1b[K/home/bobdobchob/osu-uwrt/development/software/src/mercury_autonomy/mercury_autonomy/include/mercury_autonomy/autonomy_lib.hpp:6\x1b[m\x1b[K,\n'}
[3.063853] (mercury_autonomy) StderrLine: {'line': b'                 from \x1b[01m\x1b[K/home/bobdobchob/osu-uwrt/development/software/src/mercury_autonomy/mercury_autonomy/include/mercury_autonomy/bt_actions/publish_ekf_pose.hpp:5\x1b[m\x1b[K,\n'}
[3.063879] (mercury_autonomy) StderrLine: {'line': b'                 from \x1b[01m\x1b[K/home/bobdobchob/osu-uwrt/development/software/src/mercury_autonomy/mercury_autonomy/src/bt_actions/publish_ekf_pose.cpp:3\x1b[m\x1b[K:\n'}
[3.063913] (mercury_autonomy) StderrLine: {'line': b'\x1b[01m\x1b[K/home/bobdobchob/osu-uwrt/development/software/install/behaviortree_cpp/include/behaviortree_cpp/basic_types.h:484:1:\x1b[m\x1b[K \x1b[01;36m\x1b[Knote: \x1b[m\x1b[Kcandidate: \xe2\x80\x98\x1b[01m\x1b[Kstd::pair<std::__cxx11::basic_string<char>, BT::PortInfo> BT::InputPort(BT::StringView, BT::StringView) [with T = bool; BT::StringView = std::basic_string_view<char>]\x1b[m\x1b[K\xe2\x80\x99\n'}
[3.063943] (mercury_autonomy) StderrLine: {'line': b'  484 | \x1b[01;36m\x1b[KInputPort\x1b[m\x1b[K(StringView name, StringView description = {})\n'}
[3.063968] (mercury_autonomy) StderrLine: {'line': b'      | \x1b[01;36m\x1b[K^~~~~~~~~\x1b[m\x1b[K\n'}
[3.063993] (mercury_autonomy) StderrLine: {'line': b'\x1b[01m\x1b[K/home/bobdobchob/osu-uwrt/development/software/install/behaviortree_cpp/include/behaviortree_cpp/basic_types.h:484:39:\x1b[m\x1b[K \x1b[01;36m\x1b[Knote: \x1b[m\x1b[K  no known conversion for argument 2 from \xe2\x80\x98\x1b[01m\x1b[Kbool\x1b[m\x1b[K\xe2\x80\x99 to \xe2\x80\x98\x1b[01m\x1b[KBT::StringView\x1b[m\x1b[K\xe2\x80\x99 {aka \xe2\x80\x98\x1b[01m\x1b[Kstd::basic_string_view<char>\x1b[m\x1b[K\xe2\x80\x99}\n'}
[3.064021] (mercury_autonomy) StderrLine: {'line': b'  484 | InputPort(StringView name, \x1b[01;36m\x1b[KStringView description = {}\x1b[m\x1b[K)\n'}
[3.064046] (mercury_autonomy) StderrLine: {'line': b'      |                            \x1b[01;36m\x1b[K~~~~~~~~~~~^~~~~~~~~~~~~~~~\x1b[m\x1b[K\n'}
[3.064069] (mercury_autonomy) StderrLine: {'line': b'\x1b[01m\x1b[K/home/bobdobchob/osu-uwrt/development/software/install/behaviortree_cpp/include/behaviortree_cpp/basic_types.h:554:1:\x1b[m\x1b[K \x1b[01;36m\x1b[Knote: \x1b[m\x1b[Kcandidate: \xe2\x80\x98\x1b[01m\x1b[Ktemplate<class T, class DefaultT> std::pair<std::__cxx11::basic_string<char>, BT::PortInfo> BT::InputPort(BT::StringView, const DefaultT&, BT::StringView)\x1b[m\x1b[K\xe2\x80\x99\n'}
[3.064096] (mercury_autonomy) StderrLine: {'line': b'  554 | \x1b[01;36m\x1b[KInputPort\x1b[m\x1b[K(StringView name, const DefaultT& default_value, StringView description)\n'}
[3.064121] (mercury_autonomy) StderrLine: {'line': b'      | \x1b[01;36m\x1b[K^~~~~~~~~\x1b[m\x1b[K\n'}
[3.064146] (mercury_autonomy) StderrLine: {'line': b'\x1b[01m\x1b[K/home/bobdobchob/osu-uwrt/development/software/install/behaviortree_cpp/include/behaviortree_cpp/basic_types.h:554:1:\x1b[m\x1b[K \x1b[01;36m\x1b[Knote: \x1b[m\x1b[K  template argument deduction/substitution failed:\n'}
[3.064175] (mercury_autonomy) StderrLine: {'line': b'In file included from \x1b[01m\x1b[K/home/bobdobchob/osu-uwrt/development/software/src/mercury_autonomy/mercury_autonomy/src/bt_actions/publish_ekf_pose.cpp:3\x1b[m\x1b[K:\n'}
[3.064203] (mercury_autonomy) StderrLine: {'line': b'\x1b[01m\x1b[K/home/bobdobchob/osu-uwrt/development/software/src/mercury_autonomy/mercury_autonomy/include/mercury_autonomy/bt_actions/publish_ekf_pose.hpp:30:26:\x1b[m\x1b[K \x1b[01;36m\x1b[Knote: \x1b[m\x1b[K  candidate expects 3 arguments, 2 provided\n'}
[3.064231] (mercury_autonomy) StderrLine: {'line': b'   30 |       \x1b[01;36m\x1b[KBT::InputPort<bool>("setOrientation", false)\x1b[m\x1b[K,\n'}
[3.064257] (mercury_autonomy) StderrLine: {'line': b'      |       \x1b[01;36m\x1b[K~~~~~~~~~~~~~~~~~~~^~~~~~~~~~~~~~~~~~~~~~~~~\x1b[m\x1b[K\n'}
[3.064285] (mercury_autonomy) StderrLine: {'line': b'\x1b[01m\x1b[K/home/bobdobchob/osu-uwrt/development/software/src/mercury_autonomy/mercury_autonomy/include/mercury_autonomy/bt_actions/publish_ekf_pose.hpp:31:5:\x1b[m\x1b[K \x1b[01;31m\x1b[Kerror: \x1b[m\x1b[Kcould not convert \xe2\x80\x98\x1b[01m\x1b[K{<expression error>, <expression error>, <expression error>, <expression error>, <expression error>, <expression error>, <expression error>, <expression error>, <expression error>, <expression error>}\x1b[m\x1b[K\xe2\x80\x99 from \xe2\x80\x98\x1b[01m\x1b[K<brace-enclosed initializer list>\x1b[m\x1b[K\xe2\x80\x99 to \xe2\x80\x98\x1b[01m\x1b[KBT::PortsList\x1b[m\x1b[K\xe2\x80\x99 {aka \xe2\x80\x98\x1b[01m\x1b[Kstd::unordered_map<std::__cxx11::basic_string<char>, BT::PortInfo>\x1b[m\x1b[K\xe2\x80\x99}\n'}
[3.064315] (mercury_autonomy) StderrLine: {'line': b'   31 |     \x1b[01;31m\x1b[K}\x1b[m\x1b[K;\n'}
[3.064340] (mercury_autonomy) StderrLine: {'line': b'      |     \x1b[01;31m\x1b[K^\x1b[m\x1b[K\n'}
[3.064365] (mercury_autonomy) StderrLine: {'line': b'      |     \x1b[01;31m\x1b[K|\x1b[m\x1b[K\n'}
[3.064391] (mercury_autonomy) StderrLine: {'line': b'      |     \x1b[01;31m\x1b[K<brace-enclosed initializer list>\x1b[m\x1b[K\n'}
[3.071477] (mercury_autonomy) StderrLine: {'line': b'In file included from \x1b[01m\x1b[K/home/bobdobchob/osu-uwrt/development/software/src/mercury_autonomy/mercury_autonomy/src/register_actions.cpp:17\x1b[m\x1b[K:\n'}
[3.071843] (mercury_autonomy) StderrLine: {'line': b'\x1b[01m\x1b[K/home/bobdobchob/osu-uwrt/development/software/src/mercury_autonomy/mercury_autonomy/include/mercury_autonomy/bt_actions/publish_ekf_pose.hpp:\x1b[m\x1b[K In static member function \xe2\x80\x98\x1b[01m\x1b[Kstatic BT::PortsList mercury_autonomy::PublishEKFPose::providedPorts()\x1b[m\x1b[K\xe2\x80\x99:\n'}
[3.072142] (mercury_autonomy) StderrLine: {'line': b'\x1b[01m\x1b[K/home/bobdobchob/osu-uwrt/development/software/src/mercury_autonomy/mercury_autonomy/include/mercury_autonomy/bt_actions/publish_ekf_pose.hpp:21:28:\x1b[m\x1b[K \x1b[01;31m\x1b[Kerror: \x1b[m\x1b[Kno matching function for call to \xe2\x80\x98\x1b[01m\x1b[KInputPort<double>(const char [2], double)\x1b[m\x1b[K\xe2\x80\x99\n'}
[3.072339] (mercury_autonomy) StderrLine: {'line': b'   21 |       \x1b[01;31m\x1b[KBT::InputPort<double>("x", 0.0)\x1b[m\x1b[K,\n'}
[3.072377] (mercury_autonomy) StderrLine: {'line': b'      |       \x1b[01;31m\x1b[K~~~~~~~~~~~~~~~~~~~~~^~~~~~~~~~\x1b[m\x1b[K\n'}
[3.072408] (mercury_autonomy) StderrLine: {'line': b'In file included from \x1b[01m\x1b[K/home/bobdobchob/osu-uwrt/development/software/install/behaviortree_cpp/include/behaviortree_cpp/tree_node.h:16\x1b[m\x1b[K,\n'}
[3.072438] (mercury_autonomy) StderrLine: {'line': b'                 from \x1b[01m\x1b[K/home/bobdobchob/osu-uwrt/development/software/install/behaviortree_cpp/include/behaviortree_cpp/leaf_node.h:17\x1b[m\x1b[K,\n'}
[3.072465] (mercury_autonomy) StderrLine: {'line': b'                 from \x1b[01m\x1b[K/home/bobdobchob/osu-uwrt/development/software/install/behaviortree_cpp/include/behaviortree_cpp/action_node.h:17\x1b[m\x1b[K,\n'}
[3.072492] (mercury_autonomy) StderrLine: {'line': b'                 from \x1b[01m\x1b[K/home/bobdobchob/osu-uwrt/development/software/install/behaviortree_cpp/include/behaviortree_cpp/behavior_tree.h:16\x1b[m\x1b[K,\n'}
[3.072518] (mercury_autonomy) StderrLine: {'line': b'                 from \x1b[01m\x1b[K/home/bobdobchob/osu-uwrt/development/software/src/mercury_autonomy/mercury_autonomy/include/mercury_autonomy/autonomy_base.hpp:15\x1b[m\x1b[K,\n'}
[3.072553] (mercury_autonomy) StderrLine: {'line': b'                 from \x1b[01m\x1b[K/home/bobdobchob/osu-uwrt/development/software/src/mercury_autonomy/mercury_autonomy/include/mercury_autonomy/autonomy_lib.hpp:6\x1b[m\x1b[K,\n'}
[3.072579] (mercury_autonomy) StderrLine: {'line': b'                 from \x1b[01m\x1b[K/home/bobdobchob/osu-uwrt/development/software/src/mercury_autonomy/mercury_autonomy/include/mercury_autonomy/bt_actions/example_action.hpp:14\x1b[m\x1b[K,\n'}
[3.072605] (mercury_autonomy) StderrLine: {'line': b'                 from \x1b[01m\x1b[K/home/bobdobchob/osu-uwrt/development/software/src/mercury_autonomy/mercury_autonomy/src/register_actions.cpp:4\x1b[m\x1b[K:\n'}
[3.072631] (mercury_autonomy) StderrLine: {'line': b'\x1b[01m\x1b[K/home/bobdobchob/osu-uwrt/development/software/install/behaviortree_cpp/include/behaviortree_cpp/basic_types.h:484:1:\x1b[m\x1b[K \x1b[01;36m\x1b[Knote: \x1b[m\x1b[Kcandidate: \xe2\x80\x98\x1b[01m\x1b[Kstd::pair<std::__cxx11::basic_string<char>, BT::PortInfo> BT::InputPort(BT::StringView, BT::StringView) [with T = double; BT::StringView = std::basic_string_view<char>]\x1b[m\x1b[K\xe2\x80\x99\n'}
[3.072659] (mercury_autonomy) StderrLine: {'line': b'  484 | \x1b[01;36m\x1b[KInputPort\x1b[m\x1b[K(StringView name, StringView description = {})\n'}
[3.072685] (mercury_autonomy) StderrLine: {'line': b'      | \x1b[01;36m\x1b[K^~~~~~~~~\x1b[m\x1b[K\n'}
[3.072712] (mercury_autonomy) StderrLine: {'line': b'\x1b[01m\x1b[K/home/bobdobchob/osu-uwrt/development/software/install/behaviortree_cpp/include/behaviortree_cpp/basic_types.h:484:39:\x1b[m\x1b[K \x1b[01;36m\x1b[Knote: \x1b[m\x1b[K  no known conversion for argument 2 from \xe2\x80\x98\x1b[01m\x1b[Kdouble\x1b[m\x1b[K\xe2\x80\x99 to \xe2\x80\x98\x1b[01m\x1b[KBT::StringView\x1b[m\x1b[K\xe2\x80\x99 {aka \xe2\x80\x98\x1b[01m\x1b[Kstd::basic_string_view<char>\x1b[m\x1b[K\xe2\x80\x99}\n'}
[3.072742] (mercury_autonomy) StderrLine: {'line': b'  484 | InputPort(StringView name, \x1b[01;36m\x1b[KStringView description = {}\x1b[m\x1b[K)\n'}
[3.072773] (mercury_autonomy) StderrLine: {'line': b'      |                            \x1b[01;36m\x1b[K~~~~~~~~~~~^~~~~~~~~~~~~~~~\x1b[m\x1b[K\n'}
[3.072798] (mercury_autonomy) StderrLine: {'line': b'\x1b[01m\x1b[K/home/bobdobchob/osu-uwrt/development/software/install/behaviortree_cpp/include/behaviortree_cpp/basic_types.h:554:1:\x1b[m\x1b[K \x1b[01;36m\x1b[Knote: \x1b[m\x1b[Kcandidate: \xe2\x80\x98\x1b[01m\x1b[Ktemplate<class T, class DefaultT> std::pair<std::__cxx11::basic_string<char>, BT::PortInfo> BT::InputPort(BT::StringView, const DefaultT&, BT::StringView)\x1b[m\x1b[K\xe2\x80\x99\n'}
[3.072828] (mercury_autonomy) StderrLine: {'line': b'  554 | \x1b[01;36m\x1b[KInputPort\x1b[m\x1b[K(StringView name, const DefaultT& default_value, StringView description)\n'}
[3.072854] (mercury_autonomy) StderrLine: {'line': b'      | \x1b[01;36m\x1b[K^~~~~~~~~\x1b[m\x1b[K\n'}
[3.072879] (mercury_autonomy) StderrLine: {'line': b'\x1b[01m\x1b[K/home/bobdobchob/osu-uwrt/development/software/install/behaviortree_cpp/include/behaviortree_cpp/basic_types.h:554:1:\x1b[m\x1b[K \x1b[01;36m\x1b[Knote: \x1b[m\x1b[K  template argument deduction/substitution failed:\n'}
[3.072914] (mercury_autonomy) StderrLine: {'line': b'In file included from \x1b[01m\x1b[K/home/bobdobchob/osu-uwrt/development/software/src/mercury_autonomy/mercury_autonomy/src/register_actions.cpp:17\x1b[m\x1b[K:\n'}
[3.072940] (mercury_autonomy) StderrLine: {'line': b'\x1b[01m\x1b[K/home/bobdobchob/osu-uwrt/development/software/src/mercury_autonomy/mercury_autonomy/include/mercury_autonomy/bt_actions/publish_ekf_pose.hpp:21:28:\x1b[m\x1b[K \x1b[01;36m\x1b[Knote: \x1b[m\x1b[K  candidate expects 3 arguments, 2 provided\n'}
[3.072969] (mercury_autonomy) StderrLine: {'line': b'   21 |       \x1b[01;36m\x1b[KBT::InputPort<double>("x", 0.0)\x1b[m\x1b[K,\n'}
[3.072995] (mercury_autonomy) StderrLine: {'line': b'      |       \x1b[01;36m\x1b[K~~~~~~~~~~~~~~~~~~~~~^~~~~~~~~~\x1b[m\x1b[K\n'}
[3.073020] (mercury_autonomy) StderrLine: {'line': b'\x1b[01m\x1b[K/home/bobdobchob/osu-uwrt/development/software/src/mercury_autonomy/mercury_autonomy/include/mercury_autonomy/bt_actions/publish_ekf_pose.hpp:22:26:\x1b[m\x1b[K \x1b[01;31m\x1b[Kerror: \x1b[m\x1b[Kno matching function for call to \xe2\x80\x98\x1b[01m\x1b[KInputPort<bool>(const char [5], bool)\x1b[m\x1b[K\xe2\x80\x99\n'}
[3.073050] (mercury_autonomy) StderrLine: {'line': b'   22 |       \x1b[01;31m\x1b[KBT::InputPort<bool>("setX", false)\x1b[m\x1b[K,\n'}
[3.073087] (mercury_autonomy) StderrLine: {'line': b'      |       \x1b[01;31m\x1b[K~~~~~~~~~~~~~~~~~~~^~~~~~~~~~~~~~~\x1b[m\x1b[K\n'}
[3.073113] (mercury_autonomy) StderrLine: {'line': b'In file included from \x1b[01m\x1b[K/home/bobdobchob/osu-uwrt/development/software/install/behaviortree_cpp/include/behaviortree_cpp/tree_node.h:16\x1b[m\x1b[K,\n'}
[3.073138] (mercury_autonomy) StderrLine: {'line': b'                 from \x1b[01m\x1b[K/home/bobdobchob/osu-uwrt/development/software/install/behaviortree_cpp/include/behaviortree_cpp/leaf_node.h:17\x1b[m\x1b[K,\n'}
[3.073164] (mercury_autonomy) StderrLine: {'line': b'                 from \x1b[01m\x1b[K/home/bobdobchob/osu-uwrt/development/software/install/behaviortree_cpp/include/behaviortree_cpp/action_node.h:17\x1b[m\x1b[K,\n'}
[3.073189] (mercury_autonomy) StderrLine: {'line': b'                 from \x1b[01m\x1b[K/home/bobdobchob/osu-uwrt/development/software/install/behaviortree_cpp/include/behaviortree_cpp/behavior_tree.h:16\x1b[m\x1b[K,\n'}
[3.073214] (mercury_autonomy) StderrLine: {'line': b'                 from \x1b[01m\x1b[K/home/bobdobchob/osu-uwrt/development/software/src/mercury_autonomy/mercury_autonomy/include/mercury_autonomy/autonomy_base.hpp:15\x1b[m\x1b[K,\n'}
[3.073240] (mercury_autonomy) StderrLine: {'line': b'                 from \x1b[01m\x1b[K/home/bobdobchob/osu-uwrt/development/software/src/mercury_autonomy/mercury_autonomy/include/mercury_autonomy/autonomy_lib.hpp:6\x1b[m\x1b[K,\n'}
[3.073265] (mercury_autonomy) StderrLine: {'line': b'                 from \x1b[01m\x1b[K/home/bobdobchob/osu-uwrt/development/software/src/mercury_autonomy/mercury_autonomy/include/mercury_autonomy/bt_actions/example_action.hpp:14\x1b[m\x1b[K,\n'}
[3.073290] (mercury_autonomy) StderrLine: {'line': b'                 from \x1b[01m\x1b[K/home/bobdobchob/osu-uwrt/development/software/src/mercury_autonomy/mercury_autonomy/src/register_actions.cpp:4\x1b[m\x1b[K:\n'}
[3.073315] (mercury_autonomy) StderrLine: {'line': b'\x1b[01m\x1b[K/home/bobdobchob/osu-uwrt/development/software/install/behaviortree_cpp/include/behaviortree_cpp/basic_types.h:484:1:\x1b[m\x1b[K \x1b[01;36m\x1b[Knote: \x1b[m\x1b[Kcandidate: \xe2\x80\x98\x1b[01m\x1b[Kstd::pair<std::__cxx11::basic_string<char>, BT::PortInfo> BT::InputPort(BT::StringView, BT::StringView) [with T = bool; BT::StringView = std::basic_string_view<char>]\x1b[m\x1b[K\xe2\x80\x99\n'}
[3.073342] (mercury_autonomy) StderrLine: {'line': b'  484 | \x1b[01;36m\x1b[KInputPort\x1b[m\x1b[K(StringView name, StringView description = {})\n'}
[3.073366] (mercury_autonomy) StderrLine: {'line': b'      | \x1b[01;36m\x1b[K^~~~~~~~~\x1b[m\x1b[K\n'}
[3.073390] (mercury_autonomy) StderrLine: {'line': b'\x1b[01m\x1b[K/home/bobdobchob/osu-uwrt/development/software/install/behaviortree_cpp/include/behaviortree_cpp/basic_types.h:484:39:\x1b[m\x1b[K \x1b[01;36m\x1b[Knote: \x1b[m\x1b[K  no known conversion for argument 2 from \xe2\x80\x98\x1b[01m\x1b[Kbool\x1b[m\x1b[K\xe2\x80\x99 to \xe2\x80\x98\x1b[01m\x1b[KBT::StringView\x1b[m\x1b[K\xe2\x80\x99 {aka \xe2\x80\x98\x1b[01m\x1b[Kstd::basic_string_view<char>\x1b[m\x1b[K\xe2\x80\x99}\n'}
[3.073418] (mercury_autonomy) StderrLine: {'line': b'  484 | InputPort(StringView name, \x1b[01;36m\x1b[KStringView description = {}\x1b[m\x1b[K)\n'}
[3.073442] (mercury_autonomy) StderrLine: {'line': b'      |                            \x1b[01;36m\x1b[K~~~~~~~~~~~^~~~~~~~~~~~~~~~\x1b[m\x1b[K\n'}
[3.073466] (mercury_autonomy) StderrLine: {'line': b'\x1b[01m\x1b[K/home/bobdobchob/osu-uwrt/development/software/install/behaviortree_cpp/include/behaviortree_cpp/basic_types.h:554:1:\x1b[m\x1b[K \x1b[01;36m\x1b[Knote: \x1b[m\x1b[Kcandidate: \xe2\x80\x98\x1b[01m\x1b[Ktemplate<class T, class DefaultT> std::pair<std::__cxx11::basic_string<char>, BT::PortInfo> BT::InputPort(BT::StringView, const DefaultT&, BT::StringView)\x1b[m\x1b[K\xe2\x80\x99\n'}
[3.073498] (mercury_autonomy) StderrLine: {'line': b'  554 | \x1b[01;36m\x1b[KInputPort\x1b[m\x1b[K(StringView name, const DefaultT& default_value, StringView description)\n'}
[3.073523] (mercury_autonomy) StderrLine: {'line': b'      | \x1b[01;36m\x1b[K^~~~~~~~~\x1b[m\x1b[K\n'}
[3.073547] (mercury_autonomy) StderrLine: {'line': b'\x1b[01m\x1b[K/home/bobdobchob/osu-uwrt/development/software/install/behaviortree_cpp/include/behaviortree_cpp/basic_types.h:554:1:\x1b[m\x1b[K \x1b[01;36m\x1b[Knote: \x1b[m\x1b[K  template argument deduction/substitution failed:\n'}
[3.073574] (mercury_autonomy) StderrLine: {'line': b'In file included from \x1b[01m\x1b[K/home/bobdobchob/osu-uwrt/development/software/src/mercury_autonomy/mercury_autonomy/src/register_actions.cpp:17\x1b[m\x1b[K:\n'}
[3.073598] (mercury_autonomy) StderrLine: {'line': b'\x1b[01m\x1b[K/home/bobdobchob/osu-uwrt/development/software/src/mercury_autonomy/mercury_autonomy/include/mercury_autonomy/bt_actions/publish_ekf_pose.hpp:22:26:\x1b[m\x1b[K \x1b[01;36m\x1b[Knote: \x1b[m\x1b[K  candidate expects 3 arguments, 2 provided\n'}
[3.073627] (mercury_autonomy) StderrLine: {'line': b'   22 |       \x1b[01;36m\x1b[KBT::InputPort<bool>("setX", false)\x1b[m\x1b[K,\n'}
[3.073652] (mercury_autonomy) StderrLine: {'line': b'      |       \x1b[01;36m\x1b[K~~~~~~~~~~~~~~~~~~~^~~~~~~~~~~~~~~\x1b[m\x1b[K\n'}
[3.073676] (mercury_autonomy) StderrLine: {'line': b'\x1b[01m\x1b[K/home/bobdobchob/osu-uwrt/development/software/src/mercury_autonomy/mercury_autonomy/include/mercury_autonomy/bt_actions/publish_ekf_pose.hpp:23:28:\x1b[m\x1b[K \x1b[01;31m\x1b[Kerror: \x1b[m\x1b[Kno matching function for call to \xe2\x80\x98\x1b[01m\x1b[KInputPort<double>(const char [2], double)\x1b[m\x1b[K\xe2\x80\x99\n'}
[3.073701] (mercury_autonomy) StderrLine: {'line': b'   23 |       \x1b[01;31m\x1b[KBT::InputPort<double>("y", 0.0)\x1b[m\x1b[K,\n'}
[3.073726] (mercury_autonomy) StderrLine: {'line': b'      |       \x1b[01;31m\x1b[K~~~~~~~~~~~~~~~~~~~~~^~~~~~~~~~\x1b[m\x1b[K\n'}
[3.073750] (mercury_autonomy) StderrLine: {'line': b'In file included from \x1b[01m\x1b[K/home/bobdobchob/osu-uwrt/development/software/install/behaviortree_cpp/include/behaviortree_cpp/tree_node.h:16\x1b[m\x1b[K,\n'}
[3.073773] (mercury_autonomy) StderrLine: {'line': b'                 from \x1b[01m\x1b[K/home/bobdobchob/osu-uwrt/development/software/install/behaviortree_cpp/include/behaviortree_cpp/leaf_node.h:17\x1b[m\x1b[K,\n'}
[3.073796] (mercury_autonomy) StderrLine: {'line': b'                 from \x1b[01m\x1b[K/home/bobdobchob/osu-uwrt/development/software/install/behaviortree_cpp/include/behaviortree_cpp/action_node.h:17\x1b[m\x1b[K,\n'}
[3.073820] (mercury_autonomy) StderrLine: {'line': b'                 from \x1b[01m\x1b[K/home/bobdobchob/osu-uwrt/development/software/install/behaviortree_cpp/include/behaviortree_cpp/behavior_tree.h:16\x1b[m\x1b[K,\n'}
[3.073844] (mercury_autonomy) StderrLine: {'line': b'                 from \x1b[01m\x1b[K/home/bobdobchob/osu-uwrt/development/software/src/mercury_autonomy/mercury_autonomy/include/mercury_autonomy/autonomy_base.hpp:15\x1b[m\x1b[K,\n'}
[3.073869] (mercury_autonomy) StderrLine: {'line': b'                 from \x1b[01m\x1b[K/home/bobdobchob/osu-uwrt/development/software/src/mercury_autonomy/mercury_autonomy/include/mercury_autonomy/autonomy_lib.hpp:6\x1b[m\x1b[K,\n'}
[3.073898] (mercury_autonomy) StderrLine: {'line': b'                 from \x1b[01m\x1b[K/home/bobdobchob/osu-uwrt/development/software/src/mercury_autonomy/mercury_autonomy/include/mercury_autonomy/bt_actions/example_action.hpp:14\x1b[m\x1b[K,\n'}
[3.073927] (mercury_autonomy) StderrLine: {'line': b'                 from \x1b[01m\x1b[K/home/bobdobchob/osu-uwrt/development/software/src/mercury_autonomy/mercury_autonomy/src/register_actions.cpp:4\x1b[m\x1b[K:\n'}
[3.073953] (mercury_autonomy) StderrLine: {'line': b'\x1b[01m\x1b[K/home/bobdobchob/osu-uwrt/development/software/install/behaviortree_cpp/include/behaviortree_cpp/basic_types.h:484:1:\x1b[m\x1b[K \x1b[01;36m\x1b[Knote: \x1b[m\x1b[Kcandidate: \xe2\x80\x98\x1b[01m\x1b[Kstd::pair<std::__cxx11::basic_string<char>, BT::PortInfo> BT::InputPort(BT::StringView, BT::StringView) [with T = double; BT::StringView = std::basic_string_view<char>]\x1b[m\x1b[K\xe2\x80\x99\n'}
[3.073978] (mercury_autonomy) StderrLine: {'line': b'  484 | \x1b[01;36m\x1b[KInputPort\x1b[m\x1b[K(StringView name, StringView description = {})\n'}
[3.074000] (mercury_autonomy) StderrLine: {'line': b'      | \x1b[01;36m\x1b[K^~~~~~~~~\x1b[m\x1b[K\n'}
[3.074023] (mercury_autonomy) StderrLine: {'line': b'\x1b[01m\x1b[K/home/bobdobchob/osu-uwrt/development/software/install/behaviortree_cpp/include/behaviortree_cpp/basic_types.h:484:39:\x1b[m\x1b[K \x1b[01;36m\x1b[Knote: \x1b[m\x1b[K  no known conversion for argument 2 from \xe2\x80\x98\x1b[01m\x1b[Kdouble\x1b[m\x1b[K\xe2\x80\x99 to \xe2\x80\x98\x1b[01m\x1b[KBT::StringView\x1b[m\x1b[K\xe2\x80\x99 {aka \xe2\x80\x98\x1b[01m\x1b[Kstd::basic_string_view<char>\x1b[m\x1b[K\xe2\x80\x99}\n'}
[3.074048] (mercury_autonomy) StderrLine: {'line': b'  484 | InputPort(StringView name, \x1b[01;36m\x1b[KStringView description = {}\x1b[m\x1b[K)\n'}
[3.074070] (mercury_autonomy) StderrLine: {'line': b'      |                            \x1b[01;36m\x1b[K~~~~~~~~~~~^~~~~~~~~~~~~~~~\x1b[m\x1b[K\n'}
[3.074092] (mercury_autonomy) StderrLine: {'line': b'\x1b[01m\x1b[K/home/bobdobchob/osu-uwrt/development/software/install/behaviortree_cpp/include/behaviortree_cpp/basic_types.h:554:1:\x1b[m\x1b[K \x1b[01;36m\x1b[Knote: \x1b[m\x1b[Kcandidate: \xe2\x80\x98\x1b[01m\x1b[Ktemplate<class T, class DefaultT> std::pair<std::__cxx11::basic_string<char>, BT::PortInfo> BT::InputPort(BT::StringView, const DefaultT&, BT::StringView)\x1b[m\x1b[K\xe2\x80\x99\n'}
[3.074118] (mercury_autonomy) StderrLine: {'line': b'  554 | \x1b[01;36m\x1b[KInputPort\x1b[m\x1b[K(StringView name, const DefaultT& default_value, StringView description)\n'}
[3.074151] (mercury_autonomy) StderrLine: {'line': b'      | \x1b[01;36m\x1b[K^~~~~~~~~\x1b[m\x1b[K\n'}
[3.074180] (mercury_autonomy) StderrLine: {'line': b'\x1b[01m\x1b[K/home/bobdobchob/osu-uwrt/development/software/install/behaviortree_cpp/include/behaviortree_cpp/basic_types.h:554:1:\x1b[m\x1b[K \x1b[01;36m\x1b[Knote: \x1b[m\x1b[K  template argument deduction/substitution failed:\n'}
[3.074209] (mercury_autonomy) StderrLine: {'line': b'In file included from \x1b[01m\x1b[K/home/bobdobchob/osu-uwrt/development/software/src/mercury_autonomy/mercury_autonomy/src/register_actions.cpp:17\x1b[m\x1b[K:\n'}
[3.074319] (mercury_autonomy) StderrLine: {'line': b'\x1b[01m\x1b[K/home/bobdobchob/osu-uwrt/development/software/src/mercury_autonomy/mercury_autonomy/include/mercury_autonomy/bt_actions/publish_ekf_pose.hpp:23:28:\x1b[m\x1b[K \x1b[01;36m\x1b[Knote: \x1b[m\x1b[K  candidate expects 3 arguments, 2 provided\n'}
[3.074353] (mercury_autonomy) StderrLine: {'line': b'   23 |       \x1b[01;36m\x1b[KBT::InputPort<double>("y", 0.0)\x1b[m\x1b[K,\n'}
[3.074421] (mercury_autonomy) StderrLine: {'line': b'      |       \x1b[01;36m\x1b[K~~~~~~~~~~~~~~~~~~~~~^~~~~~~~~~\x1b[m\x1b[K\n'}
[3.074450] (mercury_autonomy) StderrLine: {'line': b'\x1b[01m\x1b[K/home/bobdobchob/osu-uwrt/development/software/src/mercury_autonomy/mercury_autonomy/include/mercury_autonomy/bt_actions/publish_ekf_pose.hpp:24:26:\x1b[m\x1b[K \x1b[01;31m\x1b[Kerror: \x1b[m\x1b[Kno matching function for call to \xe2\x80\x98\x1b[01m\x1b[KInputPort<bool>(const char [5], bool)\x1b[m\x1b[K\xe2\x80\x99\n'}
[3.074475] (mercury_autonomy) StderrLine: {'line': b'   24 |       \x1b[01;31m\x1b[KBT::InputPort<bool>("setY", false)\x1b[m\x1b[K,\n'}
[3.074500] (mercury_autonomy) StderrLine: {'line': b'      |       \x1b[01;31m\x1b[K~~~~~~~~~~~~~~~~~~~^~~~~~~~~~~~~~~\x1b[m\x1b[K\n'}
[3.074525] (mercury_autonomy) StderrLine: {'line': b'In file included from \x1b[01m\x1b[K/home/bobdobchob/osu-uwrt/development/software/install/behaviortree_cpp/include/behaviortree_cpp/tree_node.h:16\x1b[m\x1b[K,\n'}
[3.074552] (mercury_autonomy) StderrLine: {'line': b'                 from \x1b[01m\x1b[K/home/bobdobchob/osu-uwrt/development/software/install/behaviortree_cpp/include/behaviortree_cpp/leaf_node.h:17\x1b[m\x1b[K,\n'}
[3.074577] (mercury_autonomy) StderrLine: {'line': b'                 from \x1b[01m\x1b[K/home/bobdobchob/osu-uwrt/development/software/install/behaviortree_cpp/include/behaviortree_cpp/action_node.h:17\x1b[m\x1b[K,\n'}
[3.074601] (mercury_autonomy) StderrLine: {'line': b'                 from \x1b[01m\x1b[K/home/bobdobchob/osu-uwrt/development/software/install/behaviortree_cpp/include/behaviortree_cpp/behavior_tree.h:16\x1b[m\x1b[K,\n'}
[3.074626] (mercury_autonomy) StderrLine: {'line': b'                 from \x1b[01m\x1b[K/home/bobdobchob/osu-uwrt/development/software/src/mercury_autonomy/mercury_autonomy/include/mercury_autonomy/autonomy_base.hpp:15\x1b[m\x1b[K,\n'}
[3.074651] (mercury_autonomy) StderrLine: {'line': b'                 from \x1b[01m\x1b[K/home/bobdobchob/osu-uwrt/development/software/src/mercury_autonomy/mercury_autonomy/include/mercury_autonomy/autonomy_lib.hpp:6\x1b[m\x1b[K,\n'}
[3.074676] (mercury_autonomy) StderrLine: {'line': b'                 from \x1b[01m\x1b[K/home/bobdobchob/osu-uwrt/development/software/src/mercury_autonomy/mercury_autonomy/include/mercury_autonomy/bt_actions/example_action.hpp:14\x1b[m\x1b[K,\n'}
[3.074701] (mercury_autonomy) StderrLine: {'line': b'                 from \x1b[01m\x1b[K/home/bobdobchob/osu-uwrt/development/software/src/mercury_autonomy/mercury_autonomy/src/register_actions.cpp:4\x1b[m\x1b[K:\n'}
[3.074726] (mercury_autonomy) StderrLine: {'line': b'\x1b[01m\x1b[K/home/bobdobchob/osu-uwrt/development/software/install/behaviortree_cpp/include/behaviortree_cpp/basic_types.h:484:1:\x1b[m\x1b[K \x1b[01;36m\x1b[Knote: \x1b[m\x1b[Kcandidate: \xe2\x80\x98\x1b[01m\x1b[Kstd::pair<std::__cxx11::basic_string<char>, BT::PortInfo> BT::InputPort(BT::StringView, BT::StringView) [with T = bool; BT::StringView = std::basic_string_view<char>]\x1b[m\x1b[K\xe2\x80\x99\n'}
[3.074753] (mercury_autonomy) StderrLine: {'line': b'  484 | \x1b[01;36m\x1b[KInputPort\x1b[m\x1b[K(StringView name, StringView description = {})\n'}
[3.074781] (mercury_autonomy) StderrLine: {'line': b'      | \x1b[01;36m\x1b[K^~~~~~~~~\x1b[m\x1b[K\n'}
[3.074813] (mercury_autonomy) StderrLine: {'line': b'\x1b[01m\x1b[K/home/bobdobchob/osu-uwrt/development/software/install/behaviortree_cpp/include/behaviortree_cpp/basic_types.h:484:39:\x1b[m\x1b[K \x1b[01;36m\x1b[Knote: \x1b[m\x1b[K  no known conversion for argument 2 from \xe2\x80\x98\x1b[01m\x1b[Kbool\x1b[m\x1b[K\xe2\x80\x99 to \xe2\x80\x98\x1b[01m\x1b[KBT::StringView\x1b[m\x1b[K\xe2\x80\x99 {aka \xe2\x80\x98\x1b[01m\x1b[Kstd::basic_string_view<char>\x1b[m\x1b[K\xe2\x80\x99}\n'}
[3.074890] (mercury_autonomy) StderrLine: {'line': b'  484 | InputPort(StringView name, \x1b[01;36m\x1b[KStringView description = {}\x1b[m\x1b[K)\n'}
[3.074926] (mercury_autonomy) StderrLine: {'line': b'      |                            \x1b[01;36m\x1b[K~~~~~~~~~~~^~~~~~~~~~~~~~~~\x1b[m\x1b[K\n'}
[3.074953] (mercury_autonomy) StderrLine: {'line': b'\x1b[01m\x1b[K/home/bobdobchob/osu-uwrt/development/software/install/behaviortree_cpp/include/behaviortree_cpp/basic_types.h:554:1:\x1b[m\x1b[K \x1b[01;36m\x1b[Knote: \x1b[m\x1b[Kcandidate: \xe2\x80\x98\x1b[01m\x1b[Ktemplate<class T, class DefaultT> std::pair<std::__cxx11::basic_string<char>, BT::PortInfo> BT::InputPort(BT::StringView, const DefaultT&, BT::StringView)\x1b[m\x1b[K\xe2\x80\x99\n'}
[3.074980] (mercury_autonomy) StderrLine: {'line': b'  554 | \x1b[01;36m\x1b[KInputPort\x1b[m\x1b[K(StringView name, const DefaultT& default_value, StringView description)\n'}
[3.075006] (mercury_autonomy) StderrLine: {'line': b'      | \x1b[01;36m\x1b[K^~~~~~~~~\x1b[m\x1b[K\n'}
[3.075031] (mercury_autonomy) StderrLine: {'line': b'\x1b[01m\x1b[K/home/bobdobchob/osu-uwrt/development/software/install/behaviortree_cpp/include/behaviortree_cpp/basic_types.h:554:1:\x1b[m\x1b[K \x1b[01;36m\x1b[Knote: \x1b[m\x1b[K  template argument deduction/substitution failed:\n'}
[3.075061] (mercury_autonomy) StderrLine: {'line': b'In file included from \x1b[01m\x1b[K/home/bobdobchob/osu-uwrt/development/software/src/mercury_autonomy/mercury_autonomy/src/register_actions.cpp:17\x1b[m\x1b[K:\n'}
[3.075087] (mercury_autonomy) StderrLine: {'line': b'\x1b[01m\x1b[K/home/bobdobchob/osu-uwrt/development/software/src/mercury_autonomy/mercury_autonomy/include/mercury_autonomy/bt_actions/publish_ekf_pose.hpp:24:26:\x1b[m\x1b[K \x1b[01;36m\x1b[Knote: \x1b[m\x1b[K  candidate expects 3 arguments, 2 provided\n'}
[3.075115] (mercury_autonomy) StderrLine: {'line': b'   24 |       \x1b[01;36m\x1b[KBT::InputPort<bool>("setY", false)\x1b[m\x1b[K,\n'}
[3.075146] (mercury_autonomy) StderrLine: {'line': b'      |       \x1b[01;36m\x1b[K~~~~~~~~~~~~~~~~~~~^~~~~~~~~~~~~~~\x1b[m\x1b[K\n'}
[3.075175] (mercury_autonomy) StderrLine: {'line': b'\x1b[01m\x1b[K/home/bobdobchob/osu-uwrt/development/software/src/mercury_autonomy/mercury_autonomy/include/mercury_autonomy/bt_actions/publish_ekf_pose.hpp:25:28:\x1b[m\x1b[K \x1b[01;31m\x1b[Kerror: \x1b[m\x1b[Kno matching function for call to \xe2\x80\x98\x1b[01m\x1b[KInputPort<double>(const char [2], double)\x1b[m\x1b[K\xe2\x80\x99\n'}
[3.075206] (mercury_autonomy) StderrLine: {'line': b'   25 |       \x1b[01;31m\x1b[KBT::InputPort<double>("z", 0.0)\x1b[m\x1b[K,\n'}
[3.075237] (mercury_autonomy) StderrLine: {'line': b'      |       \x1b[01;31m\x1b[K~~~~~~~~~~~~~~~~~~~~~^~~~~~~~~~\x1b[m\x1b[K\n'}
[3.075265] (mercury_autonomy) StderrLine: {'line': b'In file included from \x1b[01m\x1b[K/home/bobdobchob/osu-uwrt/development/software/install/behaviortree_cpp/include/behaviortree_cpp/tree_node.h:16\x1b[m\x1b[K,\n'}
[3.075313] (mercury_autonomy) StderrLine: {'line': b'                 from \x1b[01m\x1b[K/home/bobdobchob/osu-uwrt/development/software/install/behaviortree_cpp/include/behaviortree_cpp/leaf_node.h:17\x1b[m\x1b[K,\n'}
[3.075339] (mercury_autonomy) StderrLine: {'line': b'                 from \x1b[01m\x1b[K/home/bobdobchob/osu-uwrt/development/software/install/behaviortree_cpp/include/behaviortree_cpp/action_node.h:17\x1b[m\x1b[K,\n'}
[3.075365] (mercury_autonomy) StderrLine: {'line': b'                 from \x1b[01m\x1b[K/home/bobdobchob/osu-uwrt/development/software/install/behaviortree_cpp/include/behaviortree_cpp/behavior_tree.h:16\x1b[m\x1b[K,\n'}
[3.075391] (mercury_autonomy) StderrLine: {'line': b'                 from \x1b[01m\x1b[K/home/bobdobchob/osu-uwrt/development/software/src/mercury_autonomy/mercury_autonomy/include/mercury_autonomy/autonomy_base.hpp:15\x1b[m\x1b[K,\n'}
[3.075417] (mercury_autonomy) StderrLine: {'line': b'                 from \x1b[01m\x1b[K/home/bobdobchob/osu-uwrt/development/software/src/mercury_autonomy/mercury_autonomy/include/mercury_autonomy/autonomy_lib.hpp:6\x1b[m\x1b[K,\n'}
[3.075442] (mercury_autonomy) StderrLine: {'line': b'                 from \x1b[01m\x1b[K/home/bobdobchob/osu-uwrt/development/software/src/mercury_autonomy/mercury_autonomy/include/mercury_autonomy/bt_actions/example_action.hpp:14\x1b[m\x1b[K,\n'}
[3.075467] (mercury_autonomy) StderrLine: {'line': b'                 from \x1b[01m\x1b[K/home/bobdobchob/osu-uwrt/development/software/src/mercury_autonomy/mercury_autonomy/src/register_actions.cpp:4\x1b[m\x1b[K:\n'}
[3.075494] (mercury_autonomy) StderrLine: {'line': b'\x1b[01m\x1b[K/home/bobdobchob/osu-uwrt/development/software/install/behaviortree_cpp/include/behaviortree_cpp/basic_types.h:484:1:\x1b[m\x1b[K \x1b[01;36m\x1b[Knote: \x1b[m\x1b[Kcandidate: \xe2\x80\x98\x1b[01m\x1b[Kstd::pair<std::__cxx11::basic_string<char>, BT::PortInfo> BT::InputPort(BT::StringView, BT::StringView) [with T = double; BT::StringView = std::basic_string_view<char>]\x1b[m\x1b[K\xe2\x80\x99\n'}
[3.075521] (mercury_autonomy) StderrLine: {'line': b'  484 | \x1b[01;36m\x1b[KInputPort\x1b[m\x1b[K(StringView name, StringView description = {})\n'}
[3.075546] (mercury_autonomy) StderrLine: {'line': b'      | \x1b[01;36m\x1b[K^~~~~~~~~\x1b[m\x1b[K\n'}
[3.075574] (mercury_autonomy) StderrLine: {'line': b'\x1b[01m\x1b[K/home/bobdobchob/osu-uwrt/development/software/install/behaviortree_cpp/include/behaviortree_cpp/basic_types.h:484:39:\x1b[m\x1b[K \x1b[01;36m\x1b[Knote: \x1b[m\x1b[K  no known conversion for argument 2 from \xe2\x80\x98\x1b[01m\x1b[Kdouble\x1b[m\x1b[K\xe2\x80\x99 to \xe2\x80\x98\x1b[01m\x1b[KBT::StringView\x1b[m\x1b[K\xe2\x80\x99 {aka \xe2\x80\x98\x1b[01m\x1b[Kstd::basic_string_view<char>\x1b[m\x1b[K\xe2\x80\x99}\n'}
[3.075601] (mercury_autonomy) StderrLine: {'line': b'  484 | InputPort(StringView name, \x1b[01;36m\x1b[KStringView description = {}\x1b[m\x1b[K)\n'}
[3.075626] (mercury_autonomy) StderrLine: {'line': b'      |                            \x1b[01;36m\x1b[K~~~~~~~~~~~^~~~~~~~~~~~~~~~\x1b[m\x1b[K\n'}
[3.075651] (mercury_autonomy) StderrLine: {'line': b'\x1b[01m\x1b[K/home/bobdobchob/osu-uwrt/development/software/install/behaviortree_cpp/include/behaviortree_cpp/basic_types.h:554:1:\x1b[m\x1b[K \x1b[01;36m\x1b[Knote: \x1b[m\x1b[Kcandidate: \xe2\x80\x98\x1b[01m\x1b[Ktemplate<class T, class DefaultT> std::pair<std::__cxx11::basic_string<char>, BT::PortInfo> BT::InputPort(BT::StringView, const DefaultT&, BT::StringView)\x1b[m\x1b[K\xe2\x80\x99\n'}
[3.075679] (mercury_autonomy) StderrLine: {'line': b'  554 | \x1b[01;36m\x1b[KInputPort\x1b[m\x1b[K(StringView name, const DefaultT& default_value, StringView description)\n'}
[3.075704] (mercury_autonomy) StderrLine: {'line': b'      | \x1b[01;36m\x1b[K^~~~~~~~~\x1b[m\x1b[K\n'}
[3.075967] (mercury_autonomy) StderrLine: {'line': b'\x1b[01m\x1b[K/home/bobdobchob/osu-uwrt/development/software/install/behaviortree_cpp/include/behaviortree_cpp/basic_types.h:554:1:\x1b[m\x1b[K \x1b[01;36m\x1b[Knote: \x1b[m\x1b[K  template argument deduction/substitution failed:\n'}
[3.076008] (mercury_autonomy) StderrLine: {'line': b'In file included from \x1b[01m\x1b[K/home/bobdobchob/osu-uwrt/development/software/src/mercury_autonomy/mercury_autonomy/src/register_actions.cpp:17\x1b[m\x1b[K:\n'}
[3.076039] (mercury_autonomy) StderrLine: {'line': b'\x1b[01m\x1b[K/home/bobdobchob/osu-uwrt/development/software/src/mercury_autonomy/mercury_autonomy/include/mercury_autonomy/bt_actions/publish_ekf_pose.hpp:25:28:\x1b[m\x1b[K \x1b[01;36m\x1b[Knote: \x1b[m\x1b[K  candidate expects 3 arguments, 2 provided\n'}
[3.076135] (mercury_autonomy) StderrLine: {'line': b'   25 |       \x1b[01;36m\x1b[KBT::InputPort<double>("z", 0.0)\x1b[m\x1b[K,\n'}
[3.076164] (mercury_autonomy) StderrLine: {'line': b'      |       \x1b[01;36m\x1b[K~~~~~~~~~~~~~~~~~~~~~^~~~~~~~~~\x1b[m\x1b[K\n'}
[3.076193] (mercury_autonomy) StderrLine: {'line': b'\x1b[01m\x1b[K/home/bobdobchob/osu-uwrt/development/software/src/mercury_autonomy/mercury_autonomy/include/mercury_autonomy/bt_actions/publish_ekf_pose.hpp:26:26:\x1b[m\x1b[K \x1b[01;31m\x1b[Kerror: \x1b[m\x1b[Kno matching function for call to \xe2\x80\x98\x1b[01m\x1b[KInputPort<bool>(const char [5], bool)\x1b[m\x1b[K\xe2\x80\x99\n'}
[3.076233] (mercury_autonomy) StderrLine: {'line': b'   26 |       \x1b[01;31m\x1b[KBT::InputPort<bool>("setZ", false)\x1b[m\x1b[K,\n'}
[3.076264] (mercury_autonomy) StderrLine: {'line': b'      |       \x1b[01;31m\x1b[K~~~~~~~~~~~~~~~~~~~^~~~~~~~~~~~~~~\x1b[m\x1b[K\n'}
[3.076293] (mercury_autonomy) StderrLine: {'line': b'In file included from \x1b[01m\x1b[K/home/bobdobchob/osu-uwrt/development/software/install/behaviortree_cpp/include/behaviortree_cpp/tree_node.h:16\x1b[m\x1b[K,\n'}
[3.076321] (mercury_autonomy) StderrLine: {'line': b'                 from \x1b[01m\x1b[K/home/bobdobchob/osu-uwrt/development/software/install/behaviortree_cpp/include/behaviortree_cpp/leaf_node.h:17\x1b[m\x1b[K,\n'}
[3.076347] (mercury_autonomy) StderrLine: {'line': b'                 from \x1b[01m\x1b[K/home/bobdobchob/osu-uwrt/development/software/install/behaviortree_cpp/include/behaviortree_cpp/action_node.h:17\x1b[m\x1b[K,\n'}
[3.076374] (mercury_autonomy) StderrLine: {'line': b'                 from \x1b[01m\x1b[K/home/bobdobchob/osu-uwrt/development/software/install/behaviortree_cpp/include/behaviortree_cpp/behavior_tree.h:16\x1b[m\x1b[K,\n'}
[3.076534] (mercury_autonomy) StderrLine: {'line': b'                 from \x1b[01m\x1b[K/home/bobdobchob/osu-uwrt/development/software/src/mercury_autonomy/mercury_autonomy/include/mercury_autonomy/autonomy_base.hpp:15\x1b[m\x1b[K,\n'}
[3.076565] (mercury_autonomy) StderrLine: {'line': b'                 from \x1b[01m\x1b[K/home/bobdobchob/osu-uwrt/development/software/src/mercury_autonomy/mercury_autonomy/include/mercury_autonomy/autonomy_lib.hpp:6\x1b[m\x1b[K,\n'}
[3.076591] (mercury_autonomy) StderrLine: {'line': b'                 from \x1b[01m\x1b[K/home/bobdobchob/osu-uwrt/development/software/src/mercury_autonomy/mercury_autonomy/include/mercury_autonomy/bt_actions/example_action.hpp:14\x1b[m\x1b[K,\n'}
[3.076617] (mercury_autonomy) StderrLine: {'line': b'                 from \x1b[01m\x1b[K/home/bobdobchob/osu-uwrt/development/software/src/mercury_autonomy/mercury_autonomy/src/register_actions.cpp:4\x1b[m\x1b[K:\n'}
[3.076697] (mercury_autonomy) StderrLine: {'line': b'\x1b[01m\x1b[K/home/bobdobchob/osu-uwrt/development/software/install/behaviortree_cpp/include/behaviortree_cpp/basic_types.h:484:1:\x1b[m\x1b[K \x1b[01;36m\x1b[Knote: \x1b[m\x1b[Kcandidate: \xe2\x80\x98\x1b[01m\x1b[Kstd::pair<std::__cxx11::basic_string<char>, BT::PortInfo> BT::InputPort(BT::StringView, BT::StringView) [with T = bool; BT::StringView = std::basic_string_view<char>]\x1b[m\x1b[K\xe2\x80\x99\n'}
[3.076725] (mercury_autonomy) StderrLine: {'line': b'  484 | \x1b[01;36m\x1b[KInputPort\x1b[m\x1b[K(StringView name, StringView description = {})\n'}
[3.076751] (mercury_autonomy) StderrLine: {'line': b'      | \x1b[01;36m\x1b[K^~~~~~~~~\x1b[m\x1b[K\n'}
[3.076775] (mercury_autonomy) StderrLine: {'line': b'\x1b[01m\x1b[K/home/bobdobchob/osu-uwrt/development/software/install/behaviortree_cpp/include/behaviortree_cpp/basic_types.h:484:39:\x1b[m\x1b[K \x1b[01;36m\x1b[Knote: \x1b[m\x1b[K  no known conversion for argument 2 from \xe2\x80\x98\x1b[01m\x1b[Kbool\x1b[m\x1b[K\xe2\x80\x99 to \xe2\x80\x98\x1b[01m\x1b[KBT::StringView\x1b[m\x1b[K\xe2\x80\x99 {aka \xe2\x80\x98\x1b[01m\x1b[Kstd::basic_string_view<char>\x1b[m\x1b[K\xe2\x80\x99}\n'}
[3.076806] (mercury_autonomy) StderrLine: {'line': b'  484 | InputPort(StringView name, \x1b[01;36m\x1b[KStringView description = {}\x1b[m\x1b[K)\n'}
[3.076831] (mercury_autonomy) StderrLine: {'line': b'      |                            \x1b[01;36m\x1b[K~~~~~~~~~~~^~~~~~~~~~~~~~~~\x1b[m\x1b[K\n'}
[3.076856] (mercury_autonomy) StderrLine: {'line': b'\x1b[01m\x1b[K/home/bobdobchob/osu-uwrt/development/software/install/behaviortree_cpp/include/behaviortree_cpp/basic_types.h:554:1:\x1b[m\x1b[K \x1b[01;36m\x1b[Knote: \x1b[m\x1b[Kcandidate: \xe2\x80\x98\x1b[01m\x1b[Ktemplate<class T, class DefaultT> std::pair<std::__cxx11::basic_string<char>, BT::PortInfo> BT::InputPort(BT::StringView, const DefaultT&, BT::StringView)\x1b[m\x1b[K\xe2\x80\x99\n'}
[3.076889] (mercury_autonomy) StderrLine: {'line': b'  554 | \x1b[01;36m\x1b[KInputPort\x1b[m\x1b[K(StringView name, const DefaultT& default_value, StringView description)\n'}
[3.076920] (mercury_autonomy) StderrLine: {'line': b'      | \x1b[01;36m\x1b[K^~~~~~~~~\x1b[m\x1b[K\n'}
[3.076949] (mercury_autonomy) StderrLine: {'line': b'\x1b[01m\x1b[K/home/bobdobchob/osu-uwrt/development/software/install/behaviortree_cpp/include/behaviortree_cpp/basic_types.h:554:1:\x1b[m\x1b[K \x1b[01;36m\x1b[Knote: \x1b[m\x1b[K  template argument deduction/substitution failed:\n'}
[3.076975] (mercury_autonomy) StderrLine: {'line': b'In file included from \x1b[01m\x1b[K/home/bobdobchob/osu-uwrt/development/software/src/mercury_autonomy/mercury_autonomy/src/register_actions.cpp:17\x1b[m\x1b[K:\n'}
[3.077002] (mercury_autonomy) StderrLine: {'line': b'\x1b[01m\x1b[K/home/bobdobchob/osu-uwrt/development/software/src/mercury_autonomy/mercury_autonomy/include/mercury_autonomy/bt_actions/publish_ekf_pose.hpp:26:26:\x1b[m\x1b[K \x1b[01;36m\x1b[Knote: \x1b[m\x1b[K  candidate expects 3 arguments, 2 provided\n'}
[3.077030] (mercury_autonomy) StderrLine: {'line': b'   26 |       \x1b[01;36m\x1b[KBT::InputPort<bool>("setZ", false)\x1b[m\x1b[K,\n'}
[3.077055] (mercury_autonomy) StderrLine: {'line': b'      |       \x1b[01;36m\x1b[K~~~~~~~~~~~~~~~~~~~^~~~~~~~~~~~~~~\x1b[m\x1b[K\n'}
[3.077080] (mercury_autonomy) StderrLine: {'line': b'\x1b[01m\x1b[K/home/bobdobchob/osu-uwrt/development/software/src/mercury_autonomy/mercury_autonomy/include/mercury_autonomy/bt_actions/publish_ekf_pose.hpp:27:28:\x1b[m\x1b[K \x1b[01;31m\x1b[Kerror: \x1b[m\x1b[Kno matching function for call to \xe2\x80\x98\x1b[01m\x1b[KInputPort<double>(const char [5], double)\x1b[m\x1b[K\xe2\x80\x99\n'}
[3.077109] (mercury_autonomy) StderrLine: {'line': b'   27 |       \x1b[01;31m\x1b[KBT::InputPort<double>("roll", 0.0)\x1b[m\x1b[K,\n'}
[3.077135] (mercury_autonomy) StderrLine: {'line': b'      |       \x1b[01;31m\x1b[K~~~~~~~~~~~~~~~~~~~~~^~~~~~~~~~~~~\x1b[m\x1b[K\n'}
[3.077161] (mercury_autonomy) StderrLine: {'line': b'In file included from \x1b[01m\x1b[K/home/bobdobchob/osu-uwrt/development/software/install/behaviortree_cpp/include/behaviortree_cpp/tree_node.h:16\x1b[m\x1b[K,\n'}
[3.077185] (mercury_autonomy) StderrLine: {'line': b'                 from \x1b[01m\x1b[K/home/bobdobchob/osu-uwrt/development/software/install/behaviortree_cpp/include/behaviortree_cpp/leaf_node.h:17\x1b[m\x1b[K,\n'}
[3.077210] (mercury_autonomy) StderrLine: {'line': b'                 from \x1b[01m\x1b[K/home/bobdobchob/osu-uwrt/development/software/install/behaviortree_cpp/include/behaviortree_cpp/action_node.h:17\x1b[m\x1b[K,\n'}
[3.077235] (mercury_autonomy) StderrLine: {'line': b'                 from \x1b[01m\x1b[K/home/bobdobchob/osu-uwrt/development/software/install/behaviortree_cpp/include/behaviortree_cpp/behavior_tree.h:16\x1b[m\x1b[K,\n'}
[3.077452] (mercury_autonomy) StderrLine: {'line': b'                 from \x1b[01m\x1b[K/home/bobdobchob/osu-uwrt/development/software/src/mercury_autonomy/mercury_autonomy/include/mercury_autonomy/autonomy_base.hpp:15\x1b[m\x1b[K,\n'}
[3.077524] (mercury_autonomy) StderrLine: {'line': b'                 from \x1b[01m\x1b[K/home/bobdobchob/osu-uwrt/development/software/src/mercury_autonomy/mercury_autonomy/include/mercury_autonomy/autonomy_lib.hpp:6\x1b[m\x1b[K,\n'}
[3.077560] (mercury_autonomy) StderrLine: {'line': b'                 from \x1b[01m\x1b[K/home/bobdobchob/osu-uwrt/development/software/src/mercury_autonomy/mercury_autonomy/include/mercury_autonomy/bt_actions/example_action.hpp:14\x1b[m\x1b[K,\n'}
[3.077593] (mercury_autonomy) StderrLine: {'line': b'                 from \x1b[01m\x1b[K/home/bobdobchob/osu-uwrt/development/software/src/mercury_autonomy/mercury_autonomy/src/register_actions.cpp:4\x1b[m\x1b[K:\n'}
[3.077621] (mercury_autonomy) StderrLine: {'line': b'\x1b[01m\x1b[K/home/bobdobchob/osu-uwrt/development/software/install/behaviortree_cpp/include/behaviortree_cpp/basic_types.h:484:1:\x1b[m\x1b[K \x1b[01;36m\x1b[Knote: \x1b[m\x1b[Kcandidate: \xe2\x80\x98\x1b[01m\x1b[Kstd::pair<std::__cxx11::basic_string<char>, BT::PortInfo> BT::InputPort(BT::StringView, BT::StringView) [with T = double; BT::StringView = std::basic_string_view<char>]\x1b[m\x1b[K\xe2\x80\x99\n'}
[3.077652] (mercury_autonomy) StderrLine: {'line': b'  484 | \x1b[01;36m\x1b[KInputPort\x1b[m\x1b[K(StringView name, StringView description = {})\n'}
[3.077680] (mercury_autonomy) StderrLine: {'line': b'      | \x1b[01;36m\x1b[K^~~~~~~~~\x1b[m\x1b[K\n'}
[3.077707] (mercury_autonomy) StderrLine: {'line': b'\x1b[01m\x1b[K/home/bobdobchob/osu-uwrt/development/software/install/behaviortree_cpp/include/behaviortree_cpp/basic_types.h:484:39:\x1b[m\x1b[K \x1b[01;36m\x1b[Knote: \x1b[m\x1b[K  no known conversion for argument 2 from \xe2\x80\x98\x1b[01m\x1b[Kdouble\x1b[m\x1b[K\xe2\x80\x99 to \xe2\x80\x98\x1b[01m\x1b[KBT::StringView\x1b[m\x1b[K\xe2\x80\x99 {aka \xe2\x80\x98\x1b[01m\x1b[Kstd::basic_string_view<char>\x1b[m\x1b[K\xe2\x80\x99}\n'}
[3.077736] (mercury_autonomy) StderrLine: {'line': b'  484 | InputPort(StringView name, \x1b[01;36m\x1b[KStringView description = {}\x1b[m\x1b[K)\n'}
[3.077768] (mercury_autonomy) StderrLine: {'line': b'      |                            \x1b[01;36m\x1b[K~~~~~~~~~~~^~~~~~~~~~~~~~~~\x1b[m\x1b[K\n'}
[3.077793] (mercury_autonomy) StderrLine: {'line': b'\x1b[01m\x1b[K/home/bobdobchob/osu-uwrt/development/software/install/behaviortree_cpp/include/behaviortree_cpp/basic_types.h:554:1:\x1b[m\x1b[K \x1b[01;36m\x1b[Knote: \x1b[m\x1b[Kcandidate: \xe2\x80\x98\x1b[01m\x1b[Ktemplate<class T, class DefaultT> std::pair<std::__cxx11::basic_string<char>, BT::PortInfo> BT::InputPort(BT::StringView, const DefaultT&, BT::StringView)\x1b[m\x1b[K\xe2\x80\x99\n'}
[3.077822] (mercury_autonomy) StderrLine: {'line': b'  554 | \x1b[01;36m\x1b[KInputPort\x1b[m\x1b[K(StringView name, const DefaultT& default_value, StringView description)\n'}
[3.077850] (mercury_autonomy) StderrLine: {'line': b'      | \x1b[01;36m\x1b[K^~~~~~~~~\x1b[m\x1b[K\n'}
[3.077876] (mercury_autonomy) StderrLine: {'line': b'\x1b[01m\x1b[K/home/bobdobchob/osu-uwrt/development/software/install/behaviortree_cpp/include/behaviortree_cpp/basic_types.h:554:1:\x1b[m\x1b[K \x1b[01;36m\x1b[Knote: \x1b[m\x1b[K  template argument deduction/substitution failed:\n'}
[3.077921] (mercury_autonomy) StderrLine: {'line': b'In file included from \x1b[01m\x1b[K/home/bobdobchob/osu-uwrt/development/software/src/mercury_autonomy/mercury_autonomy/src/register_actions.cpp:17\x1b[m\x1b[K:\n'}
[3.077950] (mercury_autonomy) StderrLine: {'line': b'\x1b[01m\x1b[K/home/bobdobchob/osu-uwrt/development/software/src/mercury_autonomy/mercury_autonomy/include/mercury_autonomy/bt_actions/publish_ekf_pose.hpp:27:28:\x1b[m\x1b[K \x1b[01;36m\x1b[Knote: \x1b[m\x1b[K  candidate expects 3 arguments, 2 provided\n'}
[3.077977] (mercury_autonomy) StderrLine: {'line': b'   27 |       \x1b[01;36m\x1b[KBT::InputPort<double>("roll", 0.0)\x1b[m\x1b[K,\n'}
[3.078004] (mercury_autonomy) StderrLine: {'line': b'      |       \x1b[01;36m\x1b[K~~~~~~~~~~~~~~~~~~~~~^~~~~~~~~~~~~\x1b[m\x1b[K\n'}
[3.078029] (mercury_autonomy) StderrLine: {'line': b'\x1b[01m\x1b[K/home/bobdobchob/osu-uwrt/development/software/src/mercury_autonomy/mercury_autonomy/include/mercury_autonomy/bt_actions/publish_ekf_pose.hpp:28:28:\x1b[m\x1b[K \x1b[01;31m\x1b[Kerror: \x1b[m\x1b[Kno matching function for call to \xe2\x80\x98\x1b[01m\x1b[KInputPort<double>(const char [6], double)\x1b[m\x1b[K\xe2\x80\x99\n'}
[3.078064] (mercury_autonomy) StderrLine: {'line': b'   28 |       \x1b[01;31m\x1b[KBT::InputPort<double>("pitch", 0.0)\x1b[m\x1b[K,\n'}
[3.078091] (mercury_autonomy) StderrLine: {'line': b'      |       \x1b[01;31m\x1b[K~~~~~~~~~~~~~~~~~~~~~^~~~~~~~~~~~~~\x1b[m\x1b[K\n'}
[3.078114] (mercury_autonomy) StderrLine: {'line': b'In file included from \x1b[01m\x1b[K/home/bobdobchob/osu-uwrt/development/software/install/behaviortree_cpp/include/behaviortree_cpp/tree_node.h:16\x1b[m\x1b[K,\n'}
[3.078139] (mercury_autonomy) StderrLine: {'line': b'                 from \x1b[01m\x1b[K/home/bobdobchob/osu-uwrt/development/software/install/behaviortree_cpp/include/behaviortree_cpp/leaf_node.h:17\x1b[m\x1b[K,\n'}
[3.078319] (mercury_autonomy) StderrLine: {'line': b'                 from \x1b[01m\x1b[K/home/bobdobchob/osu-uwrt/development/software/install/behaviortree_cpp/include/behaviortree_cpp/action_node.h:17\x1b[m\x1b[K,\n'}
[3.078358] (mercury_autonomy) StderrLine: {'line': b'                 from \x1b[01m\x1b[K/home/bobdobchob/osu-uwrt/development/software/install/behaviortree_cpp/include/behaviortree_cpp/behavior_tree.h:16\x1b[m\x1b[K,\n'}
[3.078386] (mercury_autonomy) StderrLine: {'line': b'                 from \x1b[01m\x1b[K/home/bobdobchob/osu-uwrt/development/software/src/mercury_autonomy/mercury_autonomy/include/mercury_autonomy/autonomy_base.hpp:15\x1b[m\x1b[K,\n'}
[3.078415] (mercury_autonomy) StderrLine: {'line': b'                 from \x1b[01m\x1b[K/home/bobdobchob/osu-uwrt/development/software/src/mercury_autonomy/mercury_autonomy/include/mercury_autonomy/autonomy_lib.hpp:6\x1b[m\x1b[K,\n'}
[3.078442] (mercury_autonomy) StderrLine: {'line': b'                 from \x1b[01m\x1b[K/home/bobdobchob/osu-uwrt/development/software/src/mercury_autonomy/mercury_autonomy/include/mercury_autonomy/bt_actions/example_action.hpp:14\x1b[m\x1b[K,\n'}
[3.078473] (mercury_autonomy) StderrLine: {'line': b'                 from \x1b[01m\x1b[K/home/bobdobchob/osu-uwrt/development/software/src/mercury_autonomy/mercury_autonomy/src/register_actions.cpp:4\x1b[m\x1b[K:\n'}
[3.078499] (mercury_autonomy) StderrLine: {'line': b'\x1b[01m\x1b[K/home/bobdobchob/osu-uwrt/development/software/install/behaviortree_cpp/include/behaviortree_cpp/basic_types.h:484:1:\x1b[m\x1b[K \x1b[01;36m\x1b[Knote: \x1b[m\x1b[Kcandidate: \xe2\x80\x98\x1b[01m\x1b[Kstd::pair<std::__cxx11::basic_string<char>, BT::PortInfo> BT::InputPort(BT::StringView, BT::StringView) [with T = double; BT::StringView = std::basic_string_view<char>]\x1b[m\x1b[K\xe2\x80\x99\n'}
[3.078530] (mercury_autonomy) StderrLine: {'line': b'  484 | \x1b[01;36m\x1b[KInputPort\x1b[m\x1b[K(StringView name, StringView description = {})\n'}
[3.078555] (mercury_autonomy) StderrLine: {'line': b'      | \x1b[01;36m\x1b[K^~~~~~~~~\x1b[m\x1b[K\n'}
[3.078581] (mercury_autonomy) StderrLine: {'line': b'\x1b[01m\x1b[K/home/bobdobchob/osu-uwrt/development/software/install/behaviortree_cpp/include/behaviortree_cpp/basic_types.h:484:39:\x1b[m\x1b[K \x1b[01;36m\x1b[Knote: \x1b[m\x1b[K  no known conversion for argument 2 from \xe2\x80\x98\x1b[01m\x1b[Kdouble\x1b[m\x1b[K\xe2\x80\x99 to \xe2\x80\x98\x1b[01m\x1b[KBT::StringView\x1b[m\x1b[K\xe2\x80\x99 {aka \xe2\x80\x98\x1b[01m\x1b[Kstd::basic_string_view<char>\x1b[m\x1b[K\xe2\x80\x99}\n'}
[3.078609] (mercury_autonomy) StderrLine: {'line': b'  484 | InputPort(StringView name, \x1b[01;36m\x1b[KStringView description = {}\x1b[m\x1b[K)\n'}
[3.078634] (mercury_autonomy) StderrLine: {'line': b'      |                            \x1b[01;36m\x1b[K~~~~~~~~~~~^~~~~~~~~~~~~~~~\x1b[m\x1b[K\n'}
[3.078659] (mercury_autonomy) StderrLine: {'line': b'\x1b[01m\x1b[K/home/bobdobchob/osu-uwrt/development/software/install/behaviortree_cpp/include/behaviortree_cpp/basic_types.h:554:1:\x1b[m\x1b[K \x1b[01;36m\x1b[Knote: \x1b[m\x1b[Kcandidate: \xe2\x80\x98\x1b[01m\x1b[Ktemplate<class T, class DefaultT> std::pair<std::__cxx11::basic_string<char>, BT::PortInfo> BT::InputPort(BT::StringView, const DefaultT&, BT::StringView)\x1b[m\x1b[K\xe2\x80\x99\n'}
[3.078686] (mercury_autonomy) StderrLine: {'line': b'  554 | \x1b[01;36m\x1b[KInputPort\x1b[m\x1b[K(StringView name, const DefaultT& default_value, StringView description)\n'}
[3.078711] (mercury_autonomy) StderrLine: {'line': b'      | \x1b[01;36m\x1b[K^~~~~~~~~\x1b[m\x1b[K\n'}
[3.078736] (mercury_autonomy) StderrLine: {'line': b'\x1b[01m\x1b[K/home/bobdobchob/osu-uwrt/development/software/install/behaviortree_cpp/include/behaviortree_cpp/basic_types.h:554:1:\x1b[m\x1b[K \x1b[01;36m\x1b[Knote: \x1b[m\x1b[K  template argument deduction/substitution failed:\n'}
[3.078762] (mercury_autonomy) StderrLine: {'line': b'In file included from \x1b[01m\x1b[K/home/bobdobchob/osu-uwrt/development/software/src/mercury_autonomy/mercury_autonomy/src/register_actions.cpp:17\x1b[m\x1b[K:\n'}
[3.078789] (mercury_autonomy) StderrLine: {'line': b'\x1b[01m\x1b[K/home/bobdobchob/osu-uwrt/development/software/src/mercury_autonomy/mercury_autonomy/include/mercury_autonomy/bt_actions/publish_ekf_pose.hpp:28:28:\x1b[m\x1b[K \x1b[01;36m\x1b[Knote: \x1b[m\x1b[K  candidate expects 3 arguments, 2 provided\n'}
[3.078816] (mercury_autonomy) StderrLine: {'line': b'   28 |       \x1b[01;36m\x1b[KBT::InputPort<double>("pitch", 0.0)\x1b[m\x1b[K,\n'}
[3.078841] (mercury_autonomy) StderrLine: {'line': b'      |       \x1b[01;36m\x1b[K~~~~~~~~~~~~~~~~~~~~~^~~~~~~~~~~~~~\x1b[m\x1b[K\n'}
[3.078865] (mercury_autonomy) StderrLine: {'line': b'\x1b[01m\x1b[K/home/bobdobchob/osu-uwrt/development/software/src/mercury_autonomy/mercury_autonomy/include/mercury_autonomy/bt_actions/publish_ekf_pose.hpp:29:28:\x1b[m\x1b[K \x1b[01;31m\x1b[Kerror: \x1b[m\x1b[Kno matching function for call to \xe2\x80\x98\x1b[01m\x1b[KInputPort<double>(const char [4], double)\x1b[m\x1b[K\xe2\x80\x99\n'}
[3.078910] (mercury_autonomy) StderrLine: {'line': b'   29 |       \x1b[01;31m\x1b[KBT::InputPort<double>("yaw", 0.0)\x1b[m\x1b[K,\n'}
[3.078939] (mercury_autonomy) StderrLine: {'line': b'      |       \x1b[01;31m\x1b[K~~~~~~~~~~~~~~~~~~~~~^~~~~~~~~~~~\x1b[m\x1b[K\n'}
[3.078963] (mercury_autonomy) StderrLine: {'line': b'In file included from \x1b[01m\x1b[K/home/bobdobchob/osu-uwrt/development/software/install/behaviortree_cpp/include/behaviortree_cpp/tree_node.h:16\x1b[m\x1b[K,\n'}
[3.078990] (mercury_autonomy) StderrLine: {'line': b'                 from \x1b[01m\x1b[K/home/bobdobchob/osu-uwrt/development/software/install/behaviortree_cpp/include/behaviortree_cpp/leaf_node.h:17\x1b[m\x1b[K,\n'}
[3.079015] (mercury_autonomy) StderrLine: {'line': b'                 from \x1b[01m\x1b[K/home/bobdobchob/osu-uwrt/development/software/install/behaviortree_cpp/include/behaviortree_cpp/action_node.h:17\x1b[m\x1b[K,\n'}
[3.079040] (mercury_autonomy) StderrLine: {'line': b'                 from \x1b[01m\x1b[K/home/bobdobchob/osu-uwrt/development/software/install/behaviortree_cpp/include/behaviortree_cpp/behavior_tree.h:16\x1b[m\x1b[K,\n'}
[3.079067] (mercury_autonomy) StderrLine: {'line': b'                 from \x1b[01m\x1b[K/home/bobdobchob/osu-uwrt/development/software/src/mercury_autonomy/mercury_autonomy/include/mercury_autonomy/autonomy_base.hpp:15\x1b[m\x1b[K,\n'}
[3.079091] (mercury_autonomy) StderrLine: {'line': b'                 from \x1b[01m\x1b[K/home/bobdobchob/osu-uwrt/development/software/src/mercury_autonomy/mercury_autonomy/include/mercury_autonomy/autonomy_lib.hpp:6\x1b[m\x1b[K,\n'}
[3.079116] (mercury_autonomy) StderrLine: {'line': b'                 from \x1b[01m\x1b[K/home/bobdobchob/osu-uwrt/development/software/src/mercury_autonomy/mercury_autonomy/include/mercury_autonomy/bt_actions/example_action.hpp:14\x1b[m\x1b[K,\n'}
[3.079142] (mercury_autonomy) StderrLine: {'line': b'                 from \x1b[01m\x1b[K/home/bobdobchob/osu-uwrt/development/software/src/mercury_autonomy/mercury_autonomy/src/register_actions.cpp:4\x1b[m\x1b[K:\n'}
[3.079167] (mercury_autonomy) StderrLine: {'line': b'\x1b[01m\x1b[K/home/bobdobchob/osu-uwrt/development/software/install/behaviortree_cpp/include/behaviortree_cpp/basic_types.h:484:1:\x1b[m\x1b[K \x1b[01;36m\x1b[Knote: \x1b[m\x1b[Kcandidate: \xe2\x80\x98\x1b[01m\x1b[Kstd::pair<std::__cxx11::basic_string<char>, BT::PortInfo> BT::InputPort(BT::StringView, BT::StringView) [with T = double; BT::StringView = std::basic_string_view<char>]\x1b[m\x1b[K\xe2\x80\x99\n'}
[3.079193] (mercury_autonomy) StderrLine: {'line': b'  484 | \x1b[01;36m\x1b[KInputPort\x1b[m\x1b[K(StringView name, StringView description = {})\n'}
[3.079218] (mercury_autonomy) StderrLine: {'line': b'      | \x1b[01;36m\x1b[K^~~~~~~~~\x1b[m\x1b[K\n'}
[3.079244] (mercury_autonomy) StderrLine: {'line': b'\x1b[01m\x1b[K/home/bobdobchob/osu-uwrt/development/software/install/behaviortree_cpp/include/behaviortree_cpp/basic_types.h:484:39:\x1b[m\x1b[K \x1b[01;36m\x1b[Knote: \x1b[m\x1b[K  no known conversion for argument 2 from \xe2\x80\x98\x1b[01m\x1b[Kdouble\x1b[m\x1b[K\xe2\x80\x99 to \xe2\x80\x98\x1b[01m\x1b[KBT::StringView\x1b[m\x1b[K\xe2\x80\x99 {aka \xe2\x80\x98\x1b[01m\x1b[Kstd::basic_string_view<char>\x1b[m\x1b[K\xe2\x80\x99}\n'}
[3.079271] (mercury_autonomy) StderrLine: {'line': b'  484 | InputPort(StringView name, \x1b[01;36m\x1b[KStringView description = {}\x1b[m\x1b[K)\n'}
[3.079296] (mercury_autonomy) StderrLine: {'line': b'      |                            \x1b[01;36m\x1b[K~~~~~~~~~~~^~~~~~~~~~~~~~~~\x1b[m\x1b[K\n'}
[3.079321] (mercury_autonomy) StderrLine: {'line': b'\x1b[01m\x1b[K/home/bobdobchob/osu-uwrt/development/software/install/behaviortree_cpp/include/behaviortree_cpp/basic_types.h:554:1:\x1b[m\x1b[K \x1b[01;36m\x1b[Knote: \x1b[m\x1b[Kcandidate: \xe2\x80\x98\x1b[01m\x1b[Ktemplate<class T, class DefaultT> std::pair<std::__cxx11::basic_string<char>, BT::PortInfo> BT::InputPort(BT::StringView, const DefaultT&, BT::StringView)\x1b[m\x1b[K\xe2\x80\x99\n'}
[3.079355] (mercury_autonomy) StderrLine: {'line': b'  554 | \x1b[01;36m\x1b[KInputPort\x1b[m\x1b[K(StringView name, const DefaultT& default_value, StringView description)\n'}
[3.079383] (mercury_autonomy) StderrLine: {'line': b'      | \x1b[01;36m\x1b[K^~~~~~~~~\x1b[m\x1b[K\n'}
[3.079407] (mercury_autonomy) StderrLine: {'line': b'\x1b[01m\x1b[K/home/bobdobchob/osu-uwrt/development/software/install/behaviortree_cpp/include/behaviortree_cpp/basic_types.h:554:1:\x1b[m\x1b[K \x1b[01;36m\x1b[Knote: \x1b[m\x1b[K  template argument deduction/substitution failed:\n'}
[3.079432] (mercury_autonomy) StderrLine: {'line': b'In file included from \x1b[01m\x1b[K/home/bobdobchob/osu-uwrt/development/software/src/mercury_autonomy/mercury_autonomy/src/register_actions.cpp:17\x1b[m\x1b[K:\n'}
[3.079456] (mercury_autonomy) StderrLine: {'line': b'\x1b[01m\x1b[K/home/bobdobchob/osu-uwrt/development/software/src/mercury_autonomy/mercury_autonomy/include/mercury_autonomy/bt_actions/publish_ekf_pose.hpp:29:28:\x1b[m\x1b[K \x1b[01;36m\x1b[Knote: \x1b[m\x1b[K  candidate expects 3 arguments, 2 provided\n'}
[3.079482] (mercury_autonomy) StderrLine: {'line': b'   29 |       \x1b[01;36m\x1b[KBT::InputPort<double>("yaw", 0.0)\x1b[m\x1b[K,\n'}
[3.079506] (mercury_autonomy) StderrLine: {'line': b'      |       \x1b[01;36m\x1b[K~~~~~~~~~~~~~~~~~~~~~^~~~~~~~~~~~\x1b[m\x1b[K\n'}
[3.079533] (mercury_autonomy) StderrLine: {'line': b'\x1b[01m\x1b[K/home/bobdobchob/osu-uwrt/development/software/src/mercury_autonomy/mercury_autonomy/include/mercury_autonomy/bt_actions/publish_ekf_pose.hpp:30:26:\x1b[m\x1b[K \x1b[01;31m\x1b[Kerror: \x1b[m\x1b[Kno matching function for call to \xe2\x80\x98\x1b[01m\x1b[KInputPort<bool>(const char [15], bool)\x1b[m\x1b[K\xe2\x80\x99\n'}
[3.079597] (mercury_autonomy) StderrLine: {'line': b'   30 |       \x1b[01;31m\x1b[KBT::InputPort<bool>("setOrientation", false)\x1b[m\x1b[K,\n'}
[3.079625] (mercury_autonomy) StderrLine: {'line': b'      |       \x1b[01;31m\x1b[K~~~~~~~~~~~~~~~~~~~^~~~~~~~~~~~~~~~~~~~~~~~~\x1b[m\x1b[K\n'}
[3.079651] (mercury_autonomy) StderrLine: {'line': b'In file included from \x1b[01m\x1b[K/home/bobdobchob/osu-uwrt/development/software/install/behaviortree_cpp/include/behaviortree_cpp/tree_node.h:16\x1b[m\x1b[K,\n'}
[3.079677] (mercury_autonomy) StderrLine: {'line': b'                 from \x1b[01m\x1b[K/home/bobdobchob/osu-uwrt/development/software/install/behaviortree_cpp/include/behaviortree_cpp/leaf_node.h:17\x1b[m\x1b[K,\n'}
[3.079702] (mercury_autonomy) StderrLine: {'line': b'                 from \x1b[01m\x1b[K/home/bobdobchob/osu-uwrt/development/software/install/behaviortree_cpp/include/behaviortree_cpp/action_node.h:17\x1b[m\x1b[K,\n'}
[3.079728] (mercury_autonomy) StderrLine: {'line': b'                 from \x1b[01m\x1b[K/home/bobdobchob/osu-uwrt/development/software/install/behaviortree_cpp/include/behaviortree_cpp/behavior_tree.h:16\x1b[m\x1b[K,\n'}
[3.079753] (mercury_autonomy) StderrLine: {'line': b'                 from \x1b[01m\x1b[K/home/bobdobchob/osu-uwrt/development/software/src/mercury_autonomy/mercury_autonomy/include/mercury_autonomy/autonomy_base.hpp:15\x1b[m\x1b[K,\n'}
[3.079778] (mercury_autonomy) StderrLine: {'line': b'                 from \x1b[01m\x1b[K/home/bobdobchob/osu-uwrt/development/software/src/mercury_autonomy/mercury_autonomy/include/mercury_autonomy/autonomy_lib.hpp:6\x1b[m\x1b[K,\n'}
[3.079806] (mercury_autonomy) StderrLine: {'line': b'                 from \x1b[01m\x1b[K/home/bobdobchob/osu-uwrt/development/software/src/mercury_autonomy/mercury_autonomy/include/mercury_autonomy/bt_actions/example_action.hpp:14\x1b[m\x1b[K,\n'}
[3.079831] (mercury_autonomy) StderrLine: {'line': b'                 from \x1b[01m\x1b[K/home/bobdobchob/osu-uwrt/development/software/src/mercury_autonomy/mercury_autonomy/src/register_actions.cpp:4\x1b[m\x1b[K:\n'}
[3.079857] (mercury_autonomy) StderrLine: {'line': b'\x1b[01m\x1b[K/home/bobdobchob/osu-uwrt/development/software/install/behaviortree_cpp/include/behaviortree_cpp/basic_types.h:484:1:\x1b[m\x1b[K \x1b[01;36m\x1b[Knote: \x1b[m\x1b[Kcandidate: \xe2\x80\x98\x1b[01m\x1b[Kstd::pair<std::__cxx11::basic_string<char>, BT::PortInfo> BT::InputPort(BT::StringView, BT::StringView) [with T = bool; BT::StringView = std::basic_string_view<char>]\x1b[m\x1b[K\xe2\x80\x99\n'}
[3.079892] (mercury_autonomy) StderrLine: {'line': b'  484 | \x1b[01;36m\x1b[KInputPort\x1b[m\x1b[K(StringView name, StringView description = {})\n'}
[3.079922] (mercury_autonomy) StderrLine: {'line': b'      | \x1b[01;36m\x1b[K^~~~~~~~~\x1b[m\x1b[K\n'}
[3.079947] (mercury_autonomy) StderrLine: {'line': b'\x1b[01m\x1b[K/home/bobdobchob/osu-uwrt/development/software/install/behaviortree_cpp/include/behaviortree_cpp/basic_types.h:484:39:\x1b[m\x1b[K \x1b[01;36m\x1b[Knote: \x1b[m\x1b[K  no known conversion for argument 2 from \xe2\x80\x98\x1b[01m\x1b[Kbool\x1b[m\x1b[K\xe2\x80\x99 to \xe2\x80\x98\x1b[01m\x1b[KBT::StringView\x1b[m\x1b[K\xe2\x80\x99 {aka \xe2\x80\x98\x1b[01m\x1b[Kstd::basic_string_view<char>\x1b[m\x1b[K\xe2\x80\x99}\n'}
[3.079974] (mercury_autonomy) StderrLine: {'line': b'  484 | InputPort(StringView name, \x1b[01;36m\x1b[KStringView description = {}\x1b[m\x1b[K)\n'}
[3.079998] (mercury_autonomy) StderrLine: {'line': b'      |                            \x1b[01;36m\x1b[K~~~~~~~~~~~^~~~~~~~~~~~~~~~\x1b[m\x1b[K\n'}
[3.080022] (mercury_autonomy) StderrLine: {'line': b'\x1b[01m\x1b[K/home/bobdobchob/osu-uwrt/development/software/install/behaviortree_cpp/include/behaviortree_cpp/basic_types.h:554:1:\x1b[m\x1b[K \x1b[01;36m\x1b[Knote: \x1b[m\x1b[Kcandidate: \xe2\x80\x98\x1b[01m\x1b[Ktemplate<class T, class DefaultT> std::pair<std::__cxx11::basic_string<char>, BT::PortInfo> BT::InputPort(BT::StringView, const DefaultT&, BT::StringView)\x1b[m\x1b[K\xe2\x80\x99\n'}
[3.080047] (mercury_autonomy) StderrLine: {'line': b'  554 | \x1b[01;36m\x1b[KInputPort\x1b[m\x1b[K(StringView name, const DefaultT& default_value, StringView description)\n'}
[3.080071] (mercury_autonomy) StderrLine: {'line': b'      | \x1b[01;36m\x1b[K^~~~~~~~~\x1b[m\x1b[K\n'}
[3.080095] (mercury_autonomy) StderrLine: {'line': b'\x1b[01m\x1b[K/home/bobdobchob/osu-uwrt/development/software/install/behaviortree_cpp/include/behaviortree_cpp/basic_types.h:554:1:\x1b[m\x1b[K \x1b[01;36m\x1b[Knote: \x1b[m\x1b[K  template argument deduction/substitution failed:\n'}
[3.080121] (mercury_autonomy) StderrLine: {'line': b'In file included from \x1b[01m\x1b[K/home/bobdobchob/osu-uwrt/development/software/src/mercury_autonomy/mercury_autonomy/src/register_actions.cpp:17\x1b[m\x1b[K:\n'}
[3.080145] (mercury_autonomy) StderrLine: {'line': b'\x1b[01m\x1b[K/home/bobdobchob/osu-uwrt/development/software/src/mercury_autonomy/mercury_autonomy/include/mercury_autonomy/bt_actions/publish_ekf_pose.hpp:30:26:\x1b[m\x1b[K \x1b[01;36m\x1b[Knote: \x1b[m\x1b[K  candidate expects 3 arguments, 2 provided\n'}
[3.080170] (mercury_autonomy) StderrLine: {'line': b'   30 |       \x1b[01;36m\x1b[KBT::InputPort<bool>("setOrientation", false)\x1b[m\x1b[K,\n'}
[3.080195] (mercury_autonomy) StderrLine: {'line': b'      |       \x1b[01;36m\x1b[K~~~~~~~~~~~~~~~~~~~^~~~~~~~~~~~~~~~~~~~~~~~~\x1b[m\x1b[K\n'}
[3.080220] (mercury_autonomy) StderrLine: {'line': b'\x1b[01m\x1b[K/home/bobdobchob/osu-uwrt/development/software/src/mercury_autonomy/mercury_autonomy/include/mercury_autonomy/bt_actions/publish_ekf_pose.hpp:31:5:\x1b[m\x1b[K \x1b[01;31m\x1b[Kerror: \x1b[m\x1b[Kcould not convert \xe2\x80\x98\x1b[01m\x1b[K{<expression error>, <expression error>, <expression error>, <expression error>, <expression error>, <expression error>, <expression error>, <expression error>, <expression error>, <expression error>}\x1b[m\x1b[K\xe2\x80\x99 from \xe2\x80\x98\x1b[01m\x1b[K<brace-enclosed initializer list>\x1b[m\x1b[K\xe2\x80\x99 to \xe2\x80\x98\x1b[01m\x1b[KBT::PortsList\x1b[m\x1b[K\xe2\x80\x99 {aka \xe2\x80\x98\x1b[01m\x1b[Kstd::unordered_map<std::__cxx11::basic_string<char>, BT::PortInfo>\x1b[m\x1b[K\xe2\x80\x99}\n'}
[3.080252] (mercury_autonomy) StderrLine: {'line': b'   31 |     \x1b[01;31m\x1b[K}\x1b[m\x1b[K;\n'}
[3.080277] (mercury_autonomy) StderrLine: {'line': b'      |     \x1b[01;31m\x1b[K^\x1b[m\x1b[K\n'}
[3.080302] (mercury_autonomy) StderrLine: {'line': b'      |     \x1b[01;31m\x1b[K|\x1b[m\x1b[K\n'}
[3.080330] (mercury_autonomy) StderrLine: {'line': b'      |     \x1b[01;31m\x1b[K<brace-enclosed initializer list>\x1b[m\x1b[K\n'}
[3.080368] (mercury_autonomy) StderrLine: {'line': b'In file included from \x1b[01m\x1b[K/home/bobdobchob/osu-uwrt/development/software/src/mercury_autonomy/mercury_autonomy/src/register_actions.cpp:18\x1b[m\x1b[K:\n'}
[3.080397] (mercury_autonomy) StderrLine: {'line': b'\x1b[01m\x1b[K/home/bobdobchob/osu-uwrt/development/software/src/mercury_autonomy/mercury_autonomy/include/mercury_autonomy/bt_actions/publish_int8.hpp:\x1b[m\x1b[K At global scope:\n'}
[3.080426] (mercury_autonomy) StderrLine: {'line': b'\x1b[01m\x1b[K/home/bobdobchob/osu-uwrt/development/software/src/mercury_autonomy/mercury_autonomy/include/mercury_autonomy/bt_actions/publish_int8.hpp:32:36:\x1b[m\x1b[K \x1b[01;31m\x1b[Kerror: \x1b[m\x1b[K\xe2\x80\x98\x1b[01m\x1b[KUInt16\x1b[m\x1b[K\xe2\x80\x99 is not a member of \xe2\x80\x98\x1b[01m\x1b[Kstd_msgs::msg\x1b[m\x1b[K\xe2\x80\x99\n'}
[3.080454] (mercury_autonomy) StderrLine: {'line': b'   32 |   rclcpp::Publisher<std_msgs::msg::\x1b[01;31m\x1b[KUInt16\x1b[m\x1b[K>::SharedPtr pub_;\n'}
[3.080480] (mercury_autonomy) StderrLine: {'line': b'      |                                    \x1b[01;31m\x1b[K^~~~~~\x1b[m\x1b[K\n'}
[3.080505] (mercury_autonomy) StderrLine: {'line': b'\x1b[01m\x1b[K/home/bobdobchob/osu-uwrt/development/software/src/mercury_autonomy/mercury_autonomy/include/mercury_autonomy/bt_actions/publish_int8.hpp:32:42:\x1b[m\x1b[K \x1b[01;31m\x1b[Kerror: \x1b[m\x1b[Ktemplate argument 1 is invalid\n'}
[3.080530] (mercury_autonomy) StderrLine: {'line': b'   32 |   rclcpp::Publisher<std_msgs::msg::UInt16\x1b[01;31m\x1b[K>\x1b[m\x1b[K::SharedPtr pub_;\n'}
[3.080554] (mercury_autonomy) StderrLine: {'line': b'      |                                          \x1b[01;31m\x1b[K^\x1b[m\x1b[K\n'}
[3.080578] (mercury_autonomy) StderrLine: {'line': b'\x1b[01m\x1b[K/home/bobdobchob/osu-uwrt/development/software/src/mercury_autonomy/mercury_autonomy/include/mercury_autonomy/bt_actions/publish_int8.hpp:32:45:\x1b[m\x1b[K \x1b[01;31m\x1b[Kerror: \x1b[m\x1b[Kexpected \xe2\x80\x98\x1b[01m\x1b[K;\x1b[m\x1b[K\xe2\x80\x99 at end of member declaration\n'}
[3.080604] (mercury_autonomy) StderrLine: {'line': b'   32 |   rclcpp::Publisher<std_msgs::msg::UInt16>::\x1b[01;31m\x1b[KSharedPtr\x1b[m\x1b[K pub_;\n'}
[3.080628] (mercury_autonomy) StderrLine: {'line': b'      |                                             \x1b[01;31m\x1b[K^~~~~~~~~\x1b[m\x1b[K\n'}
[3.080653] (mercury_autonomy) StderrLine: {'line': b'      |                                                      \x1b[32m\x1b[K;\x1b[m\x1b[K\n'}
[3.080676] (mercury_autonomy) StderrLine: {'line': b'\x1b[01m\x1b[K/home/bobdobchob/osu-uwrt/development/software/src/mercury_autonomy/mercury_autonomy/include/mercury_autonomy/bt_actions/publish_int8.hpp:32:55:\x1b[m\x1b[K \x1b[01;31m\x1b[Kerror: \x1b[m\x1b[K\xe2\x80\x98\x1b[01m\x1b[Kpub_\x1b[m\x1b[K\xe2\x80\x99 does not name a type\n'}
[3.080702] (mercury_autonomy) StderrLine: {'line': b'   32 |   rclcpp::Publisher<std_msgs::msg::UInt16>::SharedPtr \x1b[01;31m\x1b[Kpub_\x1b[m\x1b[K;\n'}
[3.080726] (mercury_autonomy) StderrLine: {'line': b'      |                                                       \x1b[01;31m\x1b[K^~~~\x1b[m\x1b[K\n'}
[3.080749] (mercury_autonomy) StderrLine: {'line': b'In file included from \x1b[01m\x1b[K/home/bobdobchob/osu-uwrt/development/software/src/mercury_autonomy/mercury_autonomy/test/test_legacy_action_nodes.cpp:12\x1b[m\x1b[K:\n'}
[3.080774] (mercury_autonomy) StderrLine: {'line': b'\x1b[01m\x1b[K/home/bobdobchob/osu-uwrt/development/software/src/mercury_autonomy/mercury_autonomy/include/mercury_autonomy/bt_actions/publish_ekf_pose.hpp:\x1b[m\x1b[K In static member function \xe2\x80\x98\x1b[01m\x1b[Kstatic BT::PortsList mercury_autonomy::PublishEKFPose::providedPorts()\x1b[m\x1b[K\xe2\x80\x99:\n'}
[3.080799] (mercury_autonomy) StderrLine: {'line': b'\x1b[01m\x1b[K/home/bobdobchob/osu-uwrt/development/software/src/mercury_autonomy/mercury_autonomy/include/mercury_autonomy/bt_actions/publish_ekf_pose.hpp:21:28:\x1b[m\x1b[K \x1b[01;31m\x1b[Kerror: \x1b[m\x1b[Kno matching function for call to \xe2\x80\x98\x1b[01m\x1b[KInputPort<double>(const char [2], double)\x1b[m\x1b[K\xe2\x80\x99\n'}
[3.080826] (mercury_autonomy) StderrLine: {'line': b'   21 |       \x1b[01;31m\x1b[KBT::InputPort<double>("x", 0.0)\x1b[m\x1b[K,\n'}
[3.080850] (mercury_autonomy) StderrLine: {'line': b'      |       \x1b[01;31m\x1b[K~~~~~~~~~~~~~~~~~~~~~^~~~~~~~~~\x1b[m\x1b[K\n'}
[3.080873] (mercury_autonomy) StderrLine: {'line': b'In file included from \x1b[01m\x1b[K/home/bobdobchob/osu-uwrt/development/software/install/behaviortree_cpp/include/behaviortree_cpp/tree_node.h:16\x1b[m\x1b[K,\n'}
[3.080903] (mercury_autonomy) StderrLine: {'line': b'                 from \x1b[01m\x1b[K/home/bobdobchob/osu-uwrt/development/software/install/behaviortree_cpp/include/behaviortree_cpp/leaf_node.h:17\x1b[m\x1b[K,\n'}
[3.080929] (mercury_autonomy) StderrLine: {'line': b'                 from \x1b[01m\x1b[K/home/bobdobchob/osu-uwrt/development/software/install/behaviortree_cpp/include/behaviortree_cpp/action_node.h:17\x1b[m\x1b[K,\n'}
[3.080954] (mercury_autonomy) StderrLine: {'line': b'                 from \x1b[01m\x1b[K/home/bobdobchob/osu-uwrt/development/software/install/behaviortree_cpp/include/behaviortree_cpp/behavior_tree.h:16\x1b[m\x1b[K,\n'}
[3.080977] (mercury_autonomy) StderrLine: {'line': b'                 from \x1b[01m\x1b[K/home/bobdobchob/osu-uwrt/development/software/src/mercury_autonomy/mercury_autonomy/test/test_legacy_action_nodes.cpp:5\x1b[m\x1b[K:\n'}
[3.081002] (mercury_autonomy) StderrLine: {'line': b'\x1b[01m\x1b[K/home/bobdobchob/osu-uwrt/development/software/install/behaviortree_cpp/include/behaviortree_cpp/basic_types.h:484:1:\x1b[m\x1b[K \x1b[01;36m\x1b[Knote: \x1b[m\x1b[Kcandidate: \xe2\x80\x98\x1b[01m\x1b[Kstd::pair<std::__cxx11::basic_string<char>, BT::PortInfo> BT::InputPort(BT::StringView, BT::StringView) [with T = double; BT::StringView = std::basic_string_view<char>]\x1b[m\x1b[K\xe2\x80\x99\n'}
[3.081028] (mercury_autonomy) StderrLine: {'line': b'  484 | \x1b[01;36m\x1b[KInputPort\x1b[m\x1b[K(StringView name, StringView description = {})\n'}
[3.081053] (mercury_autonomy) StderrLine: {'line': b'      | \x1b[01;36m\x1b[K^~~~~~~~~\x1b[m\x1b[K\n'}
[3.081076] (mercury_autonomy) StderrLine: {'line': b'\x1b[01m\x1b[K/home/bobdobchob/osu-uwrt/development/software/install/behaviortree_cpp/include/behaviortree_cpp/basic_types.h:484:39:\x1b[m\x1b[K \x1b[01;36m\x1b[Knote: \x1b[m\x1b[K  no known conversion for argument 2 from \xe2\x80\x98\x1b[01m\x1b[Kdouble\x1b[m\x1b[K\xe2\x80\x99 to \xe2\x80\x98\x1b[01m\x1b[KBT::StringView\x1b[m\x1b[K\xe2\x80\x99 {aka \xe2\x80\x98\x1b[01m\x1b[Kstd::basic_string_view<char>\x1b[m\x1b[K\xe2\x80\x99}\n'}
[3.081101] (mercury_autonomy) StderrLine: {'line': b'  484 | InputPort(StringView name, \x1b[01;36m\x1b[KStringView description = {}\x1b[m\x1b[K)\n'}
[3.081127] (mercury_autonomy) StderrLine: {'line': b'      |                            \x1b[01;36m\x1b[K~~~~~~~~~~~^~~~~~~~~~~~~~~~\x1b[m\x1b[K\n'}
[3.081152] (mercury_autonomy) StderrLine: {'line': b'\x1b[01m\x1b[K/home/bobdobchob/osu-uwrt/development/software/install/behaviortree_cpp/include/behaviortree_cpp/basic_types.h:554:1:\x1b[m\x1b[K \x1b[01;36m\x1b[Knote: \x1b[m\x1b[Kcandidate: \xe2\x80\x98\x1b[01m\x1b[Ktemplate<class T, class DefaultT> std::pair<std::__cxx11::basic_string<char>, BT::PortInfo> BT::InputPort(BT::StringView, const DefaultT&, BT::StringView)\x1b[m\x1b[K\xe2\x80\x99\n'}
[3.081181] (mercury_autonomy) StderrLine: {'line': b'  554 | \x1b[01;36m\x1b[KInputPort\x1b[m\x1b[K(StringView name, const DefaultT& default_value, StringView description)\n'}
[3.081207] (mercury_autonomy) StderrLine: {'line': b'      | \x1b[01;36m\x1b[K^~~~~~~~~\x1b[m\x1b[K\n'}
[3.081231] (mercury_autonomy) StderrLine: {'line': b'\x1b[01m\x1b[K/home/bobdobchob/osu-uwrt/development/software/install/behaviortree_cpp/include/behaviortree_cpp/basic_types.h:554:1:\x1b[m\x1b[K \x1b[01;36m\x1b[Knote: \x1b[m\x1b[K  template argument deduction/substitution failed:\n'}
[3.081257] (mercury_autonomy) StderrLine: {'line': b'In file included from \x1b[01m\x1b[K/home/bobdobchob/osu-uwrt/development/software/src/mercury_autonomy/mercury_autonomy/test/test_legacy_action_nodes.cpp:12\x1b[m\x1b[K:\n'}
[3.081282] (mercury_autonomy) StderrLine: {'line': b'\x1b[01m\x1b[K/home/bobdobchob/osu-uwrt/development/software/src/mercury_autonomy/mercury_autonomy/include/mercury_autonomy/bt_actions/publish_ekf_pose.hpp:21:28:\x1b[m\x1b[K \x1b[01;36m\x1b[Knote: \x1b[m\x1b[K  candidate expects 3 arguments, 2 provided\n'}
[3.081306] (mercury_autonomy) StderrLine: {'line': b'   21 |       \x1b[01;36m\x1b[KBT::InputPort<double>("x", 0.0)\x1b[m\x1b[K,\n'}
[3.081330] (mercury_autonomy) StderrLine: {'line': b'      |       \x1b[01;36m\x1b[K~~~~~~~~~~~~~~~~~~~~~^~~~~~~~~~\x1b[m\x1b[K\n'}
[3.081354] (mercury_autonomy) StderrLine: {'line': b'\x1b[01m\x1b[K/home/bobdobchob/osu-uwrt/development/software/src/mercury_autonomy/mercury_autonomy/include/mercury_autonomy/bt_actions/publish_ekf_pose.hpp:22:26:\x1b[m\x1b[K \x1b[01;31m\x1b[Kerror: \x1b[m\x1b[Kno matching function for call to \xe2\x80\x98\x1b[01m\x1b[KInputPort<bool>(const char [5], bool)\x1b[m\x1b[K\xe2\x80\x99\n'}
[3.081379] (mercury_autonomy) StderrLine: {'line': b'   22 |       \x1b[01;31m\x1b[KBT::InputPort<bool>("setX", false)\x1b[m\x1b[K,\n'}
[3.081403] (mercury_autonomy) StderrLine: {'line': b'      |       \x1b[01;31m\x1b[K~~~~~~~~~~~~~~~~~~~^~~~~~~~~~~~~~~\x1b[m\x1b[K\n'}
[3.081427] (mercury_autonomy) StderrLine: {'line': b'In file included from \x1b[01m\x1b[K/home/bobdobchob/osu-uwrt/development/software/install/behaviortree_cpp/include/behaviortree_cpp/tree_node.h:16\x1b[m\x1b[K,\n'}
[3.081452] (mercury_autonomy) StderrLine: {'line': b'                 from \x1b[01m\x1b[K/home/bobdobchob/osu-uwrt/development/software/install/behaviortree_cpp/include/behaviortree_cpp/leaf_node.h:17\x1b[m\x1b[K,\n'}
[3.081475] (mercury_autonomy) StderrLine: {'line': b'                 from \x1b[01m\x1b[K/home/bobdobchob/osu-uwrt/development/software/install/behaviortree_cpp/include/behaviortree_cpp/action_node.h:17\x1b[m\x1b[K,\n'}
[3.081497] (mercury_autonomy) StderrLine: {'line': b'                 from \x1b[01m\x1b[K/home/bobdobchob/osu-uwrt/development/software/install/behaviortree_cpp/include/behaviortree_cpp/behavior_tree.h:16\x1b[m\x1b[K,\n'}
[3.081521] (mercury_autonomy) StderrLine: {'line': b'                 from \x1b[01m\x1b[K/home/bobdobchob/osu-uwrt/development/software/src/mercury_autonomy/mercury_autonomy/test/test_legacy_action_nodes.cpp:5\x1b[m\x1b[K:\n'}
[3.081545] (mercury_autonomy) StderrLine: {'line': b'\x1b[01m\x1b[K/home/bobdobchob/osu-uwrt/development/software/install/behaviortree_cpp/include/behaviortree_cpp/basic_types.h:484:1:\x1b[m\x1b[K \x1b[01;36m\x1b[Knote: \x1b[m\x1b[Kcandidate: \xe2\x80\x98\x1b[01m\x1b[Kstd::pair<std::__cxx11::basic_string<char>, BT::PortInfo> BT::InputPort(BT::StringView, BT::StringView) [with T = bool; BT::StringView = std::basic_string_view<char>]\x1b[m\x1b[K\xe2\x80\x99\n'}
[3.081574] (mercury_autonomy) StderrLine: {'line': b'  484 | \x1b[01;36m\x1b[KInputPort\x1b[m\x1b[K(StringView name, StringView description = {})\n'}
[3.081599] (mercury_autonomy) StderrLine: {'line': b'      | \x1b[01;36m\x1b[K^~~~~~~~~\x1b[m\x1b[K\n'}
[3.081622] (mercury_autonomy) StderrLine: {'line': b'\x1b[01m\x1b[K/home/bobdobchob/osu-uwrt/development/software/install/behaviortree_cpp/include/behaviortree_cpp/basic_types.h:484:39:\x1b[m\x1b[K \x1b[01;36m\x1b[Knote: \x1b[m\x1b[K  no known conversion for argument 2 from \xe2\x80\x98\x1b[01m\x1b[Kbool\x1b[m\x1b[K\xe2\x80\x99 to \xe2\x80\x98\x1b[01m\x1b[KBT::StringView\x1b[m\x1b[K\xe2\x80\x99 {aka \xe2\x80\x98\x1b[01m\x1b[Kstd::basic_string_view<char>\x1b[m\x1b[K\xe2\x80\x99}\n'}
[3.081648] (mercury_autonomy) StderrLine: {'line': b'  484 | InputPort(StringView name, \x1b[01;36m\x1b[KStringView description = {}\x1b[m\x1b[K)\n'}
[3.081671] (mercury_autonomy) StderrLine: {'line': b'      |                            \x1b[01;36m\x1b[K~~~~~~~~~~~^~~~~~~~~~~~~~~~\x1b[m\x1b[K\n'}
[3.081697] (mercury_autonomy) StderrLine: {'line': b'\x1b[01m\x1b[K/home/bobdobchob/osu-uwrt/development/software/install/behaviortree_cpp/include/behaviortree_cpp/basic_types.h:554:1:\x1b[m\x1b[K \x1b[01;36m\x1b[Knote: \x1b[m\x1b[Kcandidate: \xe2\x80\x98\x1b[01m\x1b[Ktemplate<class T, class DefaultT> std::pair<std::__cxx11::basic_string<char>, BT::PortInfo> BT::InputPort(BT::StringView, const DefaultT&, BT::StringView)\x1b[m\x1b[K\xe2\x80\x99\n'}
[3.081721] (mercury_autonomy) StderrLine: {'line': b'  554 | \x1b[01;36m\x1b[KInputPort\x1b[m\x1b[K(StringView name, const DefaultT& default_value, StringView description)\n'}
[3.081745] (mercury_autonomy) StderrLine: {'line': b'      | \x1b[01;36m\x1b[K^~~~~~~~~\x1b[m\x1b[K\n'}
[3.081768] (mercury_autonomy) StderrLine: {'line': b'\x1b[01m\x1b[K/home/bobdobchob/osu-uwrt/development/software/install/behaviortree_cpp/include/behaviortree_cpp/basic_types.h:554:1:\x1b[m\x1b[K \x1b[01;36m\x1b[Knote: \x1b[m\x1b[K  template argument deduction/substitution failed:\n'}
[3.081795] (mercury_autonomy) StderrLine: {'line': b'In file included from \x1b[01m\x1b[K/home/bobdobchob/osu-uwrt/development/software/src/mercury_autonomy/mercury_autonomy/test/test_legacy_action_nodes.cpp:12\x1b[m\x1b[K:\n'}
[3.081819] (mercury_autonomy) StderrLine: {'line': b'\x1b[01m\x1b[K/home/bobdobchob/osu-uwrt/development/software/src/mercury_autonomy/mercury_autonomy/include/mercury_autonomy/bt_actions/publish_ekf_pose.hpp:22:26:\x1b[m\x1b[K \x1b[01;36m\x1b[Knote: \x1b[m\x1b[K  candidate expects 3 arguments, 2 provided\n'}
[3.081847] (mercury_autonomy) StderrLine: {'line': b'   22 |       \x1b[01;36m\x1b[KBT::InputPort<bool>("setX", false)\x1b[m\x1b[K,\n'}
[3.081872] (mercury_autonomy) StderrLine: {'line': b'      |       \x1b[01;36m\x1b[K~~~~~~~~~~~~~~~~~~~^~~~~~~~~~~~~~~\x1b[m\x1b[K\n'}
[3.081903] (mercury_autonomy) StderrLine: {'line': b'\x1b[01m\x1b[K/home/bobdobchob/osu-uwrt/development/software/src/mercury_autonomy/mercury_autonomy/include/mercury_autonomy/bt_actions/publish_ekf_pose.hpp:23:28:\x1b[m\x1b[K \x1b[01;31m\x1b[Kerror: \x1b[m\x1b[Kno matching function for call to \xe2\x80\x98\x1b[01m\x1b[KInputPort<double>(const char [2], double)\x1b[m\x1b[K\xe2\x80\x99\n'}
[3.081930] (mercury_autonomy) StderrLine: {'line': b'   23 |       \x1b[01;31m\x1b[KBT::InputPort<double>("y", 0.0)\x1b[m\x1b[K,\n'}
[3.081953] (mercury_autonomy) StderrLine: {'line': b'      |       \x1b[01;31m\x1b[K~~~~~~~~~~~~~~~~~~~~~^~~~~~~~~~\x1b[m\x1b[K\n'}
[3.081976] (mercury_autonomy) StderrLine: {'line': b'In file included from \x1b[01m\x1b[K/home/bobdobchob/osu-uwrt/development/software/install/behaviortree_cpp/include/behaviortree_cpp/tree_node.h:16\x1b[m\x1b[K,\n'}
[3.082000] (mercury_autonomy) StderrLine: {'line': b'                 from \x1b[01m\x1b[K/home/bobdobchob/osu-uwrt/development/software/install/behaviortree_cpp/include/behaviortree_cpp/leaf_node.h:17\x1b[m\x1b[K,\n'}
[3.082023] (mercury_autonomy) StderrLine: {'line': b'                 from \x1b[01m\x1b[K/home/bobdobchob/osu-uwrt/development/software/install/behaviortree_cpp/include/behaviortree_cpp/action_node.h:17\x1b[m\x1b[K,\n'}
[3.082046] (mercury_autonomy) StderrLine: {'line': b'                 from \x1b[01m\x1b[K/home/bobdobchob/osu-uwrt/development/software/install/behaviortree_cpp/include/behaviortree_cpp/behavior_tree.h:16\x1b[m\x1b[K,\n'}
[3.082069] (mercury_autonomy) StderrLine: {'line': b'                 from \x1b[01m\x1b[K/home/bobdobchob/osu-uwrt/development/software/src/mercury_autonomy/mercury_autonomy/test/test_legacy_action_nodes.cpp:5\x1b[m\x1b[K:\n'}
[3.082093] (mercury_autonomy) StderrLine: {'line': b'\x1b[01m\x1b[K/home/bobdobchob/osu-uwrt/development/software/install/behaviortree_cpp/include/behaviortree_cpp/basic_types.h:484:1:\x1b[m\x1b[K \x1b[01;36m\x1b[Knote: \x1b[m\x1b[Kcandidate: \xe2\x80\x98\x1b[01m\x1b[Kstd::pair<std::__cxx11::basic_string<char>, BT::PortInfo> BT::InputPort(BT::StringView, BT::StringView) [with T = double; BT::StringView = std::basic_string_view<char>]\x1b[m\x1b[K\xe2\x80\x99\n'}
[3.082124] (mercury_autonomy) StderrLine: {'line': b'  484 | \x1b[01;36m\x1b[KInputPort\x1b[m\x1b[K(StringView name, StringView description = {})\n'}
[3.082148] (mercury_autonomy) StderrLine: {'line': b'      | \x1b[01;36m\x1b[K^~~~~~~~~\x1b[m\x1b[K\n'}
[3.082171] (mercury_autonomy) StderrLine: {'line': b'\x1b[01m\x1b[K/home/bobdobchob/osu-uwrt/development/software/install/behaviortree_cpp/include/behaviortree_cpp/basic_types.h:484:39:\x1b[m\x1b[K \x1b[01;36m\x1b[Knote: \x1b[m\x1b[K  no known conversion for argument 2 from \xe2\x80\x98\x1b[01m\x1b[Kdouble\x1b[m\x1b[K\xe2\x80\x99 to \xe2\x80\x98\x1b[01m\x1b[KBT::StringView\x1b[m\x1b[K\xe2\x80\x99 {aka \xe2\x80\x98\x1b[01m\x1b[Kstd::basic_string_view<char>\x1b[m\x1b[K\xe2\x80\x99}\n'}
[3.082199] (mercury_autonomy) StderrLine: {'line': b'  484 | InputPort(StringView name, \x1b[01;36m\x1b[KStringView description = {}\x1b[m\x1b[K)\n'}
[3.082223] (mercury_autonomy) StderrLine: {'line': b'      |                            \x1b[01;36m\x1b[K~~~~~~~~~~~^~~~~~~~~~~~~~~~\x1b[m\x1b[K\n'}
[3.082248] (mercury_autonomy) StderrLine: {'line': b'\x1b[01m\x1b[K/home/bobdobchob/osu-uwrt/development/software/install/behaviortree_cpp/include/behaviortree_cpp/basic_types.h:554:1:\x1b[m\x1b[K \x1b[01;36m\x1b[Knote: \x1b[m\x1b[Kcandidate: \xe2\x80\x98\x1b[01m\x1b[Ktemplate<class T, class DefaultT> std::pair<std::__cxx11::basic_string<char>, BT::PortInfo> BT::InputPort(BT::StringView, const DefaultT&, BT::StringView)\x1b[m\x1b[K\xe2\x80\x99\n'}
[3.082273] (mercury_autonomy) StderrLine: {'line': b'  554 | \x1b[01;36m\x1b[KInputPort\x1b[m\x1b[K(StringView name, const DefaultT& default_value, StringView description)\n'}
[3.082298] (mercury_autonomy) StderrLine: {'line': b'      | \x1b[01;36m\x1b[K^~~~~~~~~\x1b[m\x1b[K\n'}
[3.082322] (mercury_autonomy) StderrLine: {'line': b'\x1b[01m\x1b[K/home/bobdobchob/osu-uwrt/development/software/install/behaviortree_cpp/include/behaviortree_cpp/basic_types.h:554:1:\x1b[m\x1b[K \x1b[01;36m\x1b[Knote: \x1b[m\x1b[K  template argument deduction/substitution failed:\n'}
[3.082346] (mercury_autonomy) StderrLine: {'line': b'In file included from \x1b[01m\x1b[K/home/bobdobchob/osu-uwrt/development/software/src/mercury_autonomy/mercury_autonomy/test/test_legacy_action_nodes.cpp:12\x1b[m\x1b[K:\n'}
[3.082370] (mercury_autonomy) StderrLine: {'line': b'\x1b[01m\x1b[K/home/bobdobchob/osu-uwrt/development/software/src/mercury_autonomy/mercury_autonomy/include/mercury_autonomy/bt_actions/publish_ekf_pose.hpp:23:28:\x1b[m\x1b[K \x1b[01;36m\x1b[Knote: \x1b[m\x1b[K  candidate expects 3 arguments, 2 provided\n'}
[3.082395] (mercury_autonomy) StderrLine: {'line': b'   23 |       \x1b[01;36m\x1b[KBT::InputPort<double>("y", 0.0)\x1b[m\x1b[K,\n'}
[3.082418] (mercury_autonomy) StderrLine: {'line': b'      |       \x1b[01;36m\x1b[K~~~~~~~~~~~~~~~~~~~~~^~~~~~~~~~\x1b[m\x1b[K\n'}
[3.082442] (mercury_autonomy) StderrLine: {'line': b'\x1b[01m\x1b[K/home/bobdobchob/osu-uwrt/development/software/src/mercury_autonomy/mercury_autonomy/include/mercury_autonomy/bt_actions/publish_ekf_pose.hpp:24:26:\x1b[m\x1b[K \x1b[01;31m\x1b[Kerror: \x1b[m\x1b[Kno matching function for call to \xe2\x80\x98\x1b[01m\x1b[KInputPort<bool>(const char [5], bool)\x1b[m\x1b[K\xe2\x80\x99\n'}
[3.082471] (mercury_autonomy) StderrLine: {'line': b'   24 |       \x1b[01;31m\x1b[KBT::InputPort<bool>("setY", false)\x1b[m\x1b[K,\n'}
[3.082495] (mercury_autonomy) StderrLine: {'line': b'      |       \x1b[01;31m\x1b[K~~~~~~~~~~~~~~~~~~~^~~~~~~~~~~~~~~\x1b[m\x1b[K\n'}
[3.082521] (mercury_autonomy) StderrLine: {'line': b'In file included from \x1b[01m\x1b[K/home/bobdobchob/osu-uwrt/development/software/install/behaviortree_cpp/include/behaviortree_cpp/tree_node.h:16\x1b[m\x1b[K,\n'}
[3.082547] (mercury_autonomy) StderrLine: {'line': b'                 from \x1b[01m\x1b[K/home/bobdobchob/osu-uwrt/development/software/install/behaviortree_cpp/include/behaviortree_cpp/leaf_node.h:17\x1b[m\x1b[K,\n'}
[3.082721] (mercury_autonomy) StderrLine: {'line': b'                 from \x1b[01m\x1b[K/home/bobdobchob/osu-uwrt/development/software/install/behaviortree_cpp/include/behaviortree_cpp/action_node.h:17\x1b[m\x1b[K,\n'}
[3.082785] (mercury_autonomy) StderrLine: {'line': b'                 from \x1b[01m\x1b[K/home/bobdobchob/osu-uwrt/development/software/install/behaviortree_cpp/include/behaviortree_cpp/behavior_tree.h:16\x1b[m\x1b[K,\n'}
[3.082814] (mercury_autonomy) StderrLine: {'line': b'                 from \x1b[01m\x1b[K/home/bobdobchob/osu-uwrt/development/software/src/mercury_autonomy/mercury_autonomy/test/test_legacy_action_nodes.cpp:5\x1b[m\x1b[K:\n'}
[3.082862] (mercury_autonomy) StderrLine: {'line': b'\x1b[01m\x1b[K/home/bobdobchob/osu-uwrt/development/software/install/behaviortree_cpp/include/behaviortree_cpp/basic_types.h:484:1:\x1b[m\x1b[K \x1b[01;36m\x1b[Knote: \x1b[m\x1b[Kcandidate: \xe2\x80\x98\x1b[01m\x1b[Kstd::pair<std::__cxx11::basic_string<char>, BT::PortInfo> BT::InputPort(BT::StringView, BT::StringView) [with T = bool; BT::StringView = std::basic_string_view<char>]\x1b[m\x1b[K\xe2\x80\x99\n'}
[3.082899] (mercury_autonomy) StderrLine: {'line': b'  484 | \x1b[01;36m\x1b[KInputPort\x1b[m\x1b[K(StringView name, StringView description = {})\n'}
[3.083105] (mercury_autonomy) StderrLine: {'line': b'      | \x1b[01;36m\x1b[K^~~~~~~~~\x1b[m\x1b[K\n'}
[3.083137] (mercury_autonomy) StderrLine: {'line': b'\x1b[01m\x1b[K/home/bobdobchob/osu-uwrt/development/software/install/behaviortree_cpp/include/behaviortree_cpp/basic_types.h:484:39:\x1b[m\x1b[K \x1b[01;36m\x1b[Knote: \x1b[m\x1b[K  no known conversion for argument 2 from \xe2\x80\x98\x1b[01m\x1b[Kbool\x1b[m\x1b[K\xe2\x80\x99 to \xe2\x80\x98\x1b[01m\x1b[KBT::StringView\x1b[m\x1b[K\xe2\x80\x99 {aka \xe2\x80\x98\x1b[01m\x1b[Kstd::basic_string_view<char>\x1b[m\x1b[K\xe2\x80\x99}\n'}
[3.083166] (mercury_autonomy) StderrLine: {'line': b'  484 | InputPort(StringView name, \x1b[01;36m\x1b[KStringView description = {}\x1b[m\x1b[K)\n'}
[3.083192] (mercury_autonomy) StderrLine: {'line': b'      |                            \x1b[01;36m\x1b[K~~~~~~~~~~~^~~~~~~~~~~~~~~~\x1b[m\x1b[K\n'}
[3.083217] (mercury_autonomy) StderrLine: {'line': b'\x1b[01m\x1b[K/home/bobdobchob/osu-uwrt/development/software/install/behaviortree_cpp/include/behaviortree_cpp/basic_types.h:554:1:\x1b[m\x1b[K \x1b[01;36m\x1b[Knote: \x1b[m\x1b[Kcandidate: \xe2\x80\x98\x1b[01m\x1b[Ktemplate<class T, class DefaultT> std::pair<std::__cxx11::basic_string<char>, BT::PortInfo> BT::InputPort(BT::StringView, const DefaultT&, BT::StringView)\x1b[m\x1b[K\xe2\x80\x99\n'}
[3.083247] (mercury_autonomy) StderrLine: {'line': b'  554 | \x1b[01;36m\x1b[KInputPort\x1b[m\x1b[K(StringView name, const DefaultT& default_value, StringView description)\n'}
[3.083272] (mercury_autonomy) StderrLine: {'line': b'      | \x1b[01;36m\x1b[K^~~~~~~~~\x1b[m\x1b[K\n'}
[3.083296] (mercury_autonomy) StderrLine: {'line': b'\x1b[01m\x1b[K/home/bobdobchob/osu-uwrt/development/software/install/behaviortree_cpp/include/behaviortree_cpp/basic_types.h:554:1:\x1b[m\x1b[K \x1b[01;36m\x1b[Knote: \x1b[m\x1b[K  template argument deduction/substitution failed:\n'}
[3.083321] (mercury_autonomy) StderrLine: {'line': b'In file included from \x1b[01m\x1b[K/home/bobdobchob/osu-uwrt/development/software/src/mercury_autonomy/mercury_autonomy/test/test_legacy_action_nodes.cpp:12\x1b[m\x1b[K:\n'}
[3.083346] (mercury_autonomy) StderrLine: {'line': b'\x1b[01m\x1b[K/home/bobdobchob/osu-uwrt/development/software/src/mercury_autonomy/mercury_autonomy/include/mercury_autonomy/bt_actions/publish_ekf_pose.hpp:24:26:\x1b[m\x1b[K \x1b[01;36m\x1b[Knote: \x1b[m\x1b[K  candidate expects 3 arguments, 2 provided\n'}
[3.083371] (mercury_autonomy) StderrLine: {'line': b'   24 |       \x1b[01;36m\x1b[KBT::InputPort<bool>("setY", false)\x1b[m\x1b[K,\n'}
[3.083396] (mercury_autonomy) StderrLine: {'line': b'      |       \x1b[01;36m\x1b[K~~~~~~~~~~~~~~~~~~~^~~~~~~~~~~~~~~\x1b[m\x1b[K\n'}
[3.083421] (mercury_autonomy) StderrLine: {'line': b'\x1b[01m\x1b[K/home/bobdobchob/osu-uwrt/development/software/src/mercury_autonomy/mercury_autonomy/include/mercury_autonomy/bt_actions/publish_ekf_pose.hpp:25:28:\x1b[m\x1b[K \x1b[01;31m\x1b[Kerror: \x1b[m\x1b[Kno matching function for call to \xe2\x80\x98\x1b[01m\x1b[KInputPort<double>(const char [2], double)\x1b[m\x1b[K\xe2\x80\x99\n'}
[3.083453] (mercury_autonomy) StderrLine: {'line': b'   25 |       \x1b[01;31m\x1b[KBT::InputPort<double>("z", 0.0)\x1b[m\x1b[K,\n'}
[3.083479] (mercury_autonomy) StderrLine: {'line': b'      |       \x1b[01;31m\x1b[K~~~~~~~~~~~~~~~~~~~~~^~~~~~~~~~\x1b[m\x1b[K\n'}
[3.083502] (mercury_autonomy) StderrLine: {'line': b'In file included from \x1b[01m\x1b[K/home/bobdobchob/osu-uwrt/development/software/install/behaviortree_cpp/include/behaviortree_cpp/tree_node.h:16\x1b[m\x1b[K,\n'}
[3.083527] (mercury_autonomy) StderrLine: {'line': b'                 from \x1b[01m\x1b[K/home/bobdobchob/osu-uwrt/development/software/install/behaviortree_cpp/include/behaviortree_cpp/leaf_node.h:17\x1b[m\x1b[K,\n'}
[3.083551] (mercury_autonomy) StderrLine: {'line': b'                 from \x1b[01m\x1b[K/home/bobdobchob/osu-uwrt/development/software/install/behaviortree_cpp/include/behaviortree_cpp/action_node.h:17\x1b[m\x1b[K,\n'}
[3.083575] (mercury_autonomy) StderrLine: {'line': b'                 from \x1b[01m\x1b[K/home/bobdobchob/osu-uwrt/development/software/install/behaviortree_cpp/include/behaviortree_cpp/behavior_tree.h:16\x1b[m\x1b[K,\n'}
[3.083602] (mercury_autonomy) StderrLine: {'line': b'                 from \x1b[01m\x1b[K/home/bobdobchob/osu-uwrt/development/software/src/mercury_autonomy/mercury_autonomy/test/test_legacy_action_nodes.cpp:5\x1b[m\x1b[K:\n'}
[3.083626] (mercury_autonomy) StderrLine: {'line': b'\x1b[01m\x1b[K/home/bobdobchob/osu-uwrt/development/software/install/behaviortree_cpp/include/behaviortree_cpp/basic_types.h:484:1:\x1b[m\x1b[K \x1b[01;36m\x1b[Knote: \x1b[m\x1b[Kcandidate: \xe2\x80\x98\x1b[01m\x1b[Kstd::pair<std::__cxx11::basic_string<char>, BT::PortInfo> BT::InputPort(BT::StringView, BT::StringView) [with T = double; BT::StringView = std::basic_string_view<char>]\x1b[m\x1b[K\xe2\x80\x99\n'}
[3.083656] (mercury_autonomy) StderrLine: {'line': b'  484 | \x1b[01;36m\x1b[KInputPort\x1b[m\x1b[K(StringView name, StringView description = {})\n'}
[3.083681] (mercury_autonomy) StderrLine: {'line': b'      | \x1b[01;36m\x1b[K^~~~~~~~~\x1b[m\x1b[K\n'}
[3.083705] (mercury_autonomy) StderrLine: {'line': b'\x1b[01m\x1b[K/home/bobdobchob/osu-uwrt/development/software/install/behaviortree_cpp/include/behaviortree_cpp/basic_types.h:484:39:\x1b[m\x1b[K \x1b[01;36m\x1b[Knote: \x1b[m\x1b[K  no known conversion for argument 2 from \xe2\x80\x98\x1b[01m\x1b[Kdouble\x1b[m\x1b[K\xe2\x80\x99 to \xe2\x80\x98\x1b[01m\x1b[KBT::StringView\x1b[m\x1b[K\xe2\x80\x99 {aka \xe2\x80\x98\x1b[01m\x1b[Kstd::basic_string_view<char>\x1b[m\x1b[K\xe2\x80\x99}\n'}
[3.083731] (mercury_autonomy) StderrLine: {'line': b'  484 | InputPort(StringView name, \x1b[01;36m\x1b[KStringView description = {}\x1b[m\x1b[K)\n'}
[3.083755] (mercury_autonomy) StderrLine: {'line': b'      |                            \x1b[01;36m\x1b[K~~~~~~~~~~~^~~~~~~~~~~~~~~~\x1b[m\x1b[K\n'}
[3.083778] (mercury_autonomy) StderrLine: {'line': b'\x1b[01m\x1b[K/home/bobdobchob/osu-uwrt/development/software/install/behaviortree_cpp/include/behaviortree_cpp/basic_types.h:554:1:\x1b[m\x1b[K \x1b[01;36m\x1b[Knote: \x1b[m\x1b[Kcandidate: \xe2\x80\x98\x1b[01m\x1b[Ktemplate<class T, class DefaultT> std::pair<std::__cxx11::basic_string<char>, BT::PortInfo> BT::InputPort(BT::StringView, const DefaultT&, BT::StringView)\x1b[m\x1b[K\xe2\x80\x99\n'}
[3.083806] (mercury_autonomy) StderrLine: {'line': b'  554 | \x1b[01;36m\x1b[KInputPort\x1b[m\x1b[K(StringView name, const DefaultT& default_value, StringView description)\n'}
[3.083830] (mercury_autonomy) StderrLine: {'line': b'      | \x1b[01;36m\x1b[K^~~~~~~~~\x1b[m\x1b[K\n'}
[3.083856] (mercury_autonomy) StderrLine: {'line': b'\x1b[01m\x1b[K/home/bobdobchob/osu-uwrt/development/software/install/behaviortree_cpp/include/behaviortree_cpp/basic_types.h:554:1:\x1b[m\x1b[K \x1b[01;36m\x1b[Knote: \x1b[m\x1b[K  template argument deduction/substitution failed:\n'}
[3.083894] (mercury_autonomy) StderrLine: {'line': b'In file included from \x1b[01m\x1b[K/home/bobdobchob/osu-uwrt/development/software/src/mercury_autonomy/mercury_autonomy/test/test_legacy_action_nodes.cpp:12\x1b[m\x1b[K:\n'}
[3.083926] (mercury_autonomy) StderrLine: {'line': b'\x1b[01m\x1b[K/home/bobdobchob/osu-uwrt/development/software/src/mercury_autonomy/mercury_autonomy/include/mercury_autonomy/bt_actions/publish_ekf_pose.hpp:25:28:\x1b[m\x1b[K \x1b[01;36m\x1b[Knote: \x1b[m\x1b[K  candidate expects 3 arguments, 2 provided\n'}
[3.083951] (mercury_autonomy) StderrLine: {'line': b'   25 |       \x1b[01;36m\x1b[KBT::InputPort<double>("z", 0.0)\x1b[m\x1b[K,\n'}
[3.083974] (mercury_autonomy) StderrLine: {'line': b'      |       \x1b[01;36m\x1b[K~~~~~~~~~~~~~~~~~~~~~^~~~~~~~~~\x1b[m\x1b[K\n'}
[3.083998] (mercury_autonomy) StderrLine: {'line': b'\x1b[01m\x1b[K/home/bobdobchob/osu-uwrt/development/software/src/mercury_autonomy/mercury_autonomy/include/mercury_autonomy/bt_actions/publish_ekf_pose.hpp:26:26:\x1b[m\x1b[K \x1b[01;31m\x1b[Kerror: \x1b[m\x1b[Kno matching function for call to \xe2\x80\x98\x1b[01m\x1b[KInputPort<bool>(const char [5], bool)\x1b[m\x1b[K\xe2\x80\x99\n'}
[3.084023] (mercury_autonomy) StderrLine: {'line': b'   26 |       \x1b[01;31m\x1b[KBT::InputPort<bool>("setZ", false)\x1b[m\x1b[K,\n'}
[3.084046] (mercury_autonomy) StderrLine: {'line': b'      |       \x1b[01;31m\x1b[K~~~~~~~~~~~~~~~~~~~^~~~~~~~~~~~~~~\x1b[m\x1b[K\n'}
[3.084070] (mercury_autonomy) StderrLine: {'line': b'In file included from \x1b[01m\x1b[K/home/bobdobchob/osu-uwrt/development/software/install/behaviortree_cpp/include/behaviortree_cpp/tree_node.h:16\x1b[m\x1b[K,\n'}
[3.084094] (mercury_autonomy) StderrLine: {'line': b'                 from \x1b[01m\x1b[K/home/bobdobchob/osu-uwrt/development/software/install/behaviortree_cpp/include/behaviortree_cpp/leaf_node.h:17\x1b[m\x1b[K,\n'}
[3.084118] (mercury_autonomy) StderrLine: {'line': b'                 from \x1b[01m\x1b[K/home/bobdobchob/osu-uwrt/development/software/install/behaviortree_cpp/include/behaviortree_cpp/action_node.h:17\x1b[m\x1b[K,\n'}
[3.084141] (mercury_autonomy) StderrLine: {'line': b'                 from \x1b[01m\x1b[K/home/bobdobchob/osu-uwrt/development/software/install/behaviortree_cpp/include/behaviortree_cpp/behavior_tree.h:16\x1b[m\x1b[K,\n'}
[3.084165] (mercury_autonomy) StderrLine: {'line': b'                 from \x1b[01m\x1b[K/home/bobdobchob/osu-uwrt/development/software/src/mercury_autonomy/mercury_autonomy/test/test_legacy_action_nodes.cpp:5\x1b[m\x1b[K:\n'}
[3.084188] (mercury_autonomy) StderrLine: {'line': b'\x1b[01m\x1b[K/home/bobdobchob/osu-uwrt/development/software/install/behaviortree_cpp/include/behaviortree_cpp/basic_types.h:484:1:\x1b[m\x1b[K \x1b[01;36m\x1b[Knote: \x1b[m\x1b[Kcandidate: \xe2\x80\x98\x1b[01m\x1b[Kstd::pair<std::__cxx11::basic_string<char>, BT::PortInfo> BT::InputPort(BT::StringView, BT::StringView) [with T = bool; BT::StringView = std::basic_string_view<char>]\x1b[m\x1b[K\xe2\x80\x99\n'}
[3.084213] (mercury_autonomy) StderrLine: {'line': b'  484 | \x1b[01;36m\x1b[KInputPort\x1b[m\x1b[K(StringView name, StringView description = {})\n'}
[3.084237] (mercury_autonomy) StderrLine: {'line': b'      | \x1b[01;36m\x1b[K^~~~~~~~~\x1b[m\x1b[K\n'}
[3.084260] (mercury_autonomy) StderrLine: {'line': b'\x1b[01m\x1b[K/home/bobdobchob/osu-uwrt/development/software/install/behaviortree_cpp/include/behaviortree_cpp/basic_types.h:484:39:\x1b[m\x1b[K \x1b[01;36m\x1b[Knote: \x1b[m\x1b[K  no known conversion for argument 2 from \xe2\x80\x98\x1b[01m\x1b[Kbool\x1b[m\x1b[K\xe2\x80\x99 to \xe2\x80\x98\x1b[01m\x1b[KBT::StringView\x1b[m\x1b[K\xe2\x80\x99 {aka \xe2\x80\x98\x1b[01m\x1b[Kstd::basic_string_view<char>\x1b[m\x1b[K\xe2\x80\x99}\n'}
[3.084289] (mercury_autonomy) StderrLine: {'line': b'  484 | InputPort(StringView name, \x1b[01;36m\x1b[KStringView description = {}\x1b[m\x1b[K)\n'}
[3.084313] (mercury_autonomy) StderrLine: {'line': b'      |                            \x1b[01;36m\x1b[K~~~~~~~~~~~^~~~~~~~~~~~~~~~\x1b[m\x1b[K\n'}
[3.084339] (mercury_autonomy) StderrLine: {'line': b'\x1b[01m\x1b[K/home/bobdobchob/osu-uwrt/development/software/install/behaviortree_cpp/include/behaviortree_cpp/basic_types.h:554:1:\x1b[m\x1b[K \x1b[01;36m\x1b[Knote: \x1b[m\x1b[Kcandidate: \xe2\x80\x98\x1b[01m\x1b[Ktemplate<class T, class DefaultT> std::pair<std::__cxx11::basic_string<char>, BT::PortInfo> BT::InputPort(BT::StringView, const DefaultT&, BT::StringView)\x1b[m\x1b[K\xe2\x80\x99\n'}
[3.084367] (mercury_autonomy) StderrLine: {'line': b'  554 | \x1b[01;36m\x1b[KInputPort\x1b[m\x1b[K(StringView name, const DefaultT& default_value, StringView description)\n'}
[3.084391] (mercury_autonomy) StderrLine: {'line': b'      | \x1b[01;36m\x1b[K^~~~~~~~~\x1b[m\x1b[K\n'}
[3.084413] (mercury_autonomy) StderrLine: {'line': b'\x1b[01m\x1b[K/home/bobdobchob/osu-uwrt/development/software/install/behaviortree_cpp/include/behaviortree_cpp/basic_types.h:554:1:\x1b[m\x1b[K \x1b[01;36m\x1b[Knote: \x1b[m\x1b[K  template argument deduction/substitution failed:\n'}
[3.084438] (mercury_autonomy) StderrLine: {'line': b'In file included from \x1b[01m\x1b[K/home/bobdobchob/osu-uwrt/development/software/src/mercury_autonomy/mercury_autonomy/test/test_legacy_action_nodes.cpp:12\x1b[m\x1b[K:\n'}
[3.084462] (mercury_autonomy) StderrLine: {'line': b'\x1b[01m\x1b[K/home/bobdobchob/osu-uwrt/development/software/src/mercury_autonomy/mercury_autonomy/include/mercury_autonomy/bt_actions/publish_ekf_pose.hpp:26:26:\x1b[m\x1b[K \x1b[01;36m\x1b[Knote: \x1b[m\x1b[K  candidate expects 3 arguments, 2 provided\n'}
[3.084487] (mercury_autonomy) StderrLine: {'line': b'   26 |       \x1b[01;36m\x1b[KBT::InputPort<bool>("setZ", false)\x1b[m\x1b[K,\n'}
[3.084510] (mercury_autonomy) StderrLine: {'line': b'      |       \x1b[01;36m\x1b[K~~~~~~~~~~~~~~~~~~~^~~~~~~~~~~~~~~\x1b[m\x1b[K\n'}
[3.084533] (mercury_autonomy) StderrLine: {'line': b'\x1b[01m\x1b[K/home/bobdobchob/osu-uwrt/development/software/src/mercury_autonomy/mercury_autonomy/include/mercury_autonomy/bt_actions/publish_ekf_pose.hpp:27:28:\x1b[m\x1b[K \x1b[01;31m\x1b[Kerror: \x1b[m\x1b[Kno matching function for call to \xe2\x80\x98\x1b[01m\x1b[KInputPort<double>(const char [5], double)\x1b[m\x1b[K\xe2\x80\x99\n'}
[3.084560] (mercury_autonomy) StderrLine: {'line': b'   27 |       \x1b[01;31m\x1b[KBT::InputPort<double>("roll", 0.0)\x1b[m\x1b[K,\n'}
[3.084584] (mercury_autonomy) StderrLine: {'line': b'      |       \x1b[01;31m\x1b[K~~~~~~~~~~~~~~~~~~~~~^~~~~~~~~~~~~\x1b[m\x1b[K\n'}
[3.084608] (mercury_autonomy) StderrLine: {'line': b'In file included from \x1b[01m\x1b[K/home/bobdobchob/osu-uwrt/development/software/install/behaviortree_cpp/include/behaviortree_cpp/tree_node.h:16\x1b[m\x1b[K,\n'}
[3.084631] (mercury_autonomy) StderrLine: {'line': b'                 from \x1b[01m\x1b[K/home/bobdobchob/osu-uwrt/development/software/install/behaviortree_cpp/include/behaviortree_cpp/leaf_node.h:17\x1b[m\x1b[K,\n'}
[3.084655] (mercury_autonomy) StderrLine: {'line': b'                 from \x1b[01m\x1b[K/home/bobdobchob/osu-uwrt/development/software/install/behaviortree_cpp/include/behaviortree_cpp/action_node.h:17\x1b[m\x1b[K,\n'}
[3.084679] (mercury_autonomy) StderrLine: {'line': b'                 from \x1b[01m\x1b[K/home/bobdobchob/osu-uwrt/development/software/install/behaviortree_cpp/include/behaviortree_cpp/behavior_tree.h:16\x1b[m\x1b[K,\n'}
[3.084703] (mercury_autonomy) StderrLine: {'line': b'                 from \x1b[01m\x1b[K/home/bobdobchob/osu-uwrt/development/software/src/mercury_autonomy/mercury_autonomy/test/test_legacy_action_nodes.cpp:5\x1b[m\x1b[K:\n'}
[3.084726] (mercury_autonomy) StderrLine: {'line': b'\x1b[01m\x1b[K/home/bobdobchob/osu-uwrt/development/software/install/behaviortree_cpp/include/behaviortree_cpp/basic_types.h:484:1:\x1b[m\x1b[K \x1b[01;36m\x1b[Knote: \x1b[m\x1b[Kcandidate: \xe2\x80\x98\x1b[01m\x1b[Kstd::pair<std::__cxx11::basic_string<char>, BT::PortInfo> BT::InputPort(BT::StringView, BT::StringView) [with T = double; BT::StringView = std::basic_string_view<char>]\x1b[m\x1b[K\xe2\x80\x99\n'}
[3.084752] (mercury_autonomy) StderrLine: {'line': b'  484 | \x1b[01;36m\x1b[KInputPort\x1b[m\x1b[K(StringView name, StringView description = {})\n'}
[3.084782] (mercury_autonomy) StderrLine: {'line': b'      | \x1b[01;36m\x1b[K^~~~~~~~~\x1b[m\x1b[K\n'}
[3.084806] (mercury_autonomy) StderrLine: {'line': b'\x1b[01m\x1b[K/home/bobdobchob/osu-uwrt/development/software/install/behaviortree_cpp/include/behaviortree_cpp/basic_types.h:484:39:\x1b[m\x1b[K \x1b[01;36m\x1b[Knote: \x1b[m\x1b[K  no known conversion for argument 2 from \xe2\x80\x98\x1b[01m\x1b[Kdouble\x1b[m\x1b[K\xe2\x80\x99 to \xe2\x80\x98\x1b[01m\x1b[KBT::StringView\x1b[m\x1b[K\xe2\x80\x99 {aka \xe2\x80\x98\x1b[01m\x1b[Kstd::basic_string_view<char>\x1b[m\x1b[K\xe2\x80\x99}\n'}
[3.084838] (mercury_autonomy) StderrLine: {'line': b'  484 | InputPort(StringView name, \x1b[01;36m\x1b[KStringView description = {}\x1b[m\x1b[K)\n'}
[3.084862] (mercury_autonomy) StderrLine: {'line': b'      |                            \x1b[01;36m\x1b[K~~~~~~~~~~~^~~~~~~~~~~~~~~~\x1b[m\x1b[K\n'}
[3.084890] (mercury_autonomy) StderrLine: {'line': b'\x1b[01m\x1b[K/home/bobdobchob/osu-uwrt/development/software/install/behaviortree_cpp/include/behaviortree_cpp/basic_types.h:554:1:\x1b[m\x1b[K \x1b[01;36m\x1b[Knote: \x1b[m\x1b[Kcandidate: \xe2\x80\x98\x1b[01m\x1b[Ktemplate<class T, class DefaultT> std::pair<std::__cxx11::basic_string<char>, BT::PortInfo> BT::InputPort(BT::StringView, const DefaultT&, BT::StringView)\x1b[m\x1b[K\xe2\x80\x99\n'}
[3.084919] (mercury_autonomy) StderrLine: {'line': b'  554 | \x1b[01;36m\x1b[KInputPort\x1b[m\x1b[K(StringView name, const DefaultT& default_value, StringView description)\n'}
[3.084947] (mercury_autonomy) StderrLine: {'line': b'      | \x1b[01;36m\x1b[K^~~~~~~~~\x1b[m\x1b[K\n'}
[3.084970] (mercury_autonomy) StderrLine: {'line': b'\x1b[01m\x1b[K/home/bobdobchob/osu-uwrt/development/software/install/behaviortree_cpp/include/behaviortree_cpp/basic_types.h:554:1:\x1b[m\x1b[K \x1b[01;36m\x1b[Knote: \x1b[m\x1b[K  template argument deduction/substitution failed:\n'}
[3.084995] (mercury_autonomy) StderrLine: {'line': b'In file included from \x1b[01m\x1b[K/home/bobdobchob/osu-uwrt/development/software/src/mercury_autonomy/mercury_autonomy/test/test_legacy_action_nodes.cpp:12\x1b[m\x1b[K:\n'}
[3.085021] (mercury_autonomy) StderrLine: {'line': b'\x1b[01m\x1b[K/home/bobdobchob/osu-uwrt/development/software/src/mercury_autonomy/mercury_autonomy/include/mercury_autonomy/bt_actions/publish_ekf_pose.hpp:27:28:\x1b[m\x1b[K \x1b[01;36m\x1b[Knote: \x1b[m\x1b[K  candidate expects 3 arguments, 2 provided\n'}
[3.085045] (mercury_autonomy) StderrLine: {'line': b'   27 |       \x1b[01;36m\x1b[KBT::InputPort<double>("roll", 0.0)\x1b[m\x1b[K,\n'}
[3.085068] (mercury_autonomy) StderrLine: {'line': b'      |       \x1b[01;36m\x1b[K~~~~~~~~~~~~~~~~~~~~~^~~~~~~~~~~~~\x1b[m\x1b[K\n'}
[3.085092] (mercury_autonomy) StderrLine: {'line': b'\x1b[01m\x1b[K/home/bobdobchob/osu-uwrt/development/software/src/mercury_autonomy/mercury_autonomy/include/mercury_autonomy/bt_actions/publish_ekf_pose.hpp:28:28:\x1b[m\x1b[K \x1b[01;31m\x1b[Kerror: \x1b[m\x1b[Kno matching function for call to \xe2\x80\x98\x1b[01m\x1b[KInputPort<double>(const char [6], double)\x1b[m\x1b[K\xe2\x80\x99\n'}
[3.085117] (mercury_autonomy) StderrLine: {'line': b'   28 |       \x1b[01;31m\x1b[KBT::InputPort<double>("pitch", 0.0)\x1b[m\x1b[K,\n'}
[3.085141] (mercury_autonomy) StderrLine: {'line': b'      |       \x1b[01;31m\x1b[K~~~~~~~~~~~~~~~~~~~~~^~~~~~~~~~~~~~\x1b[m\x1b[K\n'}
[3.085164] (mercury_autonomy) StderrLine: {'line': b'In file included from \x1b[01m\x1b[K/home/bobdobchob/osu-uwrt/development/software/install/behaviortree_cpp/include/behaviortree_cpp/tree_node.h:16\x1b[m\x1b[K,\n'}
[3.085188] (mercury_autonomy) StderrLine: {'line': b'                 from \x1b[01m\x1b[K/home/bobdobchob/osu-uwrt/development/software/install/behaviortree_cpp/include/behaviortree_cpp/leaf_node.h:17\x1b[m\x1b[K,\n'}
[3.085216] (mercury_autonomy) StderrLine: {'line': b'                 from \x1b[01m\x1b[K/home/bobdobchob/osu-uwrt/development/software/install/behaviortree_cpp/include/behaviortree_cpp/action_node.h:17\x1b[m\x1b[K,\n'}
[3.085241] (mercury_autonomy) StderrLine: {'line': b'                 from \x1b[01m\x1b[K/home/bobdobchob/osu-uwrt/development/software/install/behaviortree_cpp/include/behaviortree_cpp/behavior_tree.h:16\x1b[m\x1b[K,\n'}
[3.085267] (mercury_autonomy) StderrLine: {'line': b'                 from \x1b[01m\x1b[K/home/bobdobchob/osu-uwrt/development/software/src/mercury_autonomy/mercury_autonomy/test/test_legacy_action_nodes.cpp:5\x1b[m\x1b[K:\n'}
[3.085292] (mercury_autonomy) StderrLine: {'line': b'\x1b[01m\x1b[K/home/bobdobchob/osu-uwrt/development/software/install/behaviortree_cpp/include/behaviortree_cpp/basic_types.h:484:1:\x1b[m\x1b[K \x1b[01;36m\x1b[Knote: \x1b[m\x1b[Kcandidate: \xe2\x80\x98\x1b[01m\x1b[Kstd::pair<std::__cxx11::basic_string<char>, BT::PortInfo> BT::InputPort(BT::StringView, BT::StringView) [with T = double; BT::StringView = std::basic_string_view<char>]\x1b[m\x1b[K\xe2\x80\x99\n'}
[3.085318] (mercury_autonomy) StderrLine: {'line': b'  484 | \x1b[01;36m\x1b[KInputPort\x1b[m\x1b[K(StringView name, StringView description = {})\n'}
[3.085341] (mercury_autonomy) StderrLine: {'line': b'      | \x1b[01;36m\x1b[K^~~~~~~~~\x1b[m\x1b[K\n'}
[3.085366] (mercury_autonomy) StderrLine: {'line': b'\x1b[01m\x1b[K/home/bobdobchob/osu-uwrt/development/software/install/behaviortree_cpp/include/behaviortree_cpp/basic_types.h:484:39:\x1b[m\x1b[K \x1b[01;36m\x1b[Knote: \x1b[m\x1b[K  no known conversion for argument 2 from \xe2\x80\x98\x1b[01m\x1b[Kdouble\x1b[m\x1b[K\xe2\x80\x99 to \xe2\x80\x98\x1b[01m\x1b[KBT::StringView\x1b[m\x1b[K\xe2\x80\x99 {aka \xe2\x80\x98\x1b[01m\x1b[Kstd::basic_string_view<char>\x1b[m\x1b[K\xe2\x80\x99}\n'}
[3.085391] (mercury_autonomy) StderrLine: {'line': b'  484 | InputPort(StringView name, \x1b[01;36m\x1b[KStringView description = {}\x1b[m\x1b[K)\n'}
[3.085414] (mercury_autonomy) StderrLine: {'line': b'      |                            \x1b[01;36m\x1b[K~~~~~~~~~~~^~~~~~~~~~~~~~~~\x1b[m\x1b[K\n'}
[3.085437] (mercury_autonomy) StderrLine: {'line': b'\x1b[01m\x1b[K/home/bobdobchob/osu-uwrt/development/software/install/behaviortree_cpp/include/behaviortree_cpp/basic_types.h:554:1:\x1b[m\x1b[K \x1b[01;36m\x1b[Knote: \x1b[m\x1b[Kcandidate: \xe2\x80\x98\x1b[01m\x1b[Ktemplate<class T, class DefaultT> std::pair<std::__cxx11::basic_string<char>, BT::PortInfo> BT::InputPort(BT::StringView, const DefaultT&, BT::StringView)\x1b[m\x1b[K\xe2\x80\x99\n'}
[3.085463] (mercury_autonomy) StderrLine: {'line': b'  554 | \x1b[01;36m\x1b[KInputPort\x1b[m\x1b[K(StringView name, const DefaultT& default_value, StringView description)\n'}
[3.085486] (mercury_autonomy) StderrLine: {'line': b'      | \x1b[01;36m\x1b[K^~~~~~~~~\x1b[m\x1b[K\n'}
[3.085509] (mercury_autonomy) StderrLine: {'line': b'\x1b[01m\x1b[K/home/bobdobchob/osu-uwrt/development/software/install/behaviortree_cpp/include/behaviortree_cpp/basic_types.h:554:1:\x1b[m\x1b[K \x1b[01;36m\x1b[Knote: \x1b[m\x1b[K  template argument deduction/substitution failed:\n'}
[3.085533] (mercury_autonomy) StderrLine: {'line': b'In file included from \x1b[01m\x1b[K/home/bobdobchob/osu-uwrt/development/software/src/mercury_autonomy/mercury_autonomy/test/test_legacy_action_nodes.cpp:12\x1b[m\x1b[K:\n'}
[3.085556] (mercury_autonomy) StderrLine: {'line': b'\x1b[01m\x1b[K/home/bobdobchob/osu-uwrt/development/software/src/mercury_autonomy/mercury_autonomy/include/mercury_autonomy/bt_actions/publish_ekf_pose.hpp:28:28:\x1b[m\x1b[K \x1b[01;36m\x1b[Knote: \x1b[m\x1b[K  candidate expects 3 arguments, 2 provided\n'}
[3.085581] (mercury_autonomy) StderrLine: {'line': b'   28 |       \x1b[01;36m\x1b[KBT::InputPort<double>("pitch", 0.0)\x1b[m\x1b[K,\n'}
[3.085608] (mercury_autonomy) StderrLine: {'line': b'      |       \x1b[01;36m\x1b[K~~~~~~~~~~~~~~~~~~~~~^~~~~~~~~~~~~~\x1b[m\x1b[K\n'}
[3.085631] (mercury_autonomy) StderrLine: {'line': b'\x1b[01m\x1b[K/home/bobdobchob/osu-uwrt/development/software/src/mercury_autonomy/mercury_autonomy/include/mercury_autonomy/bt_actions/publish_ekf_pose.hpp:29:28:\x1b[m\x1b[K \x1b[01;31m\x1b[Kerror: \x1b[m\x1b[Kno matching function for call to \xe2\x80\x98\x1b[01m\x1b[KInputPort<double>(const char [4], double)\x1b[m\x1b[K\xe2\x80\x99\n'}
[3.085657] (mercury_autonomy) StderrLine: {'line': b'   29 |       \x1b[01;31m\x1b[KBT::InputPort<double>("yaw", 0.0)\x1b[m\x1b[K,\n'}
[3.085682] (mercury_autonomy) StderrLine: {'line': b'      |       \x1b[01;31m\x1b[K~~~~~~~~~~~~~~~~~~~~~^~~~~~~~~~~~\x1b[m\x1b[K\n'}
[3.085706] (mercury_autonomy) StderrLine: {'line': b'In file included from \x1b[01m\x1b[K/home/bobdobchob/osu-uwrt/development/software/install/behaviortree_cpp/include/behaviortree_cpp/tree_node.h:16\x1b[m\x1b[K,\n'}
[3.085944] (mercury_autonomy) StderrLine: {'line': b'                 from \x1b[01m\x1b[K/home/bobdobchob/osu-uwrt/development/software/install/behaviortree_cpp/include/behaviortree_cpp/leaf_node.h:17\x1b[m\x1b[K,\n'}
[3.085989] (mercury_autonomy) StderrLine: {'line': b'                 from \x1b[01m\x1b[K/home/bobdobchob/osu-uwrt/development/software/install/behaviortree_cpp/include/behaviortree_cpp/action_node.h:17\x1b[m\x1b[K,\n'}
[3.086016] (mercury_autonomy) StderrLine: {'line': b'                 from \x1b[01m\x1b[K/home/bobdobchob/osu-uwrt/development/software/install/behaviortree_cpp/include/behaviortree_cpp/behavior_tree.h:16\x1b[m\x1b[K,\n'}
[3.086040] (mercury_autonomy) StderrLine: {'line': b'                 from \x1b[01m\x1b[K/home/bobdobchob/osu-uwrt/development/software/src/mercury_autonomy/mercury_autonomy/test/test_legacy_action_nodes.cpp:5\x1b[m\x1b[K:\n'}
[3.086064] (mercury_autonomy) StderrLine: {'line': b'\x1b[01m\x1b[K/home/bobdobchob/osu-uwrt/development/software/install/behaviortree_cpp/include/behaviortree_cpp/basic_types.h:484:1:\x1b[m\x1b[K \x1b[01;36m\x1b[Knote: \x1b[m\x1b[Kcandidate: \xe2\x80\x98\x1b[01m\x1b[Kstd::pair<std::__cxx11::basic_string<char>, BT::PortInfo> BT::InputPort(BT::StringView, BT::StringView) [with T = double; BT::StringView = std::basic_string_view<char>]\x1b[m\x1b[K\xe2\x80\x99\n'}
[3.086094] (mercury_autonomy) StderrLine: {'line': b'  484 | \x1b[01;36m\x1b[KInputPort\x1b[m\x1b[K(StringView name, StringView description = {})\n'}
[3.086118] (mercury_autonomy) StderrLine: {'line': b'      | \x1b[01;36m\x1b[K^~~~~~~~~\x1b[m\x1b[K\n'}
[3.086143] (mercury_autonomy) StderrLine: {'line': b'\x1b[01m\x1b[K/home/bobdobchob/osu-uwrt/development/software/install/behaviortree_cpp/include/behaviortree_cpp/basic_types.h:484:39:\x1b[m\x1b[K \x1b[01;36m\x1b[Knote: \x1b[m\x1b[K  no known conversion for argument 2 from \xe2\x80\x98\x1b[01m\x1b[Kdouble\x1b[m\x1b[K\xe2\x80\x99 to \xe2\x80\x98\x1b[01m\x1b[KBT::StringView\x1b[m\x1b[K\xe2\x80\x99 {aka \xe2\x80\x98\x1b[01m\x1b[Kstd::basic_string_view<char>\x1b[m\x1b[K\xe2\x80\x99}\n'}
[3.086170] (mercury_autonomy) StderrLine: {'line': b'  484 | InputPort(StringView name, \x1b[01;36m\x1b[KStringView description = {}\x1b[m\x1b[K)\n'}
[3.086195] (mercury_autonomy) StderrLine: {'line': b'      |                            \x1b[01;36m\x1b[K~~~~~~~~~~~^~~~~~~~~~~~~~~~\x1b[m\x1b[K\n'}
[3.086219] (mercury_autonomy) StderrLine: {'line': b'\x1b[01m\x1b[K/home/bobdobchob/osu-uwrt/development/software/install/behaviortree_cpp/include/behaviortree_cpp/basic_types.h:554:1:\x1b[m\x1b[K \x1b[01;36m\x1b[Knote: \x1b[m\x1b[Kcandidate: \xe2\x80\x98\x1b[01m\x1b[Ktemplate<class T, class DefaultT> std::pair<std::__cxx11::basic_string<char>, BT::PortInfo> BT::InputPort(BT::StringView, const DefaultT&, BT::StringView)\x1b[m\x1b[K\xe2\x80\x99\n'}
[3.086244] (mercury_autonomy) StderrLine: {'line': b'  554 | \x1b[01;36m\x1b[KInputPort\x1b[m\x1b[K(StringView name, const DefaultT& default_value, StringView description)\n'}
[3.086268] (mercury_autonomy) StderrLine: {'line': b'      | \x1b[01;36m\x1b[K^~~~~~~~~\x1b[m\x1b[K\n'}
[3.086291] (mercury_autonomy) StderrLine: {'line': b'\x1b[01m\x1b[K/home/bobdobchob/osu-uwrt/development/software/install/behaviortree_cpp/include/behaviortree_cpp/basic_types.h:554:1:\x1b[m\x1b[K \x1b[01;36m\x1b[Knote: \x1b[m\x1b[K  template argument deduction/substitution failed:\n'}
[3.086315] (mercury_autonomy) StderrLine: {'line': b'In file included from \x1b[01m\x1b[K/home/bobdobchob/osu-uwrt/development/software/src/mercury_autonomy/mercury_autonomy/test/test_legacy_action_nodes.cpp:12\x1b[m\x1b[K:\n'}
[3.086342] (mercury_autonomy) StderrLine: {'line': b'\x1b[01m\x1b[K/home/bobdobchob/osu-uwrt/development/software/src/mercury_autonomy/mercury_autonomy/include/mercury_autonomy/bt_actions/publish_ekf_pose.hpp:29:28:\x1b[m\x1b[K \x1b[01;36m\x1b[Knote: \x1b[m\x1b[K  candidate expects 3 arguments, 2 provided\n'}
[3.086366] (mercury_autonomy) StderrLine: {'line': b'   29 |       \x1b[01;36m\x1b[KBT::InputPort<double>("yaw", 0.0)\x1b[m\x1b[K,\n'}
[3.086391] (mercury_autonomy) StderrLine: {'line': b'      |       \x1b[01;36m\x1b[K~~~~~~~~~~~~~~~~~~~~~^~~~~~~~~~~~\x1b[m\x1b[K\n'}
[3.086413] (mercury_autonomy) StderrLine: {'line': b'\x1b[01m\x1b[K/home/bobdobchob/osu-uwrt/development/software/src/mercury_autonomy/mercury_autonomy/include/mercury_autonomy/bt_actions/publish_ekf_pose.hpp:30:26:\x1b[m\x1b[K \x1b[01;31m\x1b[Kerror: \x1b[m\x1b[Kno matching function for call to \xe2\x80\x98\x1b[01m\x1b[KInputPort<bool>(const char [15], bool)\x1b[m\x1b[K\xe2\x80\x99\n'}
[3.086438] (mercury_autonomy) StderrLine: {'line': b'   30 |       \x1b[01;31m\x1b[KBT::InputPort<bool>("setOrientation", false)\x1b[m\x1b[K,\n'}
[3.086462] (mercury_autonomy) StderrLine: {'line': b'      |       \x1b[01;31m\x1b[K~~~~~~~~~~~~~~~~~~~^~~~~~~~~~~~~~~~~~~~~~~~~\x1b[m\x1b[K\n'}
[3.086486] (mercury_autonomy) StderrLine: {'line': b'In file included from \x1b[01m\x1b[K/home/bobdobchob/osu-uwrt/development/software/install/behaviortree_cpp/include/behaviortree_cpp/tree_node.h:16\x1b[m\x1b[K,\n'}
[3.086511] (mercury_autonomy) StderrLine: {'line': b'                 from \x1b[01m\x1b[K/home/bobdobchob/osu-uwrt/development/software/install/behaviortree_cpp/include/behaviortree_cpp/leaf_node.h:17\x1b[m\x1b[K,\n'}
[3.086536] (mercury_autonomy) StderrLine: {'line': b'                 from \x1b[01m\x1b[K/home/bobdobchob/osu-uwrt/development/software/install/behaviortree_cpp/include/behaviortree_cpp/action_node.h:17\x1b[m\x1b[K,\n'}
[3.086560] (mercury_autonomy) StderrLine: {'line': b'                 from \x1b[01m\x1b[K/home/bobdobchob/osu-uwrt/development/software/install/behaviortree_cpp/include/behaviortree_cpp/behavior_tree.h:16\x1b[m\x1b[K,\n'}
[3.086583] (mercury_autonomy) StderrLine: {'line': b'                 from \x1b[01m\x1b[K/home/bobdobchob/osu-uwrt/development/software/src/mercury_autonomy/mercury_autonomy/test/test_legacy_action_nodes.cpp:5\x1b[m\x1b[K:\n'}
[3.086609] (mercury_autonomy) StderrLine: {'line': b'\x1b[01m\x1b[K/home/bobdobchob/osu-uwrt/development/software/install/behaviortree_cpp/include/behaviortree_cpp/basic_types.h:484:1:\x1b[m\x1b[K \x1b[01;36m\x1b[Knote: \x1b[m\x1b[Kcandidate: \xe2\x80\x98\x1b[01m\x1b[Kstd::pair<std::__cxx11::basic_string<char>, BT::PortInfo> BT::InputPort(BT::StringView, BT::StringView) [with T = bool; BT::StringView = std::basic_string_view<char>]\x1b[m\x1b[K\xe2\x80\x99\n'}
[3.086634] (mercury_autonomy) StderrLine: {'line': b'  484 | \x1b[01;36m\x1b[KInputPort\x1b[m\x1b[K(StringView name, StringView description = {})\n'}
[3.086657] (mercury_autonomy) StderrLine: {'line': b'      | \x1b[01;36m\x1b[K^~~~~~~~~\x1b[m\x1b[K\n'}
[3.086681] (mercury_autonomy) StderrLine: {'line': b'\x1b[01m\x1b[K/home/bobdobchob/osu-uwrt/development/software/install/behaviortree_cpp/include/behaviortree_cpp/basic_types.h:484:39:\x1b[m\x1b[K \x1b[01;36m\x1b[Knote: \x1b[m\x1b[K  no known conversion for argument 2 from \xe2\x80\x98\x1b[01m\x1b[Kbool\x1b[m\x1b[K\xe2\x80\x99 to \xe2\x80\x98\x1b[01m\x1b[KBT::StringView\x1b[m\x1b[K\xe2\x80\x99 {aka \xe2\x80\x98\x1b[01m\x1b[Kstd::basic_string_view<char>\x1b[m\x1b[K\xe2\x80\x99}\n'}
[3.086706] (mercury_autonomy) StderrLine: {'line': b'  484 | InputPort(StringView name, \x1b[01;36m\x1b[KStringView description = {}\x1b[m\x1b[K)\n'}
[3.086729] (mercury_autonomy) StderrLine: {'line': b'      |                            \x1b[01;36m\x1b[K~~~~~~~~~~~^~~~~~~~~~~~~~~~\x1b[m\x1b[K\n'}
[3.086752] (mercury_autonomy) StderrLine: {'line': b'\x1b[01m\x1b[K/home/bobdobchob/osu-uwrt/development/software/install/behaviortree_cpp/include/behaviortree_cpp/basic_types.h:554:1:\x1b[m\x1b[K \x1b[01;36m\x1b[Knote: \x1b[m\x1b[Kcandidate: \xe2\x80\x98\x1b[01m\x1b[Ktemplate<class T, class DefaultT> std::pair<std::__cxx11::basic_string<char>, BT::PortInfo> BT::InputPort(BT::StringView, const DefaultT&, BT::StringView)\x1b[m\x1b[K\xe2\x80\x99\n'}
[3.086780] (mercury_autonomy) StderrLine: {'line': b'  554 | \x1b[01;36m\x1b[KInputPort\x1b[m\x1b[K(StringView name, const DefaultT& default_value, StringView description)\n'}
[3.086804] (mercury_autonomy) StderrLine: {'line': b'      | \x1b[01;36m\x1b[K^~~~~~~~~\x1b[m\x1b[K\n'}
[3.086828] (mercury_autonomy) StderrLine: {'line': b'\x1b[01m\x1b[K/home/bobdobchob/osu-uwrt/development/software/install/behaviortree_cpp/include/behaviortree_cpp/basic_types.h:554:1:\x1b[m\x1b[K \x1b[01;36m\x1b[Knote: \x1b[m\x1b[K  template argument deduction/substitution failed:\n'}
[3.086852] (mercury_autonomy) StderrLine: {'line': b'In file included from \x1b[01m\x1b[K/home/bobdobchob/osu-uwrt/development/software/src/mercury_autonomy/mercury_autonomy/test/test_legacy_action_nodes.cpp:12\x1b[m\x1b[K:\n'}
[3.086875] (mercury_autonomy) StderrLine: {'line': b'\x1b[01m\x1b[K/home/bobdobchob/osu-uwrt/development/software/src/mercury_autonomy/mercury_autonomy/include/mercury_autonomy/bt_actions/publish_ekf_pose.hpp:30:26:\x1b[m\x1b[K \x1b[01;36m\x1b[Knote: \x1b[m\x1b[K  candidate expects 3 arguments, 2 provided\n'}
[3.086939] (mercury_autonomy) StderrLine: {'line': b'   30 |       \x1b[01;36m\x1b[KBT::InputPort<bool>("setOrientation", false)\x1b[m\x1b[K,\n'}
[3.086966] (mercury_autonomy) StderrLine: {'line': b'      |       \x1b[01;36m\x1b[K~~~~~~~~~~~~~~~~~~~^~~~~~~~~~~~~~~~~~~~~~~~~\x1b[m\x1b[K\n'}
[3.086990] (mercury_autonomy) StderrLine: {'line': b'\x1b[01m\x1b[K/home/bobdobchob/osu-uwrt/development/software/src/mercury_autonomy/mercury_autonomy/include/mercury_autonomy/bt_actions/publish_ekf_pose.hpp:31:5:\x1b[m\x1b[K \x1b[01;31m\x1b[Kerror: \x1b[m\x1b[Kcould not convert \xe2\x80\x98\x1b[01m\x1b[K{<expression error>, <expression error>, <expression error>, <expression error>, <expression error>, <expression error>, <expression error>, <expression error>, <expression error>, <expression error>}\x1b[m\x1b[K\xe2\x80\x99 from \xe2\x80\x98\x1b[01m\x1b[K<brace-enclosed initializer list>\x1b[m\x1b[K\xe2\x80\x99 to \xe2\x80\x98\x1b[01m\x1b[KBT::PortsList\x1b[m\x1b[K\xe2\x80\x99 {aka \xe2\x80\x98\x1b[01m\x1b[Kstd::unordered_map<std::__cxx11::basic_string<char>, BT::PortInfo>\x1b[m\x1b[K\xe2\x80\x99}\n'}
[3.087017] (mercury_autonomy) StderrLine: {'line': b'   31 |     \x1b[01;31m\x1b[K}\x1b[m\x1b[K;\n'}
[3.087041] (mercury_autonomy) StderrLine: {'line': b'      |     \x1b[01;31m\x1b[K^\x1b[m\x1b[K\n'}
[3.087064] (mercury_autonomy) StderrLine: {'line': b'      |     \x1b[01;31m\x1b[K|\x1b[m\x1b[K\n'}
[3.087086] (mercury_autonomy) StderrLine: {'line': b'      |     \x1b[01;31m\x1b[K<brace-enclosed initializer list>\x1b[m\x1b[K\n'}
[3.087109] (mercury_autonomy) StderrLine: {'line': b'In file included from \x1b[01m\x1b[K/home/bobdobchob/osu-uwrt/development/software/src/mercury_autonomy/mercury_autonomy/test/test_legacy_action_nodes.cpp:13\x1b[m\x1b[K:\n'}
[3.087133] (mercury_autonomy) StderrLine: {'line': b'\x1b[01m\x1b[K/home/bobdobchob/osu-uwrt/development/software/src/mercury_autonomy/mercury_autonomy/include/mercury_autonomy/bt_actions/publish_int8.hpp:\x1b[m\x1b[K At global scope:\n'}
[3.087157] (mercury_autonomy) StderrLine: {'line': b'\x1b[01m\x1b[K/home/bobdobchob/osu-uwrt/development/software/src/mercury_autonomy/mercury_autonomy/include/mercury_autonomy/bt_actions/publish_int8.hpp:32:36:\x1b[m\x1b[K \x1b[01;31m\x1b[Kerror: \x1b[m\x1b[K\xe2\x80\x98\x1b[01m\x1b[KUInt16\x1b[m\x1b[K\xe2\x80\x99 is not a member of \xe2\x80\x98\x1b[01m\x1b[Kstd_msgs::msg\x1b[m\x1b[K\xe2\x80\x99\n'}
[3.087182] (mercury_autonomy) StderrLine: {'line': b'   32 |   rclcpp::Publisher<std_msgs::msg::\x1b[01;31m\x1b[KUInt16\x1b[m\x1b[K>::SharedPtr pub_;\n'}
[3.087216] (mercury_autonomy) StderrLine: {'line': b'      |                                    \x1b[01;31m\x1b[K^~~~~~\x1b[m\x1b[K\n'}
[3.087241] (mercury_autonomy) StderrLine: {'line': b'\x1b[01m\x1b[K/home/bobdobchob/osu-uwrt/development/software/src/mercury_autonomy/mercury_autonomy/include/mercury_autonomy/bt_actions/publish_int8.hpp:32:42:\x1b[m\x1b[K \x1b[01;31m\x1b[Kerror: \x1b[m\x1b[Ktemplate argument 1 is invalid\n'}
[3.087265] (mercury_autonomy) StderrLine: {'line': b'   32 |   rclcpp::Publisher<std_msgs::msg::UInt16\x1b[01;31m\x1b[K>\x1b[m\x1b[K::SharedPtr pub_;\n'}
[3.087289] (mercury_autonomy) StderrLine: {'line': b'      |                                          \x1b[01;31m\x1b[K^\x1b[m\x1b[K\n'}
[3.087312] (mercury_autonomy) StderrLine: {'line': b'\x1b[01m\x1b[K/home/bobdobchob/osu-uwrt/development/software/src/mercury_autonomy/mercury_autonomy/include/mercury_autonomy/bt_actions/publish_int8.hpp:32:45:\x1b[m\x1b[K \x1b[01;31m\x1b[Kerror: \x1b[m\x1b[Kexpected \xe2\x80\x98\x1b[01m\x1b[K;\x1b[m\x1b[K\xe2\x80\x99 at end of member declaration\n'}
[3.087335] (mercury_autonomy) StderrLine: {'line': b'   32 |   rclcpp::Publisher<std_msgs::msg::UInt16>::\x1b[01;31m\x1b[KSharedPtr\x1b[m\x1b[K pub_;\n'}
[3.087358] (mercury_autonomy) StderrLine: {'line': b'      |                                             \x1b[01;31m\x1b[K^~~~~~~~~\x1b[m\x1b[K\n'}
[3.087384] (mercury_autonomy) StderrLine: {'line': b'      |                                                      \x1b[32m\x1b[K;\x1b[m\x1b[K\n'}
[3.087408] (mercury_autonomy) StderrLine: {'line': b'\x1b[01m\x1b[K/home/bobdobchob/osu-uwrt/development/software/src/mercury_autonomy/mercury_autonomy/include/mercury_autonomy/bt_actions/publish_int8.hpp:32:55:\x1b[m\x1b[K \x1b[01;31m\x1b[Kerror: \x1b[m\x1b[K\xe2\x80\x98\x1b[01m\x1b[Kpub_\x1b[m\x1b[K\xe2\x80\x99 does not name a type\n'}
[3.087435] (mercury_autonomy) StderrLine: {'line': b'   32 |   rclcpp::Publisher<std_msgs::msg::UInt16>::SharedPtr \x1b[01;31m\x1b[Kpub_\x1b[m\x1b[K;\n'}
[3.087460] (mercury_autonomy) StderrLine: {'line': b'      |                                                       \x1b[01;31m\x1b[K^~~~\x1b[m\x1b[K\n'}
[3.087484] (mercury_autonomy) StderrLine: {'line': b'In file included from \x1b[01m\x1b[K/home/bobdobchob/osu-uwrt/development/software/src/mercury_autonomy/mercury_autonomy/src/register_actions.cpp:19\x1b[m\x1b[K:\n'}
[3.087509] (mercury_autonomy) StderrLine: {'line': b'\x1b[01m\x1b[K/home/bobdobchob/osu-uwrt/development/software/src/mercury_autonomy/mercury_autonomy/include/mercury_autonomy/bt_actions/publish_to_controller.hpp:\x1b[m\x1b[K In static member function \xe2\x80\x98\x1b[01m\x1b[Kstatic BT::PortsList mercury_autonomy::PublishToController::providedPorts()\x1b[m\x1b[K\xe2\x80\x99:\n'}
[3.087536] (mercury_autonomy) StderrLine: {'line': b'\x1b[01m\x1b[K/home/bobdobchob/osu-uwrt/development/software/src/mercury_autonomy/mercury_autonomy/include/mercury_autonomy/bt_actions/publish_to_controller.hpp:21:26:\x1b[m\x1b[K \x1b[01;31m\x1b[Kerror: \x1b[m\x1b[Kno matching function for call to \xe2\x80\x98\x1b[01m\x1b[KInputPort<bool>(const char [14], bool)\x1b[m\x1b[K\xe2\x80\x99\n'}
[3.087561] (mercury_autonomy) StderrLine: {'line': b'   21 |       \x1b[01;31m\x1b[KBT::InputPort<bool>("isOrientation", false)\x1b[m\x1b[K,\n'}
[3.087586] (mercury_autonomy) StderrLine: {'line': b'      |       \x1b[01;31m\x1b[K~~~~~~~~~~~~~~~~~~~^~~~~~~~~~~~~~~~~~~~~~~~\x1b[m\x1b[K\n'}
[3.087660] (mercury_autonomy) StderrLine: {'line': b'In file included from \x1b[01m\x1b[K/home/bobdobchob/osu-uwrt/development/software/install/behaviortree_cpp/include/behaviortree_cpp/tree_node.h:16\x1b[m\x1b[K,\n'}
[3.087687] (mercury_autonomy) StderrLine: {'line': b'                 from \x1b[01m\x1b[K/home/bobdobchob/osu-uwrt/development/software/install/behaviortree_cpp/include/behaviortree_cpp/leaf_node.h:17\x1b[m\x1b[K,\n'}
[3.087712] (mercury_autonomy) StderrLine: {'line': b'                 from \x1b[01m\x1b[K/home/bobdobchob/osu-uwrt/development/software/install/behaviortree_cpp/include/behaviortree_cpp/action_node.h:17\x1b[m\x1b[K,\n'}
[3.087737] (mercury_autonomy) StderrLine: {'line': b'                 from \x1b[01m\x1b[K/home/bobdobchob/osu-uwrt/development/software/install/behaviortree_cpp/include/behaviortree_cpp/behavior_tree.h:16\x1b[m\x1b[K,\n'}
[3.088034] (mercury_autonomy) StderrLine: {'line': b'                 from \x1b[01m\x1b[K/home/bobdobchob/osu-uwrt/development/software/src/mercury_autonomy/mercury_autonomy/include/mercury_autonomy/autonomy_base.hpp:15\x1b[m\x1b[K,\n'}
[3.088073] (mercury_autonomy) StderrLine: {'line': b'                 from \x1b[01m\x1b[K/home/bobdobchob/osu-uwrt/development/software/src/mercury_autonomy/mercury_autonomy/include/mercury_autonomy/autonomy_lib.hpp:6\x1b[m\x1b[K,\n'}
[3.088099] (mercury_autonomy) StderrLine: {'line': b'                 from \x1b[01m\x1b[K/home/bobdobchob/osu-uwrt/development/software/src/mercury_autonomy/mercury_autonomy/include/mercury_autonomy/bt_actions/example_action.hpp:14\x1b[m\x1b[K,\n'}
[3.088125] (mercury_autonomy) StderrLine: {'line': b'                 from \x1b[01m\x1b[K/home/bobdobchob/osu-uwrt/development/software/src/mercury_autonomy/mercury_autonomy/src/register_actions.cpp:4\x1b[m\x1b[K:\n'}
[3.088150] (mercury_autonomy) StderrLine: {'line': b'\x1b[01m\x1b[K/home/bobdobchob/osu-uwrt/development/software/install/behaviortree_cpp/include/behaviortree_cpp/basic_types.h:484:1:\x1b[m\x1b[K \x1b[01;36m\x1b[Knote: \x1b[m\x1b[Kcandidate: \xe2\x80\x98\x1b[01m\x1b[Kstd::pair<std::__cxx11::basic_string<char>, BT::PortInfo> BT::InputPort(BT::StringView, BT::StringView) [with T = bool; BT::StringView = std::basic_string_view<char>]\x1b[m\x1b[K\xe2\x80\x99\n'}
[3.088177] (mercury_autonomy) StderrLine: {'line': b'  484 | \x1b[01;36m\x1b[KInputPort\x1b[m\x1b[K(StringView name, StringView description = {})\n'}
[3.088200] (mercury_autonomy) StderrLine: {'line': b'      | \x1b[01;36m\x1b[K^~~~~~~~~\x1b[m\x1b[K\n'}
[3.088224] (mercury_autonomy) StderrLine: {'line': b'\x1b[01m\x1b[K/home/bobdobchob/osu-uwrt/development/software/install/behaviortree_cpp/include/behaviortree_cpp/basic_types.h:484:39:\x1b[m\x1b[K \x1b[01;36m\x1b[Knote: \x1b[m\x1b[K  no known conversion for argument 2 from \xe2\x80\x98\x1b[01m\x1b[Kbool\x1b[m\x1b[K\xe2\x80\x99 to \xe2\x80\x98\x1b[01m\x1b[KBT::StringView\x1b[m\x1b[K\xe2\x80\x99 {aka \xe2\x80\x98\x1b[01m\x1b[Kstd::basic_string_view<char>\x1b[m\x1b[K\xe2\x80\x99}\n'}
[3.088252] (mercury_autonomy) StderrLine: {'line': b'  484 | InputPort(StringView name, \x1b[01;36m\x1b[KStringView description = {}\x1b[m\x1b[K)\n'}
[3.088279] (mercury_autonomy) StderrLine: {'line': b'      |                            \x1b[01;36m\x1b[K~~~~~~~~~~~^~~~~~~~~~~~~~~~\x1b[m\x1b[K\n'}
[3.088304] (mercury_autonomy) StderrLine: {'line': b'\x1b[01m\x1b[K/home/bobdobchob/osu-uwrt/development/software/install/behaviortree_cpp/include/behaviortree_cpp/basic_types.h:554:1:\x1b[m\x1b[K \x1b[01;36m\x1b[Knote: \x1b[m\x1b[Kcandidate: \xe2\x80\x98\x1b[01m\x1b[Ktemplate<class T, class DefaultT> std::pair<std::__cxx11::basic_string<char>, BT::PortInfo> BT::InputPort(BT::StringView, const DefaultT&, BT::StringView)\x1b[m\x1b[K\xe2\x80\x99\n'}
[3.088412] (mercury_autonomy) StderrLine: {'line': b'  554 | \x1b[01;36m\x1b[KInputPort\x1b[m\x1b[K(StringView name, const DefaultT& default_value, StringView description)\n'}
[3.088483] (mercury_autonomy) StderrLine: {'line': b'      | \x1b[01;36m\x1b[K^~~~~~~~~\x1b[m\x1b[K\n'}
[3.088509] (mercury_autonomy) StderrLine: {'line': b'\x1b[01m\x1b[K/home/bobdobchob/osu-uwrt/development/software/install/behaviortree_cpp/include/behaviortree_cpp/basic_types.h:554:1:\x1b[m\x1b[K \x1b[01;36m\x1b[Knote: \x1b[m\x1b[K  template argument deduction/substitution failed:\n'}
[3.088533] (mercury_autonomy) StderrLine: {'line': b'In file included from \x1b[01m\x1b[K/home/bobdobchob/osu-uwrt/development/software/src/mercury_autonomy/mercury_autonomy/src/register_actions.cpp:19\x1b[m\x1b[K:\n'}
[3.088557] (mercury_autonomy) StderrLine: {'line': b'\x1b[01m\x1b[K/home/bobdobchob/osu-uwrt/development/software/src/mercury_autonomy/mercury_autonomy/include/mercury_autonomy/bt_actions/publish_to_controller.hpp:21:26:\x1b[m\x1b[K \x1b[01;36m\x1b[Knote: \x1b[m\x1b[K  candidate expects 3 arguments, 2 provided\n'}
[3.088585] (mercury_autonomy) StderrLine: {'line': b'   21 |       \x1b[01;36m\x1b[KBT::InputPort<bool>("isOrientation", false)\x1b[m\x1b[K,\n'}
[3.088610] (mercury_autonomy) StderrLine: {'line': b'      |       \x1b[01;36m\x1b[K~~~~~~~~~~~~~~~~~~~^~~~~~~~~~~~~~~~~~~~~~~~\x1b[m\x1b[K\n'}
[3.088633] (mercury_autonomy) StderrLine: {'line': b'\x1b[01m\x1b[K/home/bobdobchob/osu-uwrt/development/software/src/mercury_autonomy/mercury_autonomy/include/mercury_autonomy/bt_actions/publish_to_controller.hpp:22:25:\x1b[m\x1b[K \x1b[01;31m\x1b[Kerror: \x1b[m\x1b[Kno matching function for call to \xe2\x80\x98\x1b[01m\x1b[KInputPort<int>(const char [5], int)\x1b[m\x1b[K\xe2\x80\x99\n'}
[3.088659] (mercury_autonomy) StderrLine: {'line': b'   22 |       \x1b[01;31m\x1b[KBT::InputPort<int>("mode", 3)\x1b[m\x1b[K,\n'}
[3.088683] (mercury_autonomy) StderrLine: {'line': b'      |       \x1b[01;31m\x1b[K~~~~~~~~~~~~~~~~~~^~~~~~~~~~~\x1b[m\x1b[K\n'}
[3.088707] (mercury_autonomy) StderrLine: {'line': b'In file included from \x1b[01m\x1b[K/home/bobdobchob/osu-uwrt/development/software/install/behaviortree_cpp/include/behaviortree_cpp/tree_node.h:16\x1b[m\x1b[K,\n'}
[3.088730] (mercury_autonomy) StderrLine: {'line': b'                 from \x1b[01m\x1b[K/home/bobdobchob/osu-uwrt/development/software/install/behaviortree_cpp/include/behaviortree_cpp/leaf_node.h:17\x1b[m\x1b[K,\n'}
[3.088754] (mercury_autonomy) StderrLine: {'line': b'                 from \x1b[01m\x1b[K/home/bobdobchob/osu-uwrt/development/software/install/behaviortree_cpp/include/behaviortree_cpp/action_node.h:17\x1b[m\x1b[K,\n'}
[3.088777] (mercury_autonomy) StderrLine: {'line': b'                 from \x1b[01m\x1b[K/home/bobdobchob/osu-uwrt/development/software/install/behaviortree_cpp/include/behaviortree_cpp/behavior_tree.h:16\x1b[m\x1b[K,\n'}
[3.088801] (mercury_autonomy) StderrLine: {'line': b'                 from \x1b[01m\x1b[K/home/bobdobchob/osu-uwrt/development/software/src/mercury_autonomy/mercury_autonomy/include/mercury_autonomy/autonomy_base.hpp:15\x1b[m\x1b[K,\n'}
[3.088824] (mercury_autonomy) StderrLine: {'line': b'                 from \x1b[01m\x1b[K/home/bobdobchob/osu-uwrt/development/software/src/mercury_autonomy/mercury_autonomy/include/mercury_autonomy/autonomy_lib.hpp:6\x1b[m\x1b[K,\n'}
[3.088848] (mercury_autonomy) StderrLine: {'line': b'                 from \x1b[01m\x1b[K/home/bobdobchob/osu-uwrt/development/software/src/mercury_autonomy/mercury_autonomy/include/mercury_autonomy/bt_actions/example_action.hpp:14\x1b[m\x1b[K,\n'}
[3.088874] (mercury_autonomy) StderrLine: {'line': b'                 from \x1b[01m\x1b[K/home/bobdobchob/osu-uwrt/development/software/src/mercury_autonomy/mercury_autonomy/src/register_actions.cpp:4\x1b[m\x1b[K:\n'}
[3.088906] (mercury_autonomy) StderrLine: {'line': b'\x1b[01m\x1b[K/home/bobdobchob/osu-uwrt/development/software/install/behaviortree_cpp/include/behaviortree_cpp/basic_types.h:484:1:\x1b[m\x1b[K \x1b[01;36m\x1b[Knote: \x1b[m\x1b[Kcandidate: \xe2\x80\x98\x1b[01m\x1b[Kstd::pair<std::__cxx11::basic_string<char>, BT::PortInfo> BT::InputPort(BT::StringView, BT::StringView) [with T = int; BT::StringView = std::basic_string_view<char>]\x1b[m\x1b[K\xe2\x80\x99 (near match)\n'}
[3.088934] (mercury_autonomy) StderrLine: {'line': b'  484 | \x1b[01;36m\x1b[KInputPort\x1b[m\x1b[K(StringView name, StringView description = {})\n'}
[3.088958] (mercury_autonomy) StderrLine: {'line': b'      | \x1b[01;36m\x1b[K^~~~~~~~~\x1b[m\x1b[K\n'}
[3.088982] (mercury_autonomy) StderrLine: {'line': b'\x1b[01m\x1b[K/home/bobdobchob/osu-uwrt/development/software/install/behaviortree_cpp/include/behaviortree_cpp/basic_types.h:484:1:\x1b[m\x1b[K \x1b[01;36m\x1b[Knote: \x1b[m\x1b[K  conversion of argument 2 would be ill-formed:\n'}
[3.089006] (mercury_autonomy) StderrLine: {'line': b'In file included from \x1b[01m\x1b[K/home/bobdobchob/osu-uwrt/development/software/src/mercury_autonomy/mercury_autonomy/src/register_actions.cpp:19\x1b[m\x1b[K:\n'}
[3.089034] (mercury_autonomy) StderrLine: {'line': b'\x1b[01m\x1b[K/home/bobdobchob/osu-uwrt/development/software/src/mercury_autonomy/mercury_autonomy/include/mercury_autonomy/bt_actions/publish_to_controller.hpp:22:34:\x1b[m\x1b[K \x1b[01;31m\x1b[Kerror: \x1b[m\x1b[Kinvalid conversion from \xe2\x80\x98\x1b[01m\x1b[Kint\x1b[m\x1b[K\xe2\x80\x99 to \xe2\x80\x98\x1b[01m\x1b[Kconst char*\x1b[m\x1b[K\xe2\x80\x99 [\x1b[01;31m\x1b[K\x1b]8;;https://gcc.gnu.org/onlinedocs/gcc/Warning-Options.html#index-fpermissive\x07-fpermissive\x1b]8;;\x07\x1b[m\x1b[K]\n'}
[3.089062] (mercury_autonomy) StderrLine: {'line': b'   22 |       BT::InputPort<int>("mode", \x1b[01;31m\x1b[K3\x1b[m\x1b[K),\n'}
[3.089088] (mercury_autonomy) StderrLine: {'line': b'      |                                  \x1b[01;31m\x1b[K^\x1b[m\x1b[K\n'}
[3.089113] (mercury_autonomy) StderrLine: {'line': b'      |                                  \x1b[01;31m\x1b[K|\x1b[m\x1b[K\n'}
[3.089136] (mercury_autonomy) StderrLine: {'line': b'      |                                  \x1b[01;31m\x1b[Kint\x1b[m\x1b[K\n'}
[3.089160] (mercury_autonomy) StderrLine: {'line': b'In file included from \x1b[01m\x1b[K/usr/include/c++/11/bits/basic_string.h:48\x1b[m\x1b[K,\n'}
[3.089185] (mercury_autonomy) StderrLine: {'line': b'                 from \x1b[01m\x1b[K/usr/include/c++/11/string:55\x1b[m\x1b[K,\n'}
[3.089210] (mercury_autonomy) StderrLine: {'line': b'                 from \x1b[01m\x1b[K/home/bobdobchob/osu-uwrt/development/software/src/mercury_autonomy/mercury_autonomy/include/mercury_autonomy/autonomy_base.hpp:11\x1b[m\x1b[K,\n'}
[3.089236] (mercury_autonomy) StderrLine: {'line': b'                 from \x1b[01m\x1b[K/home/bobdobchob/osu-uwrt/development/software/src/mercury_autonomy/mercury_autonomy/include/mercury_autonomy/autonomy_lib.hpp:6\x1b[m\x1b[K,\n'}
[3.089262] (mercury_autonomy) StderrLine: {'line': b'                 from \x1b[01m\x1b[K/home/bobdobchob/osu-uwrt/development/software/src/mercury_autonomy/mercury_autonomy/include/mercury_autonomy/bt_actions/example_action.hpp:14\x1b[m\x1b[K,\n'}
[3.089288] (mercury_autonomy) StderrLine: {'line': b'                 from \x1b[01m\x1b[K/home/bobdobchob/osu-uwrt/development/software/src/mercury_autonomy/mercury_autonomy/src/register_actions.cpp:4\x1b[m\x1b[K:\n'}
[3.089313] (mercury_autonomy) StderrLine: {'line': b'\x1b[01m\x1b[K/usr/include/c++/11/string_view:131:39:\x1b[m\x1b[K \x1b[01;36m\x1b[Knote: \x1b[m\x1b[K  initializing argument 1 of \xe2\x80\x98\x1b[01m\x1b[Kconstexpr std::basic_string_view<_CharT, _Traits>::basic_string_view(const _CharT*) [with _CharT = char; _Traits = std::char_traits<char>]\x1b[m\x1b[K\xe2\x80\x99\n'}
[3.089369] (mercury_autonomy) StderrLine: {'line': b'  131 |       basic_string_view(\x1b[01;36m\x1b[Kconst _CharT* __str\x1b[m\x1b[K) noexcept\n'}
[3.089397] (mercury_autonomy) StderrLine: {'line': b'      |                         \x1b[01;36m\x1b[K~~~~~~~~~~~~~~^~~~~\x1b[m\x1b[K\n'}
[3.089422] (mercury_autonomy) StderrLine: {'line': b'In file included from \x1b[01m\x1b[K/home/bobdobchob/osu-uwrt/development/software/install/behaviortree_cpp/include/behaviortree_cpp/tree_node.h:16\x1b[m\x1b[K,\n'}
[3.089449] (mercury_autonomy) StderrLine: {'line': b'                 from \x1b[01m\x1b[K/home/bobdobchob/osu-uwrt/development/software/install/behaviortree_cpp/include/behaviortree_cpp/leaf_node.h:17\x1b[m\x1b[K,\n'}
[3.089474] (mercury_autonomy) StderrLine: {'line': b'                 from \x1b[01m\x1b[K/home/bobdobchob/osu-uwrt/development/software/install/behaviortree_cpp/include/behaviortree_cpp/action_node.h:17\x1b[m\x1b[K,\n'}
[3.089498] (mercury_autonomy) StderrLine: {'line': b'                 from \x1b[01m\x1b[K/home/bobdobchob/osu-uwrt/development/software/install/behaviortree_cpp/include/behaviortree_cpp/behavior_tree.h:16\x1b[m\x1b[K,\n'}
[3.089523] (mercury_autonomy) StderrLine: {'line': b'                 from \x1b[01m\x1b[K/home/bobdobchob/osu-uwrt/development/software/src/mercury_autonomy/mercury_autonomy/include/mercury_autonomy/autonomy_base.hpp:15\x1b[m\x1b[K,\n'}
[3.089549] (mercury_autonomy) StderrLine: {'line': b'                 from \x1b[01m\x1b[K/home/bobdobchob/osu-uwrt/development/software/src/mercury_autonomy/mercury_autonomy/include/mercury_autonomy/autonomy_lib.hpp:6\x1b[m\x1b[K,\n'}
[3.089641] (mercury_autonomy) StderrLine: {'line': b'                 from \x1b[01m\x1b[K/home/bobdobchob/osu-uwrt/development/software/src/mercury_autonomy/mercury_autonomy/include/mercury_autonomy/bt_actions/example_action.hpp:14\x1b[m\x1b[K,\n'}
[3.089668] (mercury_autonomy) StderrLine: {'line': b'                 from \x1b[01m\x1b[K/home/bobdobchob/osu-uwrt/development/software/src/mercury_autonomy/mercury_autonomy/src/register_actions.cpp:4\x1b[m\x1b[K:\n'}
[3.089693] (mercury_autonomy) StderrLine: {'line': b'\x1b[01m\x1b[K/home/bobdobchob/osu-uwrt/development/software/install/behaviortree_cpp/include/behaviortree_cpp/basic_types.h:554:1:\x1b[m\x1b[K \x1b[01;36m\x1b[Knote: \x1b[m\x1b[Kcandidate: \xe2\x80\x98\x1b[01m\x1b[Ktemplate<class T, class DefaultT> std::pair<std::__cxx11::basic_string<char>, BT::PortInfo> BT::InputPort(BT::StringView, const DefaultT&, BT::StringView)\x1b[m\x1b[K\xe2\x80\x99\n'}
[3.089773] (mercury_autonomy) StderrLine: {'line': b'  554 | \x1b[01;36m\x1b[KInputPort\x1b[m\x1b[K(StringView name, const DefaultT& default_value, StringView description)\n'}
[3.089800] (mercury_autonomy) StderrLine: {'line': b'      | \x1b[01;36m\x1b[K^~~~~~~~~\x1b[m\x1b[K\n'}
[3.089823] (mercury_autonomy) StderrLine: {'line': b'\x1b[01m\x1b[K/home/bobdobchob/osu-uwrt/development/software/install/behaviortree_cpp/include/behaviortree_cpp/basic_types.h:554:1:\x1b[m\x1b[K \x1b[01;36m\x1b[Knote: \x1b[m\x1b[K  template argument deduction/substitution failed:\n'}
[3.089849] (mercury_autonomy) StderrLine: {'line': b'In file included from \x1b[01m\x1b[K/home/bobdobchob/osu-uwrt/development/software/src/mercury_autonomy/mercury_autonomy/src/register_actions.cpp:19\x1b[m\x1b[K:\n'}
[3.089872] (mercury_autonomy) StderrLine: {'line': b'\x1b[01m\x1b[K/home/bobdobchob/osu-uwrt/development/software/src/mercury_autonomy/mercury_autonomy/include/mercury_autonomy/bt_actions/publish_to_controller.hpp:22:25:\x1b[m\x1b[K \x1b[01;36m\x1b[Knote: \x1b[m\x1b[K  candidate expects 3 arguments, 2 provided\n'}
[3.089904] (mercury_autonomy) StderrLine: {'line': b'   22 |       \x1b[01;36m\x1b[KBT::InputPort<int>("mode", 3)\x1b[m\x1b[K,\n'}
[3.089930] (mercury_autonomy) StderrLine: {'line': b'      |       \x1b[01;36m\x1b[K~~~~~~~~~~~~~~~~~~^~~~~~~~~~~\x1b[m\x1b[K\n'}
[3.089956] (mercury_autonomy) StderrLine: {'line': b'\x1b[01m\x1b[K/home/bobdobchob/osu-uwrt/development/software/src/mercury_autonomy/mercury_autonomy/include/mercury_autonomy/bt_actions/publish_to_controller.hpp:23:28:\x1b[m\x1b[K \x1b[01;31m\x1b[Kerror: \x1b[m\x1b[Kno matching function for call to \xe2\x80\x98\x1b[01m\x1b[KInputPort<double>(const char [2], double)\x1b[m\x1b[K\xe2\x80\x99\n'}
[3.089984] (mercury_autonomy) StderrLine: {'line': b'   23 |       \x1b[01;31m\x1b[KBT::InputPort<double>("x", 0.0)\x1b[m\x1b[K,\n'}
[3.090006] (mercury_autonomy) StderrLine: {'line': b'      |       \x1b[01;31m\x1b[K~~~~~~~~~~~~~~~~~~~~~^~~~~~~~~~\x1b[m\x1b[K\n'}
[3.090030] (mercury_autonomy) StderrLine: {'line': b'In file included from \x1b[01m\x1b[K/home/bobdobchob/osu-uwrt/development/software/install/behaviortree_cpp/include/behaviortree_cpp/tree_node.h:16\x1b[m\x1b[K,\n'}
[3.090053] (mercury_autonomy) StderrLine: {'line': b'                 from \x1b[01m\x1b[K/home/bobdobchob/osu-uwrt/development/software/install/behaviortree_cpp/include/behaviortree_cpp/leaf_node.h:17\x1b[m\x1b[K,\n'}
[3.090076] (mercury_autonomy) StderrLine: {'line': b'                 from \x1b[01m\x1b[K/home/bobdobchob/osu-uwrt/development/software/install/behaviortree_cpp/include/behaviortree_cpp/action_node.h:17\x1b[m\x1b[K,\n'}
[3.090100] (mercury_autonomy) StderrLine: {'line': b'                 from \x1b[01m\x1b[K/home/bobdobchob/osu-uwrt/development/software/install/behaviortree_cpp/include/behaviortree_cpp/behavior_tree.h:16\x1b[m\x1b[K,\n'}
[3.090124] (mercury_autonomy) StderrLine: {'line': b'                 from \x1b[01m\x1b[K/home/bobdobchob/osu-uwrt/development/software/src/mercury_autonomy/mercury_autonomy/include/mercury_autonomy/autonomy_base.hpp:15\x1b[m\x1b[K,\n'}
[3.090150] (mercury_autonomy) StderrLine: {'line': b'                 from \x1b[01m\x1b[K/home/bobdobchob/osu-uwrt/development/software/src/mercury_autonomy/mercury_autonomy/include/mercury_autonomy/autonomy_lib.hpp:6\x1b[m\x1b[K,\n'}
[3.090174] (mercury_autonomy) StderrLine: {'line': b'                 from \x1b[01m\x1b[K/home/bobdobchob/osu-uwrt/development/software/src/mercury_autonomy/mercury_autonomy/include/mercury_autonomy/bt_actions/example_action.hpp:14\x1b[m\x1b[K,\n'}
[3.090197] (mercury_autonomy) StderrLine: {'line': b'                 from \x1b[01m\x1b[K/home/bobdobchob/osu-uwrt/development/software/src/mercury_autonomy/mercury_autonomy/src/register_actions.cpp:4\x1b[m\x1b[K:\n'}
[3.090220] (mercury_autonomy) StderrLine: {'line': b'\x1b[01m\x1b[K/home/bobdobchob/osu-uwrt/development/software/install/behaviortree_cpp/include/behaviortree_cpp/basic_types.h:484:1:\x1b[m\x1b[K \x1b[01;36m\x1b[Knote: \x1b[m\x1b[Kcandidate: \xe2\x80\x98\x1b[01m\x1b[Kstd::pair<std::__cxx11::basic_string<char>, BT::PortInfo> BT::InputPort(BT::StringView, BT::StringView) [with T = double; BT::StringView = std::basic_string_view<char>]\x1b[m\x1b[K\xe2\x80\x99\n'}
[3.090247] (mercury_autonomy) StderrLine: {'line': b'  484 | \x1b[01;36m\x1b[KInputPort\x1b[m\x1b[K(StringView name, StringView description = {})\n'}
[3.090270] (mercury_autonomy) StderrLine: {'line': b'      | \x1b[01;36m\x1b[K^~~~~~~~~\x1b[m\x1b[K\n'}
[3.090294] (mercury_autonomy) StderrLine: {'line': b'\x1b[01m\x1b[K/home/bobdobchob/osu-uwrt/development/software/install/behaviortree_cpp/include/behaviortree_cpp/basic_types.h:484:39:\x1b[m\x1b[K \x1b[01;36m\x1b[Knote: \x1b[m\x1b[K  no known conversion for argument 2 from \xe2\x80\x98\x1b[01m\x1b[Kdouble\x1b[m\x1b[K\xe2\x80\x99 to \xe2\x80\x98\x1b[01m\x1b[KBT::StringView\x1b[m\x1b[K\xe2\x80\x99 {aka \xe2\x80\x98\x1b[01m\x1b[Kstd::basic_string_view<char>\x1b[m\x1b[K\xe2\x80\x99}\n'}
[3.090318] (mercury_autonomy) StderrLine: {'line': b'  484 | InputPort(StringView name, \x1b[01;36m\x1b[KStringView description = {}\x1b[m\x1b[K)\n'}
[3.090342] (mercury_autonomy) StderrLine: {'line': b'      |                            \x1b[01;36m\x1b[K~~~~~~~~~~~^~~~~~~~~~~~~~~~\x1b[m\x1b[K\n'}
[3.090365] (mercury_autonomy) StderrLine: {'line': b'\x1b[01m\x1b[K/home/bobdobchob/osu-uwrt/development/software/install/behaviortree_cpp/include/behaviortree_cpp/basic_types.h:554:1:\x1b[m\x1b[K \x1b[01;36m\x1b[Knote: \x1b[m\x1b[Kcandidate: \xe2\x80\x98\x1b[01m\x1b[Ktemplate<class T, class DefaultT> std::pair<std::__cxx11::basic_string<char>, BT::PortInfo> BT::InputPort(BT::StringView, const DefaultT&, BT::StringView)\x1b[m\x1b[K\xe2\x80\x99\n'}
[3.090390] (mercury_autonomy) StderrLine: {'line': b'  554 | \x1b[01;36m\x1b[KInputPort\x1b[m\x1b[K(StringView name, const DefaultT& default_value, StringView description)\n'}
[3.090413] (mercury_autonomy) StderrLine: {'line': b'      | \x1b[01;36m\x1b[K^~~~~~~~~\x1b[m\x1b[K\n'}
[3.090436] (mercury_autonomy) StderrLine: {'line': b'\x1b[01m\x1b[K/home/bobdobchob/osu-uwrt/development/software/install/behaviortree_cpp/include/behaviortree_cpp/basic_types.h:554:1:\x1b[m\x1b[K \x1b[01;36m\x1b[Knote: \x1b[m\x1b[K  template argument deduction/substitution failed:\n'}
[3.090461] (mercury_autonomy) StderrLine: {'line': b'In file included from \x1b[01m\x1b[K/home/bobdobchob/osu-uwrt/development/software/src/mercury_autonomy/mercury_autonomy/src/register_actions.cpp:19\x1b[m\x1b[K:\n'}
[3.090485] (mercury_autonomy) StderrLine: {'line': b'\x1b[01m\x1b[K/home/bobdobchob/osu-uwrt/development/software/src/mercury_autonomy/mercury_autonomy/include/mercury_autonomy/bt_actions/publish_to_controller.hpp:23:28:\x1b[m\x1b[K \x1b[01;36m\x1b[Knote: \x1b[m\x1b[K  candidate expects 3 arguments, 2 provided\n'}
[3.090509] (mercury_autonomy) StderrLine: {'line': b'   23 |       \x1b[01;36m\x1b[KBT::InputPort<double>("x", 0.0)\x1b[m\x1b[K,\n'}
[3.090533] (mercury_autonomy) StderrLine: {'line': b'      |       \x1b[01;36m\x1b[K~~~~~~~~~~~~~~~~~~~~~^~~~~~~~~~\x1b[m\x1b[K\n'}
[3.090561] (mercury_autonomy) StderrLine: {'line': b'\x1b[01m\x1b[K/home/bobdobchob/osu-uwrt/development/software/src/mercury_autonomy/mercury_autonomy/include/mercury_autonomy/bt_actions/publish_to_controller.hpp:24:28:\x1b[m\x1b[K \x1b[01;31m\x1b[Kerror: \x1b[m\x1b[Kno matching function for call to \xe2\x80\x98\x1b[01m\x1b[KInputPort<double>(const char [2], double)\x1b[m\x1b[K\xe2\x80\x99\n'}
[3.090587] (mercury_autonomy) StderrLine: {'line': b'   24 |       \x1b[01;31m\x1b[KBT::InputPort<double>("y", 0.0)\x1b[m\x1b[K,\n'}
[3.090610] (mercury_autonomy) StderrLine: {'line': b'      |       \x1b[01;31m\x1b[K~~~~~~~~~~~~~~~~~~~~~^~~~~~~~~~\x1b[m\x1b[K\n'}
[3.090635] (mercury_autonomy) StderrLine: {'line': b'In file included from \x1b[01m\x1b[K/home/bobdobchob/osu-uwrt/development/software/install/behaviortree_cpp/include/behaviortree_cpp/tree_node.h:16\x1b[m\x1b[K,\n'}
[3.090661] (mercury_autonomy) StderrLine: {'line': b'                 from \x1b[01m\x1b[K/home/bobdobchob/osu-uwrt/development/software/install/behaviortree_cpp/include/behaviortree_cpp/leaf_node.h:17\x1b[m\x1b[K,\n'}
[3.090684] (mercury_autonomy) StderrLine: {'line': b'                 from \x1b[01m\x1b[K/home/bobdobchob/osu-uwrt/development/software/install/behaviortree_cpp/include/behaviortree_cpp/action_node.h:17\x1b[m\x1b[K,\n'}
[3.090708] (mercury_autonomy) StderrLine: {'line': b'                 from \x1b[01m\x1b[K/home/bobdobchob/osu-uwrt/development/software/install/behaviortree_cpp/include/behaviortree_cpp/behavior_tree.h:16\x1b[m\x1b[K,\n'}
[3.090731] (mercury_autonomy) StderrLine: {'line': b'                 from \x1b[01m\x1b[K/home/bobdobchob/osu-uwrt/development/software/src/mercury_autonomy/mercury_autonomy/include/mercury_autonomy/autonomy_base.hpp:15\x1b[m\x1b[K,\n'}
[3.090755] (mercury_autonomy) StderrLine: {'line': b'                 from \x1b[01m\x1b[K/home/bobdobchob/osu-uwrt/development/software/src/mercury_autonomy/mercury_autonomy/include/mercury_autonomy/autonomy_lib.hpp:6\x1b[m\x1b[K,\n'}
[3.090779] (mercury_autonomy) StderrLine: {'line': b'                 from \x1b[01m\x1b[K/home/bobdobchob/osu-uwrt/development/software/src/mercury_autonomy/mercury_autonomy/include/mercury_autonomy/bt_actions/example_action.hpp:14\x1b[m\x1b[K,\n'}
[3.090802] (mercury_autonomy) StderrLine: {'line': b'                 from \x1b[01m\x1b[K/home/bobdobchob/osu-uwrt/development/software/src/mercury_autonomy/mercury_autonomy/src/register_actions.cpp:4\x1b[m\x1b[K:\n'}
[3.090827] (mercury_autonomy) StderrLine: {'line': b'\x1b[01m\x1b[K/home/bobdobchob/osu-uwrt/development/software/install/behaviortree_cpp/include/behaviortree_cpp/basic_types.h:484:1:\x1b[m\x1b[K \x1b[01;36m\x1b[Knote: \x1b[m\x1b[Kcandidate: \xe2\x80\x98\x1b[01m\x1b[Kstd::pair<std::__cxx11::basic_string<char>, BT::PortInfo> BT::InputPort(BT::StringView, BT::StringView) [with T = double; BT::StringView = std::basic_string_view<char>]\x1b[m\x1b[K\xe2\x80\x99\n'}
[3.090853] (mercury_autonomy) StderrLine: {'line': b'  484 | \x1b[01;36m\x1b[KInputPort\x1b[m\x1b[K(StringView name, StringView description = {})\n'}
[3.090878] (mercury_autonomy) StderrLine: {'line': b'      | \x1b[01;36m\x1b[K^~~~~~~~~\x1b[m\x1b[K\n'}
[3.090908] (mercury_autonomy) StderrLine: {'line': b'\x1b[01m\x1b[K/home/bobdobchob/osu-uwrt/development/software/install/behaviortree_cpp/include/behaviortree_cpp/basic_types.h:484:39:\x1b[m\x1b[K \x1b[01;36m\x1b[Knote: \x1b[m\x1b[K  no known conversion for argument 2 from \xe2\x80\x98\x1b[01m\x1b[Kdouble\x1b[m\x1b[K\xe2\x80\x99 to \xe2\x80\x98\x1b[01m\x1b[KBT::StringView\x1b[m\x1b[K\xe2\x80\x99 {aka \xe2\x80\x98\x1b[01m\x1b[Kstd::basic_string_view<char>\x1b[m\x1b[K\xe2\x80\x99}\n'}
[3.090935] (mercury_autonomy) StderrLine: {'line': b'  484 | InputPort(StringView name, \x1b[01;36m\x1b[KStringView description = {}\x1b[m\x1b[K)\n'}
[3.090959] (mercury_autonomy) StderrLine: {'line': b'      |                            \x1b[01;36m\x1b[K~~~~~~~~~~~^~~~~~~~~~~~~~~~\x1b[m\x1b[K\n'}
[3.090985] (mercury_autonomy) StderrLine: {'line': b'\x1b[01m\x1b[K/home/bobdobchob/osu-uwrt/development/software/install/behaviortree_cpp/include/behaviortree_cpp/basic_types.h:554:1:\x1b[m\x1b[K \x1b[01;36m\x1b[Knote: \x1b[m\x1b[Kcandidate: \xe2\x80\x98\x1b[01m\x1b[Ktemplate<class T, class DefaultT> std::pair<std::__cxx11::basic_string<char>, BT::PortInfo> BT::InputPort(BT::StringView, const DefaultT&, BT::StringView)\x1b[m\x1b[K\xe2\x80\x99\n'}
[3.091011] (mercury_autonomy) StderrLine: {'line': b'  554 | \x1b[01;36m\x1b[KInputPort\x1b[m\x1b[K(StringView name, const DefaultT& default_value, StringView description)\n'}
[3.091036] (mercury_autonomy) StderrLine: {'line': b'      | \x1b[01;36m\x1b[K^~~~~~~~~\x1b[m\x1b[K\n'}
[3.091058] (mercury_autonomy) StderrLine: {'line': b'\x1b[01m\x1b[K/home/bobdobchob/osu-uwrt/development/software/install/behaviortree_cpp/include/behaviortree_cpp/basic_types.h:554:1:\x1b[m\x1b[K \x1b[01;36m\x1b[Knote: \x1b[m\x1b[K  template argument deduction/substitution failed:\n'}
[3.091083] (mercury_autonomy) StderrLine: {'line': b'In file included from \x1b[01m\x1b[K/home/bobdobchob/osu-uwrt/development/software/src/mercury_autonomy/mercury_autonomy/src/register_actions.cpp:19\x1b[m\x1b[K:\n'}
[3.091107] (mercury_autonomy) StderrLine: {'line': b'\x1b[01m\x1b[K/home/bobdobchob/osu-uwrt/development/software/src/mercury_autonomy/mercury_autonomy/include/mercury_autonomy/bt_actions/publish_to_controller.hpp:24:28:\x1b[m\x1b[K \x1b[01;36m\x1b[Knote: \x1b[m\x1b[K  candidate expects 3 arguments, 2 provided\n'}
[3.091131] (mercury_autonomy) StderrLine: {'line': b'   24 |       \x1b[01;36m\x1b[KBT::InputPort<double>("y", 0.0)\x1b[m\x1b[K,\n'}
[3.091154] (mercury_autonomy) StderrLine: {'line': b'      |       \x1b[01;36m\x1b[K~~~~~~~~~~~~~~~~~~~~~^~~~~~~~~~\x1b[m\x1b[K\n'}
[3.091177] (mercury_autonomy) StderrLine: {'line': b'\x1b[01m\x1b[K/home/bobdobchob/osu-uwrt/development/software/src/mercury_autonomy/mercury_autonomy/include/mercury_autonomy/bt_actions/publish_to_controller.hpp:25:28:\x1b[m\x1b[K \x1b[01;31m\x1b[Kerror: \x1b[m\x1b[Kno matching function for call to \xe2\x80\x98\x1b[01m\x1b[KInputPort<double>(const char [2], double)\x1b[m\x1b[K\xe2\x80\x99\n'}
[3.091205] (mercury_autonomy) StderrLine: {'line': b'   25 |       \x1b[01;31m\x1b[KBT::InputPort<double>("z", 0.0)\x1b[m\x1b[K,\n'}
[3.091231] (mercury_autonomy) StderrLine: {'line': b'      |       \x1b[01;31m\x1b[K~~~~~~~~~~~~~~~~~~~~~^~~~~~~~~~\x1b[m\x1b[K\n'}
[3.091255] (mercury_autonomy) StderrLine: {'line': b'In file included from \x1b[01m\x1b[K/home/bobdobchob/osu-uwrt/development/software/install/behaviortree_cpp/include/behaviortree_cpp/tree_node.h:16\x1b[m\x1b[K,\n'}
[3.091279] (mercury_autonomy) StderrLine: {'line': b'                 from \x1b[01m\x1b[K/home/bobdobchob/osu-uwrt/development/software/install/behaviortree_cpp/include/behaviortree_cpp/leaf_node.h:17\x1b[m\x1b[K,\n'}
[3.091307] (mercury_autonomy) StderrLine: {'line': b'                 from \x1b[01m\x1b[K/home/bobdobchob/osu-uwrt/development/software/install/behaviortree_cpp/include/behaviortree_cpp/action_node.h:17\x1b[m\x1b[K,\n'}
[3.091331] (mercury_autonomy) StderrLine: {'line': b'                 from \x1b[01m\x1b[K/home/bobdobchob/osu-uwrt/development/software/install/behaviortree_cpp/include/behaviortree_cpp/behavior_tree.h:16\x1b[m\x1b[K,\n'}
[3.091354] (mercury_autonomy) StderrLine: {'line': b'                 from \x1b[01m\x1b[K/home/bobdobchob/osu-uwrt/development/software/src/mercury_autonomy/mercury_autonomy/include/mercury_autonomy/autonomy_base.hpp:15\x1b[m\x1b[K,\n'}
[3.091379] (mercury_autonomy) StderrLine: {'line': b'                 from \x1b[01m\x1b[K/home/bobdobchob/osu-uwrt/development/software/src/mercury_autonomy/mercury_autonomy/include/mercury_autonomy/autonomy_lib.hpp:6\x1b[m\x1b[K,\n'}
[3.091403] (mercury_autonomy) StderrLine: {'line': b'                 from \x1b[01m\x1b[K/home/bobdobchob/osu-uwrt/development/software/src/mercury_autonomy/mercury_autonomy/include/mercury_autonomy/bt_actions/example_action.hpp:14\x1b[m\x1b[K,\n'}
[3.091432] (mercury_autonomy) StderrLine: {'line': b'                 from \x1b[01m\x1b[K/home/bobdobchob/osu-uwrt/development/software/src/mercury_autonomy/mercury_autonomy/src/register_actions.cpp:4\x1b[m\x1b[K:\n'}
[3.091456] (mercury_autonomy) StderrLine: {'line': b'\x1b[01m\x1b[K/home/bobdobchob/osu-uwrt/development/software/install/behaviortree_cpp/include/behaviortree_cpp/basic_types.h:484:1:\x1b[m\x1b[K \x1b[01;36m\x1b[Knote: \x1b[m\x1b[Kcandidate: \xe2\x80\x98\x1b[01m\x1b[Kstd::pair<std::__cxx11::basic_string<char>, BT::PortInfo> BT::InputPort(BT::StringView, BT::StringView) [with T = double; BT::StringView = std::basic_string_view<char>]\x1b[m\x1b[K\xe2\x80\x99\n'}
[3.091482] (mercury_autonomy) StderrLine: {'line': b'  484 | \x1b[01;36m\x1b[KInputPort\x1b[m\x1b[K(StringView name, StringView description = {})\n'}
[3.091505] (mercury_autonomy) StderrLine: {'line': b'      | \x1b[01;36m\x1b[K^~~~~~~~~\x1b[m\x1b[K\n'}
[3.091530] (mercury_autonomy) StderrLine: {'line': b'\x1b[01m\x1b[K/home/bobdobchob/osu-uwrt/development/software/install/behaviortree_cpp/include/behaviortree_cpp/basic_types.h:484:39:\x1b[m\x1b[K \x1b[01;36m\x1b[Knote: \x1b[m\x1b[K  no known conversion for argument 2 from \xe2\x80\x98\x1b[01m\x1b[Kdouble\x1b[m\x1b[K\xe2\x80\x99 to \xe2\x80\x98\x1b[01m\x1b[KBT::StringView\x1b[m\x1b[K\xe2\x80\x99 {aka \xe2\x80\x98\x1b[01m\x1b[Kstd::basic_string_view<char>\x1b[m\x1b[K\xe2\x80\x99}\n'}
[3.091556] (mercury_autonomy) StderrLine: {'line': b'  484 | InputPort(StringView name, \x1b[01;36m\x1b[KStringView description = {}\x1b[m\x1b[K)\n'}
[3.091580] (mercury_autonomy) StderrLine: {'line': b'      |                            \x1b[01;36m\x1b[K~~~~~~~~~~~^~~~~~~~~~~~~~~~\x1b[m\x1b[K\n'}
[3.091604] (mercury_autonomy) StderrLine: {'line': b'\x1b[01m\x1b[K/home/bobdobchob/osu-uwrt/development/software/install/behaviortree_cpp/include/behaviortree_cpp/basic_types.h:554:1:\x1b[m\x1b[K \x1b[01;36m\x1b[Knote: \x1b[m\x1b[Kcandidate: \xe2\x80\x98\x1b[01m\x1b[Ktemplate<class T, class DefaultT> std::pair<std::__cxx11::basic_string<char>, BT::PortInfo> BT::InputPort(BT::StringView, const DefaultT&, BT::StringView)\x1b[m\x1b[K\xe2\x80\x99\n'}
[3.091629] (mercury_autonomy) StderrLine: {'line': b'  554 | \x1b[01;36m\x1b[KInputPort\x1b[m\x1b[K(StringView name, const DefaultT& default_value, StringView description)\n'}
[3.091652] (mercury_autonomy) StderrLine: {'line': b'      | \x1b[01;36m\x1b[K^~~~~~~~~\x1b[m\x1b[K\n'}
[3.091676] (mercury_autonomy) StderrLine: {'line': b'\x1b[01m\x1b[K/home/bobdobchob/osu-uwrt/development/software/install/behaviortree_cpp/include/behaviortree_cpp/basic_types.h:554:1:\x1b[m\x1b[K \x1b[01;36m\x1b[Knote: \x1b[m\x1b[K  template argument deduction/substitution failed:\n'}
[3.091700] (mercury_autonomy) StderrLine: {'line': b'In file included from \x1b[01m\x1b[K/home/bobdobchob/osu-uwrt/development/software/src/mercury_autonomy/mercury_autonomy/src/register_actions.cpp:19\x1b[m\x1b[K:\n'}
[3.091725] (mercury_autonomy) StderrLine: {'line': b'\x1b[01m\x1b[K/home/bobdobchob/osu-uwrt/development/software/src/mercury_autonomy/mercury_autonomy/include/mercury_autonomy/bt_actions/publish_to_controller.hpp:25:28:\x1b[m\x1b[K \x1b[01;36m\x1b[Knote: \x1b[m\x1b[K  candidate expects 3 arguments, 2 provided\n'}
[3.091749] (mercury_autonomy) StderrLine: {'line': b'   25 |       \x1b[01;36m\x1b[KBT::InputPort<double>("z", 0.0)\x1b[m\x1b[K,\n'}
[3.091773] (mercury_autonomy) StderrLine: {'line': b'      |       \x1b[01;36m\x1b[K~~~~~~~~~~~~~~~~~~~~~^~~~~~~~~~\x1b[m\x1b[K\n'}
[3.091797] (mercury_autonomy) StderrLine: {'line': b'\x1b[01m\x1b[K/home/bobdobchob/osu-uwrt/development/software/src/mercury_autonomy/mercury_autonomy/include/mercury_autonomy/bt_actions/publish_to_controller.hpp:26:5:\x1b[m\x1b[K \x1b[01;31m\x1b[Kerror: \x1b[m\x1b[Kcould not convert \xe2\x80\x98\x1b[01m\x1b[K{<expression error>, <expression error>, <expression error>, <expression error>, <expression error>}\x1b[m\x1b[K\xe2\x80\x99 from \xe2\x80\x98\x1b[01m\x1b[K<brace-enclosed initializer list>\x1b[m\x1b[K\xe2\x80\x99 to \xe2\x80\x98\x1b[01m\x1b[KBT::PortsList\x1b[m\x1b[K\xe2\x80\x99 {aka \xe2\x80\x98\x1b[01m\x1b[Kstd::unordered_map<std::__cxx11::basic_string<char>, BT::PortInfo>\x1b[m\x1b[K\xe2\x80\x99}\n'}
[3.091832] (mercury_autonomy) StderrLine: {'line': b'   26 |     \x1b[01;31m\x1b[K}\x1b[m\x1b[K;\n'}
[3.091855] (mercury_autonomy) StderrLine: {'line': b'      |     \x1b[01;31m\x1b[K^\x1b[m\x1b[K\n'}
[3.091878] (mercury_autonomy) StderrLine: {'line': b'      |     \x1b[01;31m\x1b[K|\x1b[m\x1b[K\n'}
[3.091915] (mercury_autonomy) StderrLine: {'line': b'      |     \x1b[01;31m\x1b[K<brace-enclosed initializer list>\x1b[m\x1b[K\n'}
[3.091940] (mercury_autonomy) StderrLine: {'line': b'In file included from \x1b[01m\x1b[K/home/bobdobchob/osu-uwrt/development/software/src/mercury_autonomy/mercury_autonomy/test/test_legacy_action_nodes.cpp:14\x1b[m\x1b[K:\n'}
[3.091964] (mercury_autonomy) StderrLine: {'line': b'\x1b[01m\x1b[K/home/bobdobchob/osu-uwrt/development/software/src/mercury_autonomy/mercury_autonomy/include/mercury_autonomy/bt_actions/publish_to_controller.hpp:\x1b[m\x1b[K In static member function \xe2\x80\x98\x1b[01m\x1b[Kstatic BT::PortsList mercury_autonomy::PublishToController::providedPorts()\x1b[m\x1b[K\xe2\x80\x99:\n'}
[3.091993] (mercury_autonomy) StderrLine: {'line': b'\x1b[01m\x1b[K/home/bobdobchob/osu-uwrt/development/software/src/mercury_autonomy/mercury_autonomy/include/mercury_autonomy/bt_actions/publish_to_controller.hpp:21:26:\x1b[m\x1b[K \x1b[01;31m\x1b[Kerror: \x1b[m\x1b[Kno matching function for call to \xe2\x80\x98\x1b[01m\x1b[KInputPort<bool>(const char [14], bool)\x1b[m\x1b[K\xe2\x80\x99\n'}
[3.092020] (mercury_autonomy) StderrLine: {'line': b'   21 |       \x1b[01;31m\x1b[KBT::InputPort<bool>("isOrientation", false)\x1b[m\x1b[K,\n'}
[3.092045] (mercury_autonomy) StderrLine: {'line': b'      |       \x1b[01;31m\x1b[K~~~~~~~~~~~~~~~~~~~^~~~~~~~~~~~~~~~~~~~~~~~\x1b[m\x1b[K\n'}
[3.092068] (mercury_autonomy) StderrLine: {'line': b'In file included from \x1b[01m\x1b[K/home/bobdobchob/osu-uwrt/development/software/install/behaviortree_cpp/include/behaviortree_cpp/tree_node.h:16\x1b[m\x1b[K,\n'}
[3.092093] (mercury_autonomy) StderrLine: {'line': b'                 from \x1b[01m\x1b[K/home/bobdobchob/osu-uwrt/development/software/install/behaviortree_cpp/include/behaviortree_cpp/leaf_node.h:17\x1b[m\x1b[K,\n'}
[3.092116] (mercury_autonomy) StderrLine: {'line': b'                 from \x1b[01m\x1b[K/home/bobdobchob/osu-uwrt/development/software/install/behaviortree_cpp/include/behaviortree_cpp/action_node.h:17\x1b[m\x1b[K,\n'}
[3.092139] (mercury_autonomy) StderrLine: {'line': b'                 from \x1b[01m\x1b[K/home/bobdobchob/osu-uwrt/development/software/install/behaviortree_cpp/include/behaviortree_cpp/behavior_tree.h:16\x1b[m\x1b[K,\n'}
[3.092162] (mercury_autonomy) StderrLine: {'line': b'                 from \x1b[01m\x1b[K/home/bobdobchob/osu-uwrt/development/software/src/mercury_autonomy/mercury_autonomy/test/test_legacy_action_nodes.cpp:5\x1b[m\x1b[K:\n'}
[3.092184] (mercury_autonomy) StderrLine: {'line': b'\x1b[01m\x1b[K/home/bobdobchob/osu-uwrt/development/software/install/behaviortree_cpp/include/behaviortree_cpp/basic_types.h:484:1:\x1b[m\x1b[K \x1b[01;36m\x1b[Knote: \x1b[m\x1b[Kcandidate: \xe2\x80\x98\x1b[01m\x1b[Kstd::pair<std::__cxx11::basic_string<char>, BT::PortInfo> BT::InputPort(BT::StringView, BT::StringView) [with T = bool; BT::StringView = std::basic_string_view<char>]\x1b[m\x1b[K\xe2\x80\x99\n'}
[3.092209] (mercury_autonomy) StderrLine: {'line': b'  484 | \x1b[01;36m\x1b[KInputPort\x1b[m\x1b[K(StringView name, StringView description = {})\n'}
[3.092233] (mercury_autonomy) StderrLine: {'line': b'      | \x1b[01;36m\x1b[K^~~~~~~~~\x1b[m\x1b[K\n'}
[3.092256] (mercury_autonomy) StderrLine: {'line': b'\x1b[01m\x1b[K/home/bobdobchob/osu-uwrt/development/software/install/behaviortree_cpp/include/behaviortree_cpp/basic_types.h:484:39:\x1b[m\x1b[K \x1b[01;36m\x1b[Knote: \x1b[m\x1b[K  no known conversion for argument 2 from \xe2\x80\x98\x1b[01m\x1b[Kbool\x1b[m\x1b[K\xe2\x80\x99 to \xe2\x80\x98\x1b[01m\x1b[KBT::StringView\x1b[m\x1b[K\xe2\x80\x99 {aka \xe2\x80\x98\x1b[01m\x1b[Kstd::basic_string_view<char>\x1b[m\x1b[K\xe2\x80\x99}\n'}
[3.092284] (mercury_autonomy) StderrLine: {'line': b'  484 | InputPort(StringView name, \x1b[01;36m\x1b[KStringView description = {}\x1b[m\x1b[K)\n'}
[3.092308] (mercury_autonomy) StderrLine: {'line': b'      |                            \x1b[01;36m\x1b[K~~~~~~~~~~~^~~~~~~~~~~~~~~~\x1b[m\x1b[K\n'}
[3.092331] (mercury_autonomy) StderrLine: {'line': b'\x1b[01m\x1b[K/home/bobdobchob/osu-uwrt/development/software/install/behaviortree_cpp/include/behaviortree_cpp/basic_types.h:554:1:\x1b[m\x1b[K \x1b[01;36m\x1b[Knote: \x1b[m\x1b[Kcandidate: \xe2\x80\x98\x1b[01m\x1b[Ktemplate<class T, class DefaultT> std::pair<std::__cxx11::basic_string<char>, BT::PortInfo> BT::InputPort(BT::StringView, const DefaultT&, BT::StringView)\x1b[m\x1b[K\xe2\x80\x99\n'}
[3.092355] (mercury_autonomy) StderrLine: {'line': b'  554 | \x1b[01;36m\x1b[KInputPort\x1b[m\x1b[K(StringView name, const DefaultT& default_value, StringView description)\n'}
[3.092379] (mercury_autonomy) StderrLine: {'line': b'      | \x1b[01;36m\x1b[K^~~~~~~~~\x1b[m\x1b[K\n'}
[3.092402] (mercury_autonomy) StderrLine: {'line': b'\x1b[01m\x1b[K/home/bobdobchob/osu-uwrt/development/software/install/behaviortree_cpp/include/behaviortree_cpp/basic_types.h:554:1:\x1b[m\x1b[K \x1b[01;36m\x1b[Knote: \x1b[m\x1b[K  template argument deduction/substitution failed:\n'}
[3.092428] (mercury_autonomy) StderrLine: {'line': b'In file included from \x1b[01m\x1b[K/home/bobdobchob/osu-uwrt/development/software/src/mercury_autonomy/mercury_autonomy/test/test_legacy_action_nodes.cpp:14\x1b[m\x1b[K:\n'}
[3.092451] (mercury_autonomy) StderrLine: {'line': b'\x1b[01m\x1b[K/home/bobdobchob/osu-uwrt/development/software/src/mercury_autonomy/mercury_autonomy/include/mercury_autonomy/bt_actions/publish_to_controller.hpp:21:26:\x1b[m\x1b[K \x1b[01;36m\x1b[Knote: \x1b[m\x1b[K  candidate expects 3 arguments, 2 provided\n'}
[3.092475] (mercury_autonomy) StderrLine: {'line': b'   21 |       \x1b[01;36m\x1b[KBT::InputPort<bool>("isOrientation", false)\x1b[m\x1b[K,\n'}
[3.092498] (mercury_autonomy) StderrLine: {'line': b'      |       \x1b[01;36m\x1b[K~~~~~~~~~~~~~~~~~~~^~~~~~~~~~~~~~~~~~~~~~~~\x1b[m\x1b[K\n'}
[3.092521] (mercury_autonomy) StderrLine: {'line': b'\x1b[01m\x1b[K/home/bobdobchob/osu-uwrt/development/software/src/mercury_autonomy/mercury_autonomy/include/mercury_autonomy/bt_actions/publish_to_controller.hpp:22:25:\x1b[m\x1b[K \x1b[01;31m\x1b[Kerror: \x1b[m\x1b[Kno matching function for call to \xe2\x80\x98\x1b[01m\x1b[KInputPort<int>(const char [5], int)\x1b[m\x1b[K\xe2\x80\x99\n'}
[3.092547] (mercury_autonomy) StderrLine: {'line': b'   22 |       \x1b[01;31m\x1b[KBT::InputPort<int>("mode", 3)\x1b[m\x1b[K,\n'}
[3.092570] (mercury_autonomy) StderrLine: {'line': b'      |       \x1b[01;31m\x1b[K~~~~~~~~~~~~~~~~~~^~~~~~~~~~~\x1b[m\x1b[K\n'}
[3.092593] (mercury_autonomy) StderrLine: {'line': b'In file included from \x1b[01m\x1b[K/home/bobdobchob/osu-uwrt/development/software/install/behaviortree_cpp/include/behaviortree_cpp/tree_node.h:16\x1b[m\x1b[K,\n'}
[3.092618] (mercury_autonomy) StderrLine: {'line': b'                 from \x1b[01m\x1b[K/home/bobdobchob/osu-uwrt/development/software/install/behaviortree_cpp/include/behaviortree_cpp/leaf_node.h:17\x1b[m\x1b[K,\n'}
[3.092644] (mercury_autonomy) StderrLine: {'line': b'                 from \x1b[01m\x1b[K/home/bobdobchob/osu-uwrt/development/software/install/behaviortree_cpp/include/behaviortree_cpp/action_node.h:17\x1b[m\x1b[K,\n'}
[3.092667] (mercury_autonomy) StderrLine: {'line': b'                 from \x1b[01m\x1b[K/home/bobdobchob/osu-uwrt/development/software/install/behaviortree_cpp/include/behaviortree_cpp/behavior_tree.h:16\x1b[m\x1b[K,\n'}
[3.092690] (mercury_autonomy) StderrLine: {'line': b'                 from \x1b[01m\x1b[K/home/bobdobchob/osu-uwrt/development/software/src/mercury_autonomy/mercury_autonomy/test/test_legacy_action_nodes.cpp:5\x1b[m\x1b[K:\n'}
[3.092712] (mercury_autonomy) StderrLine: {'line': b'\x1b[01m\x1b[K/home/bobdobchob/osu-uwrt/development/software/install/behaviortree_cpp/include/behaviortree_cpp/basic_types.h:484:1:\x1b[m\x1b[K \x1b[01;36m\x1b[Knote: \x1b[m\x1b[Kcandidate: \xe2\x80\x98\x1b[01m\x1b[Kstd::pair<std::__cxx11::basic_string<char>, BT::PortInfo> BT::InputPort(BT::StringView, BT::StringView) [with T = int; BT::StringView = std::basic_string_view<char>]\x1b[m\x1b[K\xe2\x80\x99 (near match)\n'}
[3.092740] (mercury_autonomy) StderrLine: {'line': b'  484 | \x1b[01;36m\x1b[KInputPort\x1b[m\x1b[K(StringView name, StringView description = {})\n'}
[3.092763] (mercury_autonomy) StderrLine: {'line': b'      | \x1b[01;36m\x1b[K^~~~~~~~~\x1b[m\x1b[K\n'}
[3.092785] (mercury_autonomy) StderrLine: {'line': b'\x1b[01m\x1b[K/home/bobdobchob/osu-uwrt/development/software/install/behaviortree_cpp/include/behaviortree_cpp/basic_types.h:484:1:\x1b[m\x1b[K \x1b[01;36m\x1b[Knote: \x1b[m\x1b[K  conversion of argument 2 would be ill-formed:\n'}
[3.092809] (mercury_autonomy) StderrLine: {'line': b'In file included from \x1b[01m\x1b[K/home/bobdobchob/osu-uwrt/development/software/src/mercury_autonomy/mercury_autonomy/test/test_legacy_action_nodes.cpp:14\x1b[m\x1b[K:\n'}
[3.092833] (mercury_autonomy) StderrLine: {'line': b'\x1b[01m\x1b[K/home/bobdobchob/osu-uwrt/development/software/src/mercury_autonomy/mercury_autonomy/include/mercury_autonomy/bt_actions/publish_to_controller.hpp:22:34:\x1b[m\x1b[K \x1b[01;31m\x1b[Kerror: \x1b[m\x1b[Kinvalid conversion from \xe2\x80\x98\x1b[01m\x1b[Kint\x1b[m\x1b[K\xe2\x80\x99 to \xe2\x80\x98\x1b[01m\x1b[Kconst char*\x1b[m\x1b[K\xe2\x80\x99 [\x1b[01;31m\x1b[K\x1b]8;;https://gcc.gnu.org/onlinedocs/gcc/Warning-Options.html#index-fpermissive\x07-fpermissive\x1b]8;;\x07\x1b[m\x1b[K]\n'}
[3.092858] (mercury_autonomy) StderrLine: {'line': b'   22 |       BT::InputPort<int>("mode", \x1b[01;31m\x1b[K3\x1b[m\x1b[K),\n'}
[3.092882] (mercury_autonomy) StderrLine: {'line': b'      |                                  \x1b[01;31m\x1b[K^\x1b[m\x1b[K\n'}
[3.092913] (mercury_autonomy) StderrLine: {'line': b'      |                                  \x1b[01;31m\x1b[K|\x1b[m\x1b[K\n'}
[3.092937] (mercury_autonomy) StderrLine: {'line': b'      |                                  \x1b[01;31m\x1b[Kint\x1b[m\x1b[K\n'}
[3.092960] (mercury_autonomy) StderrLine: {'line': b'In file included from \x1b[01m\x1b[K/usr/include/c++/11/bits/basic_string.h:48\x1b[m\x1b[K,\n'}
[3.092983] (mercury_autonomy) StderrLine: {'line': b'                 from \x1b[01m\x1b[K/usr/include/c++/11/string:55\x1b[m\x1b[K,\n'}
[3.093008] (mercury_autonomy) StderrLine: {'line': b'                 from \x1b[01m\x1b[K/usr/include/c++/11/bits/locale_classes.h:40\x1b[m\x1b[K,\n'}
[3.093031] (mercury_autonomy) StderrLine: {'line': b'                 from \x1b[01m\x1b[K/usr/include/c++/11/bits/ios_base.h:41\x1b[m\x1b[K,\n'}
[3.093054] (mercury_autonomy) StderrLine: {'line': b'                 from \x1b[01m\x1b[K/usr/include/c++/11/ios:42\x1b[m\x1b[K,\n'}
[3.093077] (mercury_autonomy) StderrLine: {'line': b'                 from \x1b[01m\x1b[K/usr/include/c++/11/ostream:38\x1b[m\x1b[K,\n'}
[3.093101] (mercury_autonomy) StderrLine: {'line': b'                 from \x1b[01m\x1b[K/opt/ros/humble/src/gtest_vendor/include/gtest/gtest.h:58\x1b[m\x1b[K,\n'}
[3.093123] (mercury_autonomy) StderrLine: {'line': b'                 from \x1b[01m\x1b[K/home/bobdobchob/osu-uwrt/development/software/src/mercury_autonomy/mercury_autonomy/test/test_legacy_action_nodes.cpp:3\x1b[m\x1b[K:\n'}
[3.093150] (mercury_autonomy) StderrLine: {'line': b'\x1b[01m\x1b[K/usr/include/c++/11/string_view:131:39:\x1b[m\x1b[K \x1b[01;36m\x1b[Knote: \x1b[m\x1b[K  initializing argument 1 of \xe2\x80\x98\x1b[01m\x1b[Kconstexpr std::basic_string_view<_CharT, _Traits>::basic_string_view(const _CharT*) [with _CharT = char; _Traits = std::char_traits<char>]\x1b[m\x1b[K\xe2\x80\x99\n'}
[3.093175] (mercury_autonomy) StderrLine: {'line': b'  131 |       basic_string_view(\x1b[01;36m\x1b[Kconst _CharT* __str\x1b[m\x1b[K) noexcept\n'}
[3.093198] (mercury_autonomy) StderrLine: {'line': b'      |                         \x1b[01;36m\x1b[K~~~~~~~~~~~~~~^~~~~\x1b[m\x1b[K\n'}
[3.093222] (mercury_autonomy) StderrLine: {'line': b'In file included from \x1b[01m\x1b[K/home/bobdobchob/osu-uwrt/development/software/install/behaviortree_cpp/include/behaviortree_cpp/tree_node.h:16\x1b[m\x1b[K,\n'}
[3.093244] (mercury_autonomy) StderrLine: {'line': b'                 from \x1b[01m\x1b[K/home/bobdobchob/osu-uwrt/development/software/install/behaviortree_cpp/include/behaviortree_cpp/leaf_node.h:17\x1b[m\x1b[K,\n'}
[3.093283] (mercury_autonomy) StderrLine: {'line': b'                 from \x1b[01m\x1b[K/home/bobdobchob/osu-uwrt/development/software/install/behaviortree_cpp/include/behaviortree_cpp/action_node.h:17\x1b[m\x1b[K,\n'}
[3.093309] (mercury_autonomy) StderrLine: {'line': b'                 from \x1b[01m\x1b[K/home/bobdobchob/osu-uwrt/development/software/install/behaviortree_cpp/include/behaviortree_cpp/behavior_tree.h:16\x1b[m\x1b[K,\n'}
[3.093334] (mercury_autonomy) StderrLine: {'line': b'                 from \x1b[01m\x1b[K/home/bobdobchob/osu-uwrt/development/software/src/mercury_autonomy/mercury_autonomy/test/test_legacy_action_nodes.cpp:5\x1b[m\x1b[K:\n'}
[3.093358] (mercury_autonomy) StderrLine: {'line': b'\x1b[01m\x1b[K/home/bobdobchob/osu-uwrt/development/software/install/behaviortree_cpp/include/behaviortree_cpp/basic_types.h:554:1:\x1b[m\x1b[K \x1b[01;36m\x1b[Knote: \x1b[m\x1b[Kcandidate: \xe2\x80\x98\x1b[01m\x1b[Ktemplate<class T, class DefaultT> std::pair<std::__cxx11::basic_string<char>, BT::PortInfo> BT::InputPort(BT::StringView, const DefaultT&, BT::StringView)\x1b[m\x1b[K\xe2\x80\x99\n'}
[3.093385] (mercury_autonomy) StderrLine: {'line': b'  554 | \x1b[01;36m\x1b[KInputPort\x1b[m\x1b[K(StringView name, const DefaultT& default_value, StringView description)\n'}
[3.093410] (mercury_autonomy) StderrLine: {'line': b'      | \x1b[01;36m\x1b[K^~~~~~~~~\x1b[m\x1b[K\n'}
[3.093433] (mercury_autonomy) StderrLine: {'line': b'\x1b[01m\x1b[K/home/bobdobchob/osu-uwrt/development/software/install/behaviortree_cpp/include/behaviortree_cpp/basic_types.h:554:1:\x1b[m\x1b[K \x1b[01;36m\x1b[Knote: \x1b[m\x1b[K  template argument deduction/substitution failed:\n'}
[3.093457] (mercury_autonomy) StderrLine: {'line': b'In file included from \x1b[01m\x1b[K/home/bobdobchob/osu-uwrt/development/software/src/mercury_autonomy/mercury_autonomy/test/test_legacy_action_nodes.cpp:14\x1b[m\x1b[K:\n'}
[3.093481] (mercury_autonomy) StderrLine: {'line': b'\x1b[01m\x1b[K/home/bobdobchob/osu-uwrt/development/software/src/mercury_autonomy/mercury_autonomy/include/mercury_autonomy/bt_actions/publish_to_controller.hpp:22:25:\x1b[m\x1b[K \x1b[01;36m\x1b[Knote: \x1b[m\x1b[K  candidate expects 3 arguments, 2 provided\n'}
[3.093505] (mercury_autonomy) StderrLine: {'line': b'   22 |       \x1b[01;36m\x1b[KBT::InputPort<int>("mode", 3)\x1b[m\x1b[K,\n'}
[3.093529] (mercury_autonomy) StderrLine: {'line': b'      |       \x1b[01;36m\x1b[K~~~~~~~~~~~~~~~~~~^~~~~~~~~~~\x1b[m\x1b[K\n'}
[3.093551] (mercury_autonomy) StderrLine: {'line': b'\x1b[01m\x1b[K/home/bobdobchob/osu-uwrt/development/software/src/mercury_autonomy/mercury_autonomy/include/mercury_autonomy/bt_actions/publish_to_controller.hpp:23:28:\x1b[m\x1b[K \x1b[01;31m\x1b[Kerror: \x1b[m\x1b[Kno matching function for call to \xe2\x80\x98\x1b[01m\x1b[KInputPort<double>(const char [2], double)\x1b[m\x1b[K\xe2\x80\x99\n'}
[3.093576] (mercury_autonomy) StderrLine: {'line': b'   23 |       \x1b[01;31m\x1b[KBT::InputPort<double>("x", 0.0)\x1b[m\x1b[K,\n'}
[3.093599] (mercury_autonomy) StderrLine: {'line': b'      |       \x1b[01;31m\x1b[K~~~~~~~~~~~~~~~~~~~~~^~~~~~~~~~\x1b[m\x1b[K\n'}
[3.093623] (mercury_autonomy) StderrLine: {'line': b'In file included from \x1b[01m\x1b[K/home/bobdobchob/osu-uwrt/development/software/install/behaviortree_cpp/include/behaviortree_cpp/tree_node.h:16\x1b[m\x1b[K,\n'}
[3.093646] (mercury_autonomy) StderrLine: {'line': b'                 from \x1b[01m\x1b[K/home/bobdobchob/osu-uwrt/development/software/install/behaviortree_cpp/include/behaviortree_cpp/leaf_node.h:17\x1b[m\x1b[K,\n'}
[3.093669] (mercury_autonomy) StderrLine: {'line': b'                 from \x1b[01m\x1b[K/home/bobdobchob/osu-uwrt/development/software/install/behaviortree_cpp/include/behaviortree_cpp/action_node.h:17\x1b[m\x1b[K,\n'}
[3.093696] (mercury_autonomy) StderrLine: {'line': b'                 from \x1b[01m\x1b[K/home/bobdobchob/osu-uwrt/development/software/install/behaviortree_cpp/include/behaviortree_cpp/behavior_tree.h:16\x1b[m\x1b[K,\n'}
[3.093719] (mercury_autonomy) StderrLine: {'line': b'                 from \x1b[01m\x1b[K/home/bobdobchob/osu-uwrt/development/software/src/mercury_autonomy/mercury_autonomy/test/test_legacy_action_nodes.cpp:5\x1b[m\x1b[K:\n'}
[3.093742] (mercury_autonomy) StderrLine: {'line': b'\x1b[01m\x1b[K/home/bobdobchob/osu-uwrt/development/software/install/behaviortree_cpp/include/behaviortree_cpp/basic_types.h:484:1:\x1b[m\x1b[K \x1b[01;36m\x1b[Knote: \x1b[m\x1b[Kcandidate: \xe2\x80\x98\x1b[01m\x1b[Kstd::pair<std::__cxx11::basic_string<char>, BT::PortInfo> BT::InputPort(BT::StringView, BT::StringView) [with T = double; BT::StringView = std::basic_string_view<char>]\x1b[m\x1b[K\xe2\x80\x99\n'}
[3.093769] (mercury_autonomy) StderrLine: {'line': b'  484 | \x1b[01;36m\x1b[KInputPort\x1b[m\x1b[K(StringView name, StringView description = {})\n'}
[3.093793] (mercury_autonomy) StderrLine: {'line': b'      | \x1b[01;36m\x1b[K^~~~~~~~~\x1b[m\x1b[K\n'}
[3.093815] (mercury_autonomy) StderrLine: {'line': b'\x1b[01m\x1b[K/home/bobdobchob/osu-uwrt/development/software/install/behaviortree_cpp/include/behaviortree_cpp/basic_types.h:484:39:\x1b[m\x1b[K \x1b[01;36m\x1b[Knote: \x1b[m\x1b[K  no known conversion for argument 2 from \xe2\x80\x98\x1b[01m\x1b[Kdouble\x1b[m\x1b[K\xe2\x80\x99 to \xe2\x80\x98\x1b[01m\x1b[KBT::StringView\x1b[m\x1b[K\xe2\x80\x99 {aka \xe2\x80\x98\x1b[01m\x1b[Kstd::basic_string_view<char>\x1b[m\x1b[K\xe2\x80\x99}\n'}
[3.093839] (mercury_autonomy) StderrLine: {'line': b'  484 | InputPort(StringView name, \x1b[01;36m\x1b[KStringView description = {}\x1b[m\x1b[K)\n'}
[3.093859] (mercury_autonomy) StderrLine: {'line': b'      |                            \x1b[01;36m\x1b[K~~~~~~~~~~~^~~~~~~~~~~~~~~~\x1b[m\x1b[K\n'}
[3.093880] (mercury_autonomy) StderrLine: {'line': b'\x1b[01m\x1b[K/home/bobdobchob/osu-uwrt/development/software/install/behaviortree_cpp/include/behaviortree_cpp/basic_types.h:554:1:\x1b[m\x1b[K \x1b[01;36m\x1b[Knote: \x1b[m\x1b[Kcandidate: \xe2\x80\x98\x1b[01m\x1b[Ktemplate<class T, class DefaultT> std::pair<std::__cxx11::basic_string<char>, BT::PortInfo> BT::InputPort(BT::StringView, const DefaultT&, BT::StringView)\x1b[m\x1b[K\xe2\x80\x99\n'}
[3.093912] (mercury_autonomy) StderrLine: {'line': b'  554 | \x1b[01;36m\x1b[KInputPort\x1b[m\x1b[K(StringView name, const DefaultT& default_value, StringView description)\n'}
[3.093935] (mercury_autonomy) StderrLine: {'line': b'      | \x1b[01;36m\x1b[K^~~~~~~~~\x1b[m\x1b[K\n'}
[3.093958] (mercury_autonomy) StderrLine: {'line': b'\x1b[01m\x1b[K/home/bobdobchob/osu-uwrt/development/software/install/behaviortree_cpp/include/behaviortree_cpp/basic_types.h:554:1:\x1b[m\x1b[K \x1b[01;36m\x1b[Knote: \x1b[m\x1b[K  template argument deduction/substitution failed:\n'}
[3.093984] (mercury_autonomy) StderrLine: {'line': b'In file included from \x1b[01m\x1b[K/home/bobdobchob/osu-uwrt/development/software/src/mercury_autonomy/mercury_autonomy/test/test_legacy_action_nodes.cpp:14\x1b[m\x1b[K:\n'}
[3.094007] (mercury_autonomy) StderrLine: {'line': b'\x1b[01m\x1b[K/home/bobdobchob/osu-uwrt/development/software/src/mercury_autonomy/mercury_autonomy/include/mercury_autonomy/bt_actions/publish_to_controller.hpp:23:28:\x1b[m\x1b[K \x1b[01;36m\x1b[Knote: \x1b[m\x1b[K  candidate expects 3 arguments, 2 provided\n'}
[3.094033] (mercury_autonomy) StderrLine: {'line': b'   23 |       \x1b[01;36m\x1b[KBT::InputPort<double>("x", 0.0)\x1b[m\x1b[K,\n'}
[3.094056] (mercury_autonomy) StderrLine: {'line': b'      |       \x1b[01;36m\x1b[K~~~~~~~~~~~~~~~~~~~~~^~~~~~~~~~\x1b[m\x1b[K\n'}
[3.094079] (mercury_autonomy) StderrLine: {'line': b'\x1b[01m\x1b[K/home/bobdobchob/osu-uwrt/development/software/src/mercury_autonomy/mercury_autonomy/include/mercury_autonomy/bt_actions/publish_to_controller.hpp:24:28:\x1b[m\x1b[K \x1b[01;31m\x1b[Kerror: \x1b[m\x1b[Kno matching function for call to \xe2\x80\x98\x1b[01m\x1b[KInputPort<double>(const char [2], double)\x1b[m\x1b[K\xe2\x80\x99\n'}
[3.094105] (mercury_autonomy) StderrLine: {'line': b'   24 |       \x1b[01;31m\x1b[KBT::InputPort<double>("y", 0.0)\x1b[m\x1b[K,\n'}
[3.094129] (mercury_autonomy) StderrLine: {'line': b'      |       \x1b[01;31m\x1b[K~~~~~~~~~~~~~~~~~~~~~^~~~~~~~~~\x1b[m\x1b[K\n'}
[3.094152] (mercury_autonomy) StderrLine: {'line': b'In file included from \x1b[01m\x1b[K/home/bobdobchob/osu-uwrt/development/software/install/behaviortree_cpp/include/behaviortree_cpp/tree_node.h:16\x1b[m\x1b[K,\n'}
[3.094177] (mercury_autonomy) StderrLine: {'line': b'                 from \x1b[01m\x1b[K/home/bobdobchob/osu-uwrt/development/software/install/behaviortree_cpp/include/behaviortree_cpp/leaf_node.h:17\x1b[m\x1b[K,\n'}
[3.094199] (mercury_autonomy) StderrLine: {'line': b'                 from \x1b[01m\x1b[K/home/bobdobchob/osu-uwrt/development/software/install/behaviortree_cpp/include/behaviortree_cpp/action_node.h:17\x1b[m\x1b[K,\n'}
[3.094222] (mercury_autonomy) StderrLine: {'line': b'                 from \x1b[01m\x1b[K/home/bobdobchob/osu-uwrt/development/software/install/behaviortree_cpp/include/behaviortree_cpp/behavior_tree.h:16\x1b[m\x1b[K,\n'}
[3.094245] (mercury_autonomy) StderrLine: {'line': b'                 from \x1b[01m\x1b[K/home/bobdobchob/osu-uwrt/development/software/src/mercury_autonomy/mercury_autonomy/test/test_legacy_action_nodes.cpp:5\x1b[m\x1b[K:\n'}
[3.094269] (mercury_autonomy) StderrLine: {'line': b'\x1b[01m\x1b[K/home/bobdobchob/osu-uwrt/development/software/install/behaviortree_cpp/include/behaviortree_cpp/basic_types.h:484:1:\x1b[m\x1b[K \x1b[01;36m\x1b[Knote: \x1b[m\x1b[Kcandidate: \xe2\x80\x98\x1b[01m\x1b[Kstd::pair<std::__cxx11::basic_string<char>, BT::PortInfo> BT::InputPort(BT::StringView, BT::StringView) [with T = double; BT::StringView = std::basic_string_view<char>]\x1b[m\x1b[K\xe2\x80\x99\n'}
[3.094293] (mercury_autonomy) StderrLine: {'line': b'  484 | \x1b[01;36m\x1b[KInputPort\x1b[m\x1b[K(StringView name, StringView description = {})\n'}
[3.094316] (mercury_autonomy) StderrLine: {'line': b'      | \x1b[01;36m\x1b[K^~~~~~~~~\x1b[m\x1b[K\n'}
[3.094339] (mercury_autonomy) StderrLine: {'line': b'\x1b[01m\x1b[K/home/bobdobchob/osu-uwrt/development/software/install/behaviortree_cpp/include/behaviortree_cpp/basic_types.h:484:39:\x1b[m\x1b[K \x1b[01;36m\x1b[Knote: \x1b[m\x1b[K  no known conversion for argument 2 from \xe2\x80\x98\x1b[01m\x1b[Kdouble\x1b[m\x1b[K\xe2\x80\x99 to \xe2\x80\x98\x1b[01m\x1b[KBT::StringView\x1b[m\x1b[K\xe2\x80\x99 {aka \xe2\x80\x98\x1b[01m\x1b[Kstd::basic_string_view<char>\x1b[m\x1b[K\xe2\x80\x99}\n'}
[3.094365] (mercury_autonomy) StderrLine: {'line': b'  484 | InputPort(StringView name, \x1b[01;36m\x1b[KStringView description = {}\x1b[m\x1b[K)\n'}
[3.094390] (mercury_autonomy) StderrLine: {'line': b'      |                            \x1b[01;36m\x1b[K~~~~~~~~~~~^~~~~~~~~~~~~~~~\x1b[m\x1b[K\n'}
[3.094413] (mercury_autonomy) StderrLine: {'line': b'\x1b[01m\x1b[K/home/bobdobchob/osu-uwrt/development/software/install/behaviortree_cpp/include/behaviortree_cpp/basic_types.h:554:1:\x1b[m\x1b[K \x1b[01;36m\x1b[Knote: \x1b[m\x1b[Kcandidate: \xe2\x80\x98\x1b[01m\x1b[Ktemplate<class T, class DefaultT> std::pair<std::__cxx11::basic_string<char>, BT::PortInfo> BT::InputPort(BT::StringView, const DefaultT&, BT::StringView)\x1b[m\x1b[K\xe2\x80\x99\n'}
[3.094439] (mercury_autonomy) StderrLine: {'line': b'  554 | \x1b[01;36m\x1b[KInputPort\x1b[m\x1b[K(StringView name, const DefaultT& default_value, StringView description)\n'}
[3.094462] (mercury_autonomy) StderrLine: {'line': b'      | \x1b[01;36m\x1b[K^~~~~~~~~\x1b[m\x1b[K\n'}
[3.094485] (mercury_autonomy) StderrLine: {'line': b'\x1b[01m\x1b[K/home/bobdobchob/osu-uwrt/development/software/install/behaviortree_cpp/include/behaviortree_cpp/basic_types.h:554:1:\x1b[m\x1b[K \x1b[01;36m\x1b[Knote: \x1b[m\x1b[K  template argument deduction/substitution failed:\n'}
[3.094512] (mercury_autonomy) StderrLine: {'line': b'In file included from \x1b[01m\x1b[K/home/bobdobchob/osu-uwrt/development/software/src/mercury_autonomy/mercury_autonomy/test/test_legacy_action_nodes.cpp:14\x1b[m\x1b[K:\n'}
[3.094536] (mercury_autonomy) StderrLine: {'line': b'\x1b[01m\x1b[K/home/bobdobchob/osu-uwrt/development/software/src/mercury_autonomy/mercury_autonomy/include/mercury_autonomy/bt_actions/publish_to_controller.hpp:24:28:\x1b[m\x1b[K \x1b[01;36m\x1b[Knote: \x1b[m\x1b[K  candidate expects 3 arguments, 2 provided\n'}
[3.094560] (mercury_autonomy) StderrLine: {'line': b'   24 |       \x1b[01;36m\x1b[KBT::InputPort<double>("y", 0.0)\x1b[m\x1b[K,\n'}
[3.094584] (mercury_autonomy) StderrLine: {'line': b'      |       \x1b[01;36m\x1b[K~~~~~~~~~~~~~~~~~~~~~^~~~~~~~~~\x1b[m\x1b[K\n'}
[3.094606] (mercury_autonomy) StderrLine: {'line': b'\x1b[01m\x1b[K/home/bobdobchob/osu-uwrt/development/software/src/mercury_autonomy/mercury_autonomy/include/mercury_autonomy/bt_actions/publish_to_controller.hpp:25:28:\x1b[m\x1b[K \x1b[01;31m\x1b[Kerror: \x1b[m\x1b[Kno matching function for call to \xe2\x80\x98\x1b[01m\x1b[KInputPort<double>(const char [2], double)\x1b[m\x1b[K\xe2\x80\x99\n'}
[3.094632] (mercury_autonomy) StderrLine: {'line': b'   25 |       \x1b[01;31m\x1b[KBT::InputPort<double>("z", 0.0)\x1b[m\x1b[K,\n'}
[3.094655] (mercury_autonomy) StderrLine: {'line': b'      |       \x1b[01;31m\x1b[K~~~~~~~~~~~~~~~~~~~~~^~~~~~~~~~\x1b[m\x1b[K\n'}
[3.094678] (mercury_autonomy) StderrLine: {'line': b'In file included from \x1b[01m\x1b[K/home/bobdobchob/osu-uwrt/development/software/install/behaviortree_cpp/include/behaviortree_cpp/tree_node.h:16\x1b[m\x1b[K,\n'}
[3.094703] (mercury_autonomy) StderrLine: {'line': b'                 from \x1b[01m\x1b[K/home/bobdobchob/osu-uwrt/development/software/install/behaviortree_cpp/include/behaviortree_cpp/leaf_node.h:17\x1b[m\x1b[K,\n'}
[3.094727] (mercury_autonomy) StderrLine: {'line': b'                 from \x1b[01m\x1b[K/home/bobdobchob/osu-uwrt/development/software/install/behaviortree_cpp/include/behaviortree_cpp/action_node.h:17\x1b[m\x1b[K,\n'}
[3.094750] (mercury_autonomy) StderrLine: {'line': b'                 from \x1b[01m\x1b[K/home/bobdobchob/osu-uwrt/development/software/install/behaviortree_cpp/include/behaviortree_cpp/behavior_tree.h:16\x1b[m\x1b[K,\n'}
[3.094772] (mercury_autonomy) StderrLine: {'line': b'                 from \x1b[01m\x1b[K/home/bobdobchob/osu-uwrt/development/software/src/mercury_autonomy/mercury_autonomy/test/test_legacy_action_nodes.cpp:5\x1b[m\x1b[K:\n'}
[3.094796] (mercury_autonomy) StderrLine: {'line': b'\x1b[01m\x1b[K/home/bobdobchob/osu-uwrt/development/software/install/behaviortree_cpp/include/behaviortree_cpp/basic_types.h:484:1:\x1b[m\x1b[K \x1b[01;36m\x1b[Knote: \x1b[m\x1b[Kcandidate: \xe2\x80\x98\x1b[01m\x1b[Kstd::pair<std::__cxx11::basic_string<char>, BT::PortInfo> BT::InputPort(BT::StringView, BT::StringView) [with T = double; BT::StringView = std::basic_string_view<char>]\x1b[m\x1b[K\xe2\x80\x99\n'}
[3.094820] (mercury_autonomy) StderrLine: {'line': b'  484 | \x1b[01;36m\x1b[KInputPort\x1b[m\x1b[K(StringView name, StringView description = {})\n'}
[3.094843] (mercury_autonomy) StderrLine: {'line': b'      | \x1b[01;36m\x1b[K^~~~~~~~~\x1b[m\x1b[K\n'}
[3.094867] (mercury_autonomy) StderrLine: {'line': b'\x1b[01m\x1b[K/home/bobdobchob/osu-uwrt/development/software/install/behaviortree_cpp/include/behaviortree_cpp/basic_types.h:484:39:\x1b[m\x1b[K \x1b[01;36m\x1b[Knote: \x1b[m\x1b[K  no known conversion for argument 2 from \xe2\x80\x98\x1b[01m\x1b[Kdouble\x1b[m\x1b[K\xe2\x80\x99 to \xe2\x80\x98\x1b[01m\x1b[KBT::StringView\x1b[m\x1b[K\xe2\x80\x99 {aka \xe2\x80\x98\x1b[01m\x1b[Kstd::basic_string_view<char>\x1b[m\x1b[K\xe2\x80\x99}\n'}
[3.094899] (mercury_autonomy) StderrLine: {'line': b'  484 | InputPort(StringView name, \x1b[01;36m\x1b[KStringView description = {}\x1b[m\x1b[K)\n'}
[3.094924] (mercury_autonomy) StderrLine: {'line': b'      |                            \x1b[01;36m\x1b[K~~~~~~~~~~~^~~~~~~~~~~~~~~~\x1b[m\x1b[K\n'}
[3.094950] (mercury_autonomy) StderrLine: {'line': b'\x1b[01m\x1b[K/home/bobdobchob/osu-uwrt/development/software/install/behaviortree_cpp/include/behaviortree_cpp/basic_types.h:554:1:\x1b[m\x1b[K \x1b[01;36m\x1b[Knote: \x1b[m\x1b[Kcandidate: \xe2\x80\x98\x1b[01m\x1b[Ktemplate<class T, class DefaultT> std::pair<std::__cxx11::basic_string<char>, BT::PortInfo> BT::InputPort(BT::StringView, const DefaultT&, BT::StringView)\x1b[m\x1b[K\xe2\x80\x99\n'}
[3.094975] (mercury_autonomy) StderrLine: {'line': b'  554 | \x1b[01;36m\x1b[KInputPort\x1b[m\x1b[K(StringView name, const DefaultT& default_value, StringView description)\n'}
[3.095000] (mercury_autonomy) StderrLine: {'line': b'      | \x1b[01;36m\x1b[K^~~~~~~~~\x1b[m\x1b[K\n'}
[3.095023] (mercury_autonomy) StderrLine: {'line': b'\x1b[01m\x1b[K/home/bobdobchob/osu-uwrt/development/software/install/behaviortree_cpp/include/behaviortree_cpp/basic_types.h:554:1:\x1b[m\x1b[K \x1b[01;36m\x1b[Knote: \x1b[m\x1b[K  template argument deduction/substitution failed:\n'}
[3.095047] (mercury_autonomy) StderrLine: {'line': b'In file included from \x1b[01m\x1b[K/home/bobdobchob/osu-uwrt/development/software/src/mercury_autonomy/mercury_autonomy/test/test_legacy_action_nodes.cpp:14\x1b[m\x1b[K:\n'}
[3.095070] (mercury_autonomy) StderrLine: {'line': b'\x1b[01m\x1b[K/home/bobdobchob/osu-uwrt/development/software/src/mercury_autonomy/mercury_autonomy/include/mercury_autonomy/bt_actions/publish_to_controller.hpp:25:28:\x1b[m\x1b[K \x1b[01;36m\x1b[Knote: \x1b[m\x1b[K  candidate expects 3 arguments, 2 provided\n'}
[3.095094] (mercury_autonomy) StderrLine: {'line': b'   25 |       \x1b[01;36m\x1b[KBT::InputPort<double>("z", 0.0)\x1b[m\x1b[K,\n'}
[3.095117] (mercury_autonomy) StderrLine: {'line': b'      |       \x1b[01;36m\x1b[K~~~~~~~~~~~~~~~~~~~~~^~~~~~~~~~\x1b[m\x1b[K\n'}
[3.095140] (mercury_autonomy) StderrLine: {'line': b'\x1b[01m\x1b[K/home/bobdobchob/osu-uwrt/development/software/src/mercury_autonomy/mercury_autonomy/include/mercury_autonomy/bt_actions/publish_to_controller.hpp:26:5:\x1b[m\x1b[K \x1b[01;31m\x1b[Kerror: \x1b[m\x1b[Kcould not convert \xe2\x80\x98\x1b[01m\x1b[K{<expression error>, <expression error>, <expression error>, <expression error>, <expression error>}\x1b[m\x1b[K\xe2\x80\x99 from \xe2\x80\x98\x1b[01m\x1b[K<brace-enclosed initializer list>\x1b[m\x1b[K\xe2\x80\x99 to \xe2\x80\x98\x1b[01m\x1b[KBT::PortsList\x1b[m\x1b[K\xe2\x80\x99 {aka \xe2\x80\x98\x1b[01m\x1b[Kstd::unordered_map<std::__cxx11::basic_string<char>, BT::PortInfo>\x1b[m\x1b[K\xe2\x80\x99}\n'}
[3.095167] (mercury_autonomy) StderrLine: {'line': b'   26 |     \x1b[01;31m\x1b[K}\x1b[m\x1b[K;\n'}
[3.095191] (mercury_autonomy) StderrLine: {'line': b'      |     \x1b[01;31m\x1b[K^\x1b[m\x1b[K\n'}
[3.095213] (mercury_autonomy) StderrLine: {'line': b'      |     \x1b[01;31m\x1b[K|\x1b[m\x1b[K\n'}
[3.095235] (mercury_autonomy) StderrLine: {'line': b'      |     \x1b[01;31m\x1b[K<brace-enclosed initializer list>\x1b[m\x1b[K\n'}
[3.095257] (mercury_autonomy) StderrLine: {'line': b'In file included from \x1b[01m\x1b[K/home/bobdobchob/osu-uwrt/development/software/src/mercury_autonomy/mercury_autonomy/test/test_legacy_action_nodes.cpp:15\x1b[m\x1b[K:\n'}
[3.095280] (mercury_autonomy) StderrLine: {'line': b'\x1b[01m\x1b[K/home/bobdobchob/osu-uwrt/development/software/src/mercury_autonomy/mercury_autonomy/include/mercury_autonomy/bt_actions/set_controller_safe_mode.hpp:\x1b[m\x1b[K In static member function \xe2\x80\x98\x1b[01m\x1b[Kstatic BT::PortsList mercury_autonomy::SetControllerSafeMode::providedPorts()\x1b[m\x1b[K\xe2\x80\x99:\n'}
[3.095308] (mercury_autonomy) StderrLine: {'line': b'\x1b[01m\x1b[K/home/bobdobchob/osu-uwrt/development/software/src/mercury_autonomy/mercury_autonomy/include/mercury_autonomy/bt_actions/set_controller_safe_mode.hpp:20:26:\x1b[m\x1b[K \x1b[01;31m\x1b[Kerror: \x1b[m\x1b[Kno matching function for call to \xe2\x80\x98\x1b[01m\x1b[KInputPort<bool>(const char [5], bool)\x1b[m\x1b[K\xe2\x80\x99\n'}
[3.095334] (mercury_autonomy) StderrLine: {'line': b'   20 |       \x1b[01;31m\x1b[KBT::InputPort<bool>("safe", true)\x1b[m\x1b[K,\n'}
[3.095360] (mercury_autonomy) StderrLine: {'line': b'      |       \x1b[01;31m\x1b[K~~~~~~~~~~~~~~~~~~~^~~~~~~~~~~~~~\x1b[m\x1b[K\n'}
[3.095383] (mercury_autonomy) StderrLine: {'line': b'In file included from \x1b[01m\x1b[K/home/bobdobchob/osu-uwrt/development/software/install/behaviortree_cpp/include/behaviortree_cpp/tree_node.h:16\x1b[m\x1b[K,\n'}
[3.095406] (mercury_autonomy) StderrLine: {'line': b'                 from \x1b[01m\x1b[K/home/bobdobchob/osu-uwrt/development/software/install/behaviortree_cpp/include/behaviortree_cpp/leaf_node.h:17\x1b[m\x1b[K,\n'}
[3.095430] (mercury_autonomy) StderrLine: {'line': b'                 from \x1b[01m\x1b[K/home/bobdobchob/osu-uwrt/development/software/install/behaviortree_cpp/include/behaviortree_cpp/action_node.h:17\x1b[m\x1b[K,\n'}
[3.095454] (mercury_autonomy) StderrLine: {'line': b'                 from \x1b[01m\x1b[K/home/bobdobchob/osu-uwrt/development/software/install/behaviortree_cpp/include/behaviortree_cpp/behavior_tree.h:16\x1b[m\x1b[K,\n'}
[3.095478] (mercury_autonomy) StderrLine: {'line': b'                 from \x1b[01m\x1b[K/home/bobdobchob/osu-uwrt/development/software/src/mercury_autonomy/mercury_autonomy/test/test_legacy_action_nodes.cpp:5\x1b[m\x1b[K:\n'}
[3.095501] (mercury_autonomy) StderrLine: {'line': b'\x1b[01m\x1b[K/home/bobdobchob/osu-uwrt/development/software/install/behaviortree_cpp/include/behaviortree_cpp/basic_types.h:484:1:\x1b[m\x1b[K \x1b[01;36m\x1b[Knote: \x1b[m\x1b[Kcandidate: \xe2\x80\x98\x1b[01m\x1b[Kstd::pair<std::__cxx11::basic_string<char>, BT::PortInfo> BT::InputPort(BT::StringView, BT::StringView) [with T = bool; BT::StringView = std::basic_string_view<char>]\x1b[m\x1b[K\xe2\x80\x99\n'}
[3.095525] (mercury_autonomy) StderrLine: {'line': b'  484 | \x1b[01;36m\x1b[KInputPort\x1b[m\x1b[K(StringView name, StringView description = {})\n'}
[3.095548] (mercury_autonomy) StderrLine: {'line': b'      | \x1b[01;36m\x1b[K^~~~~~~~~\x1b[m\x1b[K\n'}
[3.095570] (mercury_autonomy) StderrLine: {'line': b'\x1b[01m\x1b[K/home/bobdobchob/osu-uwrt/development/software/install/behaviortree_cpp/include/behaviortree_cpp/basic_types.h:484:39:\x1b[m\x1b[K \x1b[01;36m\x1b[Knote: \x1b[m\x1b[K  no known conversion for argument 2 from \xe2\x80\x98\x1b[01m\x1b[Kbool\x1b[m\x1b[K\xe2\x80\x99 to \xe2\x80\x98\x1b[01m\x1b[KBT::StringView\x1b[m\x1b[K\xe2\x80\x99 {aka \xe2\x80\x98\x1b[01m\x1b[Kstd::basic_string_view<char>\x1b[m\x1b[K\xe2\x80\x99}\n'}
[3.095598] (mercury_autonomy) StderrLine: {'line': b'  484 | InputPort(StringView name, \x1b[01;36m\x1b[KStringView description = {}\x1b[m\x1b[K)\n'}
[3.095622] (mercury_autonomy) StderrLine: {'line': b'      |                            \x1b[01;36m\x1b[K~~~~~~~~~~~^~~~~~~~~~~~~~~~\x1b[m\x1b[K\n'}
[3.095645] (mercury_autonomy) StderrLine: {'line': b'\x1b[01m\x1b[K/home/bobdobchob/osu-uwrt/development/software/install/behaviortree_cpp/include/behaviortree_cpp/basic_types.h:554:1:\x1b[m\x1b[K \x1b[01;36m\x1b[Knote: \x1b[m\x1b[Kcandidate: \xe2\x80\x98\x1b[01m\x1b[Ktemplate<class T, class DefaultT> std::pair<std::__cxx11::basic_string<char>, BT::PortInfo> BT::InputPort(BT::StringView, const DefaultT&, BT::StringView)\x1b[m\x1b[K\xe2\x80\x99\n'}
[3.095670] (mercury_autonomy) StderrLine: {'line': b'  554 | \x1b[01;36m\x1b[KInputPort\x1b[m\x1b[K(StringView name, const DefaultT& default_value, StringView description)\n'}
[3.095693] (mercury_autonomy) StderrLine: {'line': b'      | \x1b[01;36m\x1b[K^~~~~~~~~\x1b[m\x1b[K\n'}
[3.095717] (mercury_autonomy) StderrLine: {'line': b'\x1b[01m\x1b[K/home/bobdobchob/osu-uwrt/development/software/install/behaviortree_cpp/include/behaviortree_cpp/basic_types.h:554:1:\x1b[m\x1b[K \x1b[01;36m\x1b[Knote: \x1b[m\x1b[K  template argument deduction/substitution failed:\n'}
[3.095740] (mercury_autonomy) StderrLine: {'line': b'In file included from \x1b[01m\x1b[K/home/bobdobchob/osu-uwrt/development/software/src/mercury_autonomy/mercury_autonomy/test/test_legacy_action_nodes.cpp:15\x1b[m\x1b[K:\n'}
[3.095764] (mercury_autonomy) StderrLine: {'line': b'\x1b[01m\x1b[K/home/bobdobchob/osu-uwrt/development/software/src/mercury_autonomy/mercury_autonomy/include/mercury_autonomy/bt_actions/set_controller_safe_mode.hpp:20:26:\x1b[m\x1b[K \x1b[01;36m\x1b[Knote: \x1b[m\x1b[K  candidate expects 3 arguments, 2 provided\n'}
[3.095789] (mercury_autonomy) StderrLine: {'line': b'   20 |       \x1b[01;36m\x1b[KBT::InputPort<bool>("safe", true)\x1b[m\x1b[K,\n'}
[3.095939] (mercury_autonomy) StderrLine: {'line': b'      |       \x1b[01;36m\x1b[K~~~~~~~~~~~~~~~~~~~^~~~~~~~~~~~~~\x1b[m\x1b[K\n'}
[3.096016] (mercury_autonomy) StderrLine: {'line': b'\x1b[01m\x1b[K/home/bobdobchob/osu-uwrt/development/software/src/mercury_autonomy/mercury_autonomy/include/mercury_autonomy/bt_actions/set_controller_safe_mode.hpp:21:28:\x1b[m\x1b[K \x1b[01;31m\x1b[Kerror: \x1b[m\x1b[Kno matching function for call to \xe2\x80\x98\x1b[01m\x1b[KInputPort<double>(const char [13], double)\x1b[m\x1b[K\xe2\x80\x99\n'}
[3.096045] (mercury_autonomy) StderrLine: {'line': b'   21 |       \x1b[01;31m\x1b[KBT::InputPort<double>("timeout_secs", 0.0)\x1b[m\x1b[K,\n'}
[3.096069] (mercury_autonomy) StderrLine: {'line': b'      |       \x1b[01;31m\x1b[K~~~~~~~~~~~~~~~~~~~~~^~~~~~~~~~~~~~~~~~~~~\x1b[m\x1b[K\n'}
[3.096092] (mercury_autonomy) StderrLine: {'line': b'In file included from \x1b[01m\x1b[K/home/bobdobchob/osu-uwrt/development/software/install/behaviortree_cpp/include/behaviortree_cpp/tree_node.h:16\x1b[m\x1b[K,\n'}
[3.096120] (mercury_autonomy) StderrLine: {'line': b'                 from \x1b[01m\x1b[K/home/bobdobchob/osu-uwrt/development/software/install/behaviortree_cpp/include/behaviortree_cpp/leaf_node.h:17\x1b[m\x1b[K,\n'}
[3.096144] (mercury_autonomy) StderrLine: {'line': b'                 from \x1b[01m\x1b[K/home/bobdobchob/osu-uwrt/development/software/install/behaviortree_cpp/include/behaviortree_cpp/action_node.h:17\x1b[m\x1b[K,\n'}
[3.096172] (mercury_autonomy) StderrLine: {'line': b'                 from \x1b[01m\x1b[K/home/bobdobchob/osu-uwrt/development/software/install/behaviortree_cpp/include/behaviortree_cpp/behavior_tree.h:16\x1b[m\x1b[K,\n'}
[3.096196] (mercury_autonomy) StderrLine: {'line': b'                 from \x1b[01m\x1b[K/home/bobdobchob/osu-uwrt/development/software/src/mercury_autonomy/mercury_autonomy/test/test_legacy_action_nodes.cpp:5\x1b[m\x1b[K:\n'}
[3.096219] (mercury_autonomy) StderrLine: {'line': b'\x1b[01m\x1b[K/home/bobdobchob/osu-uwrt/development/software/install/behaviortree_cpp/include/behaviortree_cpp/basic_types.h:484:1:\x1b[m\x1b[K \x1b[01;36m\x1b[Knote: \x1b[m\x1b[Kcandidate: \xe2\x80\x98\x1b[01m\x1b[Kstd::pair<std::__cxx11::basic_string<char>, BT::PortInfo> BT::InputPort(BT::StringView, BT::StringView) [with T = double; BT::StringView = std::basic_string_view<char>]\x1b[m\x1b[K\xe2\x80\x99\n'}
[3.096245] (mercury_autonomy) StderrLine: {'line': b'  484 | \x1b[01;36m\x1b[KInputPort\x1b[m\x1b[K(StringView name, StringView description = {})\n'}
[3.096269] (mercury_autonomy) StderrLine: {'line': b'      | \x1b[01;36m\x1b[K^~~~~~~~~\x1b[m\x1b[K\n'}
[3.096293] (mercury_autonomy) StderrLine: {'line': b'\x1b[01m\x1b[K/home/bobdobchob/osu-uwrt/development/software/install/behaviortree_cpp/include/behaviortree_cpp/basic_types.h:484:39:\x1b[m\x1b[K \x1b[01;36m\x1b[Knote: \x1b[m\x1b[K  no known conversion for argument 2 from \xe2\x80\x98\x1b[01m\x1b[Kdouble\x1b[m\x1b[K\xe2\x80\x99 to \xe2\x80\x98\x1b[01m\x1b[KBT::StringView\x1b[m\x1b[K\xe2\x80\x99 {aka \xe2\x80\x98\x1b[01m\x1b[Kstd::basic_string_view<char>\x1b[m\x1b[K\xe2\x80\x99}\n'}
[3.096318] (mercury_autonomy) StderrLine: {'line': b'  484 | InputPort(StringView name, \x1b[01;36m\x1b[KStringView description = {}\x1b[m\x1b[K)\n'}
[3.096341] (mercury_autonomy) StderrLine: {'line': b'      |                            \x1b[01;36m\x1b[K~~~~~~~~~~~^~~~~~~~~~~~~~~~\x1b[m\x1b[K\n'}
[3.096365] (mercury_autonomy) StderrLine: {'line': b'\x1b[01m\x1b[K/home/bobdobchob/osu-uwrt/development/software/install/behaviortree_cpp/include/behaviortree_cpp/basic_types.h:554:1:\x1b[m\x1b[K \x1b[01;36m\x1b[Knote: \x1b[m\x1b[Kcandidate: \xe2\x80\x98\x1b[01m\x1b[Ktemplate<class T, class DefaultT> std::pair<std::__cxx11::basic_string<char>, BT::PortInfo> BT::InputPort(BT::StringView, const DefaultT&, BT::StringView)\x1b[m\x1b[K\xe2\x80\x99\n'}
[3.096391] (mercury_autonomy) StderrLine: {'line': b'  554 | \x1b[01;36m\x1b[KInputPort\x1b[m\x1b[K(StringView name, const DefaultT& default_value, StringView description)\n'}
[3.096414] (mercury_autonomy) StderrLine: {'line': b'      | \x1b[01;36m\x1b[K^~~~~~~~~\x1b[m\x1b[K\n'}
[3.096436] (mercury_autonomy) StderrLine: {'line': b'\x1b[01m\x1b[K/home/bobdobchob/osu-uwrt/development/software/install/behaviortree_cpp/include/behaviortree_cpp/basic_types.h:554:1:\x1b[m\x1b[K \x1b[01;36m\x1b[Knote: \x1b[m\x1b[K  template argument deduction/substitution failed:\n'}
[3.096458] (mercury_autonomy) StderrLine: {'line': b'In file included from \x1b[01m\x1b[K/home/bobdobchob/osu-uwrt/development/software/src/mercury_autonomy/mercury_autonomy/test/test_legacy_action_nodes.cpp:15\x1b[m\x1b[K:\n'}
[3.096482] (mercury_autonomy) StderrLine: {'line': b'\x1b[01m\x1b[K/home/bobdobchob/osu-uwrt/development/software/src/mercury_autonomy/mercury_autonomy/include/mercury_autonomy/bt_actions/set_controller_safe_mode.hpp:21:28:\x1b[m\x1b[K \x1b[01;36m\x1b[Knote: \x1b[m\x1b[K  candidate expects 3 arguments, 2 provided\n'}
[3.096505] (mercury_autonomy) StderrLine: {'line': b'   21 |       \x1b[01;36m\x1b[KBT::InputPort<double>("timeout_secs", 0.0)\x1b[m\x1b[K,\n'}
[3.096528] (mercury_autonomy) StderrLine: {'line': b'      |       \x1b[01;36m\x1b[K~~~~~~~~~~~~~~~~~~~~~^~~~~~~~~~~~~~~~~~~~~\x1b[m\x1b[K\n'}
[3.096551] (mercury_autonomy) StderrLine: {'line': b'\x1b[01m\x1b[K/home/bobdobchob/osu-uwrt/development/software/src/mercury_autonomy/mercury_autonomy/include/mercury_autonomy/bt_actions/set_controller_safe_mode.hpp:22:5:\x1b[m\x1b[K \x1b[01;31m\x1b[Kerror: \x1b[m\x1b[Kcould not convert \xe2\x80\x98\x1b[01m\x1b[K{<expression error>, <expression error>}\x1b[m\x1b[K\xe2\x80\x99 from \xe2\x80\x98\x1b[01m\x1b[K<brace-enclosed initializer list>\x1b[m\x1b[K\xe2\x80\x99 to \xe2\x80\x98\x1b[01m\x1b[KBT::PortsList\x1b[m\x1b[K\xe2\x80\x99 {aka \xe2\x80\x98\x1b[01m\x1b[Kstd::unordered_map<std::__cxx11::basic_string<char>, BT::PortInfo>\x1b[m\x1b[K\xe2\x80\x99}\n'}
[3.096577] (mercury_autonomy) StderrLine: {'line': b'   22 |     \x1b[01;31m\x1b[K}\x1b[m\x1b[K;\n'}
[3.096600] (mercury_autonomy) StderrLine: {'line': b'      |     \x1b[01;31m\x1b[K^\x1b[m\x1b[K\n'}
[3.096624] (mercury_autonomy) StderrLine: {'line': b'      |     \x1b[01;31m\x1b[K|\x1b[m\x1b[K\n'}
[3.096647] (mercury_autonomy) StderrLine: {'line': b'      |     \x1b[01;31m\x1b[K<brace-enclosed initializer list>\x1b[m\x1b[K\n'}
[3.096671] (mercury_autonomy) StderrLine: {'line': b'In file included from \x1b[01m\x1b[K/home/bobdobchob/osu-uwrt/development/software/src/mercury_autonomy/mercury_autonomy/src/register_actions.cpp:22\x1b[m\x1b[K:\n'}
[3.096694] (mercury_autonomy) StderrLine: {'line': b'\x1b[01m\x1b[K/home/bobdobchob/osu-uwrt/development/software/src/mercury_autonomy/mercury_autonomy/include/mercury_autonomy/bt_actions/set_controller_safe_mode.hpp:\x1b[m\x1b[K In static member function \xe2\x80\x98\x1b[01m\x1b[Kstatic BT::PortsList mercury_autonomy::SetControllerSafeMode::providedPorts()\x1b[m\x1b[K\xe2\x80\x99:\n'}
[3.096719] (mercury_autonomy) StderrLine: {'line': b'\x1b[01m\x1b[K/home/bobdobchob/osu-uwrt/development/software/src/mercury_autonomy/mercury_autonomy/include/mercury_autonomy/bt_actions/set_controller_safe_mode.hpp:20:26:\x1b[m\x1b[K \x1b[01;31m\x1b[Kerror: \x1b[m\x1b[Kno matching function for call to \xe2\x80\x98\x1b[01m\x1b[KInputPort<bool>(const char [5], bool)\x1b[m\x1b[K\xe2\x80\x99\n'}
[3.096747] (mercury_autonomy) StderrLine: {'line': b'   20 |       \x1b[01;31m\x1b[KBT::InputPort<bool>("safe", true)\x1b[m\x1b[K,\n'}
[3.096770] (mercury_autonomy) StderrLine: {'line': b'      |       \x1b[01;31m\x1b[K~~~~~~~~~~~~~~~~~~~^~~~~~~~~~~~~~\x1b[m\x1b[K\n'}
[3.096793] (mercury_autonomy) StderrLine: {'line': b'In file included from \x1b[01m\x1b[K/home/bobdobchob/osu-uwrt/development/software/install/behaviortree_cpp/include/behaviortree_cpp/tree_node.h:16\x1b[m\x1b[K,\n'}
[3.096822] (mercury_autonomy) StderrLine: {'line': b'                 from \x1b[01m\x1b[K/home/bobdobchob/osu-uwrt/development/software/install/behaviortree_cpp/include/behaviortree_cpp/leaf_node.h:17\x1b[m\x1b[K,\n'}
[3.096845] (mercury_autonomy) StderrLine: {'line': b'                 from \x1b[01m\x1b[K/home/bobdobchob/osu-uwrt/development/software/install/behaviortree_cpp/include/behaviortree_cpp/action_node.h:17\x1b[m\x1b[K,\n'}
[3.096869] (mercury_autonomy) StderrLine: {'line': b'                 from \x1b[01m\x1b[K/home/bobdobchob/osu-uwrt/development/software/install/behaviortree_cpp/include/behaviortree_cpp/behavior_tree.h:16\x1b[m\x1b[K,\n'}
[3.096900] (mercury_autonomy) StderrLine: {'line': b'                 from \x1b[01m\x1b[K/home/bobdobchob/osu-uwrt/development/software/src/mercury_autonomy/mercury_autonomy/include/mercury_autonomy/autonomy_base.hpp:15\x1b[m\x1b[K,\n'}
[3.096925] (mercury_autonomy) StderrLine: {'line': b'                 from \x1b[01m\x1b[K/home/bobdobchob/osu-uwrt/development/software/src/mercury_autonomy/mercury_autonomy/include/mercury_autonomy/autonomy_lib.hpp:6\x1b[m\x1b[K,\n'}
[3.096949] (mercury_autonomy) StderrLine: {'line': b'                 from \x1b[01m\x1b[K/home/bobdobchob/osu-uwrt/development/software/src/mercury_autonomy/mercury_autonomy/include/mercury_autonomy/bt_actions/example_action.hpp:14\x1b[m\x1b[K,\n'}
[3.096972] (mercury_autonomy) StderrLine: {'line': b'                 from \x1b[01m\x1b[K/home/bobdobchob/osu-uwrt/development/software/src/mercury_autonomy/mercury_autonomy/src/register_actions.cpp:4\x1b[m\x1b[K:\n'}
[3.096997] (mercury_autonomy) StderrLine: {'line': b'\x1b[01m\x1b[K/home/bobdobchob/osu-uwrt/development/software/install/behaviortree_cpp/include/behaviortree_cpp/basic_types.h:484:1:\x1b[m\x1b[K \x1b[01;36m\x1b[Knote: \x1b[m\x1b[Kcandidate: \xe2\x80\x98\x1b[01m\x1b[Kstd::pair<std::__cxx11::basic_string<char>, BT::PortInfo> BT::InputPort(BT::StringView, BT::StringView) [with T = bool; BT::StringView = std::basic_string_view<char>]\x1b[m\x1b[K\xe2\x80\x99\n'}
[3.097027] (mercury_autonomy) StderrLine: {'line': b'  484 | \x1b[01;36m\x1b[KInputPort\x1b[m\x1b[K(StringView name, StringView description = {})\n'}
[3.097051] (mercury_autonomy) StderrLine: {'line': b'      | \x1b[01;36m\x1b[K^~~~~~~~~\x1b[m\x1b[K\n'}
[3.097074] (mercury_autonomy) StderrLine: {'line': b'\x1b[01m\x1b[K/home/bobdobchob/osu-uwrt/development/software/install/behaviortree_cpp/include/behaviortree_cpp/basic_types.h:484:39:\x1b[m\x1b[K \x1b[01;36m\x1b[Knote: \x1b[m\x1b[K  no known conversion for argument 2 from \xe2\x80\x98\x1b[01m\x1b[Kbool\x1b[m\x1b[K\xe2\x80\x99 to \xe2\x80\x98\x1b[01m\x1b[KBT::StringView\x1b[m\x1b[K\xe2\x80\x99 {aka \xe2\x80\x98\x1b[01m\x1b[Kstd::basic_string_view<char>\x1b[m\x1b[K\xe2\x80\x99}\n'}
[3.097100] (mercury_autonomy) StderrLine: {'line': b'  484 | InputPort(StringView name, \x1b[01;36m\x1b[KStringView description = {}\x1b[m\x1b[K)\n'}
[3.097124] (mercury_autonomy) StderrLine: {'line': b'      |                            \x1b[01;36m\x1b[K~~~~~~~~~~~^~~~~~~~~~~~~~~~\x1b[m\x1b[K\n'}
[3.097147] (mercury_autonomy) StderrLine: {'line': b'\x1b[01m\x1b[K/home/bobdobchob/osu-uwrt/development/software/install/behaviortree_cpp/include/behaviortree_cpp/basic_types.h:554:1:\x1b[m\x1b[K \x1b[01;36m\x1b[Knote: \x1b[m\x1b[Kcandidate: \xe2\x80\x98\x1b[01m\x1b[Ktemplate<class T, class DefaultT> std::pair<std::__cxx11::basic_string<char>, BT::PortInfo> BT::InputPort(BT::StringView, const DefaultT&, BT::StringView)\x1b[m\x1b[K\xe2\x80\x99\n'}
[3.097172] (mercury_autonomy) StderrLine: {'line': b'  554 | \x1b[01;36m\x1b[KInputPort\x1b[m\x1b[K(StringView name, const DefaultT& default_value, StringView description)\n'}
[3.097196] (mercury_autonomy) StderrLine: {'line': b'      | \x1b[01;36m\x1b[K^~~~~~~~~\x1b[m\x1b[K\n'}
[3.097219] (mercury_autonomy) StderrLine: {'line': b'\x1b[01m\x1b[K/home/bobdobchob/osu-uwrt/development/software/install/behaviortree_cpp/include/behaviortree_cpp/basic_types.h:554:1:\x1b[m\x1b[K \x1b[01;36m\x1b[Knote: \x1b[m\x1b[K  template argument deduction/substitution failed:\n'}
[3.097248] (mercury_autonomy) StderrLine: {'line': b'In file included from \x1b[01m\x1b[K/home/bobdobchob/osu-uwrt/development/software/src/mercury_autonomy/mercury_autonomy/src/register_actions.cpp:22\x1b[m\x1b[K:\n'}
[3.097271] (mercury_autonomy) StderrLine: {'line': b'\x1b[01m\x1b[K/home/bobdobchob/osu-uwrt/development/software/src/mercury_autonomy/mercury_autonomy/include/mercury_autonomy/bt_actions/set_controller_safe_mode.hpp:20:26:\x1b[m\x1b[K \x1b[01;36m\x1b[Knote: \x1b[m\x1b[K  candidate expects 3 arguments, 2 provided\n'}
[3.097294] (mercury_autonomy) StderrLine: {'line': b'   20 |       \x1b[01;36m\x1b[KBT::InputPort<bool>("safe", true)\x1b[m\x1b[K,\n'}
[3.097318] (mercury_autonomy) StderrLine: {'line': b'      |       \x1b[01;36m\x1b[K~~~~~~~~~~~~~~~~~~~^~~~~~~~~~~~~~\x1b[m\x1b[K\n'}
[3.097341] (mercury_autonomy) StderrLine: {'line': b'\x1b[01m\x1b[K/home/bobdobchob/osu-uwrt/development/software/src/mercury_autonomy/mercury_autonomy/include/mercury_autonomy/bt_actions/set_controller_safe_mode.hpp:21:28:\x1b[m\x1b[K \x1b[01;31m\x1b[Kerror: \x1b[m\x1b[Kno matching function for call to \xe2\x80\x98\x1b[01m\x1b[KInputPort<double>(const char [13], double)\x1b[m\x1b[K\xe2\x80\x99\n'}
[3.097366] (mercury_autonomy) StderrLine: {'line': b'   21 |       \x1b[01;31m\x1b[KBT::InputPort<double>("timeout_secs", 0.0)\x1b[m\x1b[K,\n'}
[3.097389] (mercury_autonomy) StderrLine: {'line': b'      |       \x1b[01;31m\x1b[K~~~~~~~~~~~~~~~~~~~~~^~~~~~~~~~~~~~~~~~~~~\x1b[m\x1b[K\n'}
[3.097415] (mercury_autonomy) StderrLine: {'line': b'In file included from \x1b[01m\x1b[K/home/bobdobchob/osu-uwrt/development/software/install/behaviortree_cpp/include/behaviortree_cpp/tree_node.h:16\x1b[m\x1b[K,\n'}
[3.097438] (mercury_autonomy) StderrLine: {'line': b'                 from \x1b[01m\x1b[K/home/bobdobchob/osu-uwrt/development/software/install/behaviortree_cpp/include/behaviortree_cpp/leaf_node.h:17\x1b[m\x1b[K,\n'}
[3.097463] (mercury_autonomy) StderrLine: {'line': b'                 from \x1b[01m\x1b[K/home/bobdobchob/osu-uwrt/development/software/install/behaviortree_cpp/include/behaviortree_cpp/action_node.h:17\x1b[m\x1b[K,\n'}
[3.097488] (mercury_autonomy) StderrLine: {'line': b'                 from \x1b[01m\x1b[K/home/bobdobchob/osu-uwrt/development/software/install/behaviortree_cpp/include/behaviortree_cpp/behavior_tree.h:16\x1b[m\x1b[K,\n'}
[3.097511] (mercury_autonomy) StderrLine: {'line': b'                 from \x1b[01m\x1b[K/home/bobdobchob/osu-uwrt/development/software/src/mercury_autonomy/mercury_autonomy/include/mercury_autonomy/autonomy_base.hpp:15\x1b[m\x1b[K,\n'}
[3.097534] (mercury_autonomy) StderrLine: {'line': b'                 from \x1b[01m\x1b[K/home/bobdobchob/osu-uwrt/development/software/src/mercury_autonomy/mercury_autonomy/include/mercury_autonomy/autonomy_lib.hpp:6\x1b[m\x1b[K,\n'}
[3.097558] (mercury_autonomy) StderrLine: {'line': b'                 from \x1b[01m\x1b[K/home/bobdobchob/osu-uwrt/development/software/src/mercury_autonomy/mercury_autonomy/include/mercury_autonomy/bt_actions/example_action.hpp:14\x1b[m\x1b[K,\n'}
[3.097582] (mercury_autonomy) StderrLine: {'line': b'                 from \x1b[01m\x1b[K/home/bobdobchob/osu-uwrt/development/software/src/mercury_autonomy/mercury_autonomy/src/register_actions.cpp:4\x1b[m\x1b[K:\n'}
[3.097605] (mercury_autonomy) StderrLine: {'line': b'\x1b[01m\x1b[K/home/bobdobchob/osu-uwrt/development/software/install/behaviortree_cpp/include/behaviortree_cpp/basic_types.h:484:1:\x1b[m\x1b[K \x1b[01;36m\x1b[Knote: \x1b[m\x1b[Kcandidate: \xe2\x80\x98\x1b[01m\x1b[Kstd::pair<std::__cxx11::basic_string<char>, BT::PortInfo> BT::InputPort(BT::StringView, BT::StringView) [with T = double; BT::StringView = std::basic_string_view<char>]\x1b[m\x1b[K\xe2\x80\x99\n'}
[3.097634] (mercury_autonomy) StderrLine: {'line': b'  484 | \x1b[01;36m\x1b[KInputPort\x1b[m\x1b[K(StringView name, StringView description = {})\n'}
[3.097659] (mercury_autonomy) StderrLine: {'line': b'      | \x1b[01;36m\x1b[K^~~~~~~~~\x1b[m\x1b[K\n'}
[3.097682] (mercury_autonomy) StderrLine: {'line': b'\x1b[01m\x1b[K/home/bobdobchob/osu-uwrt/development/software/install/behaviortree_cpp/include/behaviortree_cpp/basic_types.h:484:39:\x1b[m\x1b[K \x1b[01;36m\x1b[Knote: \x1b[m\x1b[K  no known conversion for argument 2 from \xe2\x80\x98\x1b[01m\x1b[Kdouble\x1b[m\x1b[K\xe2\x80\x99 to \xe2\x80\x98\x1b[01m\x1b[KBT::StringView\x1b[m\x1b[K\xe2\x80\x99 {aka \xe2\x80\x98\x1b[01m\x1b[Kstd::basic_string_view<char>\x1b[m\x1b[K\xe2\x80\x99}\n'}
[3.097708] (mercury_autonomy) StderrLine: {'line': b'  484 | InputPort(StringView name, \x1b[01;36m\x1b[KStringView description = {}\x1b[m\x1b[K)\n'}
[3.097732] (mercury_autonomy) StderrLine: {'line': b'      |                            \x1b[01;36m\x1b[K~~~~~~~~~~~^~~~~~~~~~~~~~~~\x1b[m\x1b[K\n'}
[3.097754] (mercury_autonomy) StderrLine: {'line': b'\x1b[01m\x1b[K/home/bobdobchob/osu-uwrt/development/software/install/behaviortree_cpp/include/behaviortree_cpp/basic_types.h:554:1:\x1b[m\x1b[K \x1b[01;36m\x1b[Knote: \x1b[m\x1b[Kcandidate: \xe2\x80\x98\x1b[01m\x1b[Ktemplate<class T, class DefaultT> std::pair<std::__cxx11::basic_string<char>, BT::PortInfo> BT::InputPort(BT::StringView, const DefaultT&, BT::StringView)\x1b[m\x1b[K\xe2\x80\x99\n'}
[3.097780] (mercury_autonomy) StderrLine: {'line': b'  554 | \x1b[01;36m\x1b[KInputPort\x1b[m\x1b[K(StringView name, const DefaultT& default_value, StringView description)\n'}
[3.097804] (mercury_autonomy) StderrLine: {'line': b'      | \x1b[01;36m\x1b[K^~~~~~~~~\x1b[m\x1b[K\n'}
[3.097839] (mercury_autonomy) StderrLine: {'line': b'\x1b[01m\x1b[K/home/bobdobchob/osu-uwrt/development/software/install/behaviortree_cpp/include/behaviortree_cpp/basic_types.h:554:1:\x1b[m\x1b[K \x1b[01;36m\x1b[Knote: \x1b[m\x1b[K  template argument deduction/substitution failed:\n'}
[3.097864] (mercury_autonomy) StderrLine: {'line': b'In file included from \x1b[01m\x1b[K/home/bobdobchob/osu-uwrt/development/software/src/mercury_autonomy/mercury_autonomy/src/register_actions.cpp:22\x1b[m\x1b[K:\n'}
[3.097889] (mercury_autonomy) StderrLine: {'line': b'\x1b[01m\x1b[K/home/bobdobchob/osu-uwrt/development/software/src/mercury_autonomy/mercury_autonomy/include/mercury_autonomy/bt_actions/set_controller_safe_mode.hpp:21:28:\x1b[m\x1b[K \x1b[01;36m\x1b[Knote: \x1b[m\x1b[K  candidate expects 3 arguments, 2 provided\n'}
[3.097921] (mercury_autonomy) StderrLine: {'line': b'   21 |       \x1b[01;36m\x1b[KBT::InputPort<double>("timeout_secs", 0.0)\x1b[m\x1b[K,\n'}
[3.097946] (mercury_autonomy) StderrLine: {'line': b'      |       \x1b[01;36m\x1b[K~~~~~~~~~~~~~~~~~~~~~^~~~~~~~~~~~~~~~~~~~~\x1b[m\x1b[K\n'}
[3.097969] (mercury_autonomy) StderrLine: {'line': b'\x1b[01m\x1b[K/home/bobdobchob/osu-uwrt/development/software/src/mercury_autonomy/mercury_autonomy/include/mercury_autonomy/bt_actions/set_controller_safe_mode.hpp:22:5:\x1b[m\x1b[K \x1b[01;31m\x1b[Kerror: \x1b[m\x1b[Kcould not convert \xe2\x80\x98\x1b[01m\x1b[K{<expression error>, <expression error>}\x1b[m\x1b[K\xe2\x80\x99 from \xe2\x80\x98\x1b[01m\x1b[K<brace-enclosed initializer list>\x1b[m\x1b[K\xe2\x80\x99 to \xe2\x80\x98\x1b[01m\x1b[KBT::PortsList\x1b[m\x1b[K\xe2\x80\x99 {aka \xe2\x80\x98\x1b[01m\x1b[Kstd::unordered_map<std::__cxx11::basic_string<char>, BT::PortInfo>\x1b[m\x1b[K\xe2\x80\x99}\n'}
[3.097995] (mercury_autonomy) StderrLine: {'line': b'   22 |     \x1b[01;31m\x1b[K}\x1b[m\x1b[K;\n'}
[3.098019] (mercury_autonomy) StderrLine: {'line': b'      |     \x1b[01;31m\x1b[K^\x1b[m\x1b[K\n'}
[3.098043] (mercury_autonomy) StderrLine: {'line': b'      |     \x1b[01;31m\x1b[K|\x1b[m\x1b[K\n'}
[3.098065] (mercury_autonomy) StderrLine: {'line': b'      |     \x1b[01;31m\x1b[K<brace-enclosed initializer list>\x1b[m\x1b[K\n'}
[3.114859] (-) TimerEvent: {}
[3.215954] (-) TimerEvent: {}
[3.286509] (mercury_autonomy) StderrLine: {'line': b'gmake[2]: *** [CMakeFiles/mercury_bt_actions.dir/build.make:272: CMakeFiles/mercury_bt_actions.dir/src/bt_actions/publish_int8.cpp.o] Error 1\n'}
[3.286680] (mercury_autonomy) StderrLine: {'line': b'gmake[2]: *** Waiting for unfinished jobs....\n'}
[3.311972] (mercury_autonomy) StderrLine: {'line': b'gmake[2]: *** [CMakeFiles/mercury_bt_actions.dir/build.make:104: CMakeFiles/mercury_bt_actions.dir/src/bt_actions/compute_frame_alignment.cpp.o] Error 1\n'}
[3.316033] (-) TimerEvent: {}
[3.349035] (mercury_autonomy) StderrLine: {'line': b'gmake[2]: *** [CMakeFiles/mercury_bt_actions.dir/build.make:314: CMakeFiles/mercury_bt_actions.dir/src/bt_actions/set_controller_safe_mode.cpp.o] Error 1\n'}
[3.416138] (-) TimerEvent: {}
[3.516461] (-) TimerEvent: {}
[3.616740] (-) TimerEvent: {}
[3.717014] (-) TimerEvent: {}
[3.817291] (-) TimerEvent: {}
[3.917610] (-) TimerEvent: {}
[3.978014] (mercury_autonomy) StderrLine: {'line': b'gmake[2]: *** [CMakeFiles/mercury_bt_actions.dir/build.make:286: CMakeFiles/mercury_bt_actions.dir/src/bt_actions/publish_to_controller.cpp.o] Error 1\n'}
[4.017698] (-) TimerEvent: {}
[4.117931] (-) TimerEvent: {}
[4.218179] (-) TimerEvent: {}
[4.318436] (-) TimerEvent: {}
[4.418709] (-) TimerEvent: {}
[4.518948] (-) TimerEvent: {}
[4.532196] (mercury_autonomy) StderrLine: {'line': b'gmake[2]: *** [CMakeFiles/test_legacy_action_nodes.dir/build.make:76: CMakeFiles/test_legacy_action_nodes.dir/test/test_legacy_action_nodes.cpp.o] Error 1\n'}
[4.532471] (mercury_autonomy) StderrLine: {'line': b'gmake[1]: *** [CMakeFiles/Makefile2:567: CMakeFiles/test_legacy_action_nodes.dir/all] Error 2\n'}
[4.532538] (mercury_autonomy) StderrLine: {'line': b'gmake[1]: *** Waiting for unfinished jobs....\n'}
[4.562715] (mercury_autonomy) StderrLine: {'line': b'gmake[2]: *** [CMakeFiles/mercury_bt_actions.dir/build.make:412: CMakeFiles/mercury_bt_actions.dir/src/register_actions.cpp.o] Error 1\n'}
[4.619044] (-) TimerEvent: {}
[4.719287] (-) TimerEvent: {}
[4.819507] (-) TimerEvent: {}
[4.919771] (-) TimerEvent: {}
[4.962687] (mercury_autonomy) StderrLine: {'line': b'gmake[2]: *** [CMakeFiles/mercury_bt_actions.dir/build.make:258: CMakeFiles/mercury_bt_actions.dir/src/bt_actions/publish_ekf_pose.cpp.o] Error 1\n'}
[5.019854] (-) TimerEvent: {}
[5.120071] (-) TimerEvent: {}
[5.220285] (-) TimerEvent: {}
[5.320500] (-) TimerEvent: {}
[5.420722] (-) TimerEvent: {}
[5.520969] (-) TimerEvent: {}
[5.621221] (-) TimerEvent: {}
[5.721465] (-) TimerEvent: {}
[5.821702] (-) TimerEvent: {}
[5.921936] (-) TimerEvent: {}
[6.022199] (-) TimerEvent: {}
[6.122461] (-) TimerEvent: {}
[6.222674] (-) TimerEvent: {}
[6.322901] (-) TimerEvent: {}
[6.423138] (-) TimerEvent: {}
[6.478176] (mercury_autonomy) StderrLine: {'line': b'gmake[1]: *** [CMakeFiles/Makefile2:209: CMakeFiles/mercury_bt_actions.dir/all] Error 2\n'}
[6.478370] (mercury_autonomy) StderrLine: {'line': b'gmake: *** [Makefile:146: all] Error 2\n'}
[6.479626] (mercury_autonomy) CommandEnded: {'returncode': 2}
[6.484713] (mercury_autonomy) JobEnded: {'identifier': 'mercury_autonomy', 'rc': 2}
[6.571936] (-) TimerEvent: {}
[6.571992] (-) EventReactorShutdown: {}
