-- Found ament_cmake: 1.3.11 (/opt/ros/humble/share/ament_cmake/cmake)
-- Found rclcpp: 16.0.11 (/opt/ros/humble/share/rclcpp/cmake)
-- Found rosidl_generator_c: 3.1.6 (/opt/ros/humble/share/rosidl_generator_c/cmake)
-- Found rosidl_adapter: 3.1.6 (/opt/ros/humble/share/rosidl_adapter/cmake)
-- Found rosidl_generator_cpp: 3.1.6 (/opt/ros/humble/share/rosidl_generator_cpp/cmake)
-- Using all available rosidl_typesupport_c: rosidl_typesupport_fastrtps_c;rosidl_typesupport_introspection_c
-- Using all available rosidl_typesupport_cpp: rosidl_typesupport_fastrtps_cpp;rosidl_typesupport_introspection_cpp
-- Found rmw_implementation_cmake: 6.1.2 (/opt/ros/humble/share/rmw_implementation_cmake/cmake)
-- Found rmw_fastrtps_cpp: 6.2.7 (/opt/ros/humble/share/rmw_fastrtps_cpp/cmake)
-- Using RMW implementation 'rmw_fastrtps_cpp' as default
-- Found rclcpp_action: 16.0.11 (/opt/ros/humble/share/rclcpp_action/cmake)
-- Found std_srvs: 4.2.4 (/opt/ros/humble/share/std_srvs/cmake)
-- Found geometry_msgs: 4.2.4 (/opt/ros/humble/share/geometry_msgs/cmake)
-- Found sensor_msgs: 4.2.4 (/opt/ros/humble/share/sensor_msgs/cmake)
-- Found nav_msgs: 4.2.4 (/opt/ros/humble/share/nav_msgs/cmake)
-- Found vision_msgs: 4.1.1 (/opt/ros/humble/share/vision_msgs/cmake)
-- Found robot_localization: 3.5.3 (/opt/ros/humble/share/robot_localization/cmake)
-- Found tf2: 0.25.12 (/opt/ros/humble/share/tf2/cmake)
-- Found tf2_ros: 0.25.12 (/opt/ros/humble/share/tf2_ros/cmake)
-- Found tf2_geometry_msgs: 0.25.12 (/opt/ros/humble/share/tf2_geometry_msgs/cmake)
-- Found eigen3_cmake_module: 0.1.1 (/opt/ros/humble/share/eigen3_cmake_module/cmake)
-- Ensuring Eigen3 include directory is part of orocos-kdl CMake target
-- Found behaviortree_cpp: 4.9.0 (/home/bobdobchob/osu-uwrt/development/software/install/behaviortree_cpp/share/behaviortree_cpp/cmake)
-- Found mercury_msgs: 0.0.0 (/home/bobdobchob/osu-uwrt/development/software/install/mercury_msgs/share/mercury_msgs/cmake)
-- Found ament_lint_auto: 0.12.11 (/opt/ros/humble/share/ament_lint_auto/cmake)
-- Found gtest sources under '/opt/ros/humble/src/gtest_vendor': C++ tests using 'Google Test' will be built
-- Added test 'cppcheck' to perform static code analysis on C / C++ code
-- Configured cppcheck include dirs: $<BUILD_INTERFACE:/home/bobdobchob/osu-uwrt/development/software/src/mercury_autonomy/mercury_autonomy/include>
-- Configured cppcheck exclude dirs and/or files: 
-- Added test 'flake8' to check Python code syntax and style conventions
-- Added test 'lint_cmake' to check CMake code style
-- Added test 'pep257' to check Python code against some of the docstring style conventions in PEP 257
-- Added test 'uncrustify' to check C / C++ code style
-- Configured uncrustify additional arguments: 
-- Added test 'xmllint' to check XML markup files
-- Configuring done
-- Generating done
-- Build files have been written to: /home/bobdobchob/osu-uwrt/development/software/src/mercury_autonomy/build/mercury_autonomy
[35m[1mConsolidate compiler generated dependencies of target mercury_autonomy_core[0m
[35m[1mConsolidate compiler generated dependencies of target gtest_main[0m
[35m[1mConsolidate compiler generated dependencies of target gtest[0m
[  4%] Built target gtest_main
[  4%] Built target gtest
[  6%] [32mBuilding CXX object CMakeFiles/mercury_autonomy_core.dir/src/autonomy_util.cpp.o[0m
[  7%] [32mBuilding CXX object CMakeFiles/mercury_autonomy_core.dir/src/mercury_bt_node.cpp.o[0m
[  8%] [32m[1mLinking CXX shared library libmercury_autonomy_core.so[0m
[  8%] Built target mercury_autonomy_core
[35m[1mConsolidate compiler generated dependencies of target test_tree_executor[0m
[35m[1mConsolidate compiler generated dependencies of target test_service_nodes[0m
[35m[1mConsolidate compiler generated dependencies of target mercury_bt_decorators[0m
[35m[1mConsolidate compiler generated dependencies of target test_approx_equal_to[0m
[35m[1mConsolidate compiler generated dependencies of target test_decorator_nodes[0m
[35m[1mConsolidate compiler generated dependencies of target tree_executor[0m
[35m[1mConsolidate compiler generated dependencies of target test_topic_nodes[0m
[35m[1mConsolidate compiler generated dependencies of target test_transform_pose[0m
[35m[1mConsolidate compiler generated dependencies of target test_sensor_nodes[0m
[35m[1mConsolidate compiler generated dependencies of target test_condition_nodes[0m
[35m[1mConsolidate compiler generated dependencies of target test_publish_nodes[0m
[35m[1mConsolidate compiler generated dependencies of target mercury_bt_conditions[0m
[  9%] [32mBuilding CXX object CMakeFiles/test_legacy_action_nodes.dir/test/test_legacy_action_nodes.cpp.o[0m
[35m[1mConsolidate compiler generated dependencies of target mercury_bt_actions[0m
[ 11%] [32mBuilding CXX object CMakeFiles/test_tree_executor.dir/test/test_tree_executor.cpp.o[0m
[ 12%] [32mBuilding CXX object CMakeFiles/tree_executor.dir/src/tree_executor.cpp.o[0m
[ 13%] [32mBuilding CXX object CMakeFiles/test_approx_equal_to.dir/test/test_approx_equal_to.cpp.o[0m
[ 16%] [32mBuilding CXX object CMakeFiles/test_decorator_nodes.dir/test/test_decorator_nodes.cpp.o[0m
[ 16%] [32mBuilding CXX object CMakeFiles/test_approx_equal_to.dir/src/bt_conditions/approx_equal_to.cpp.o[0m
[ 17%] [32mBuilding CXX object CMakeFiles/test_decorator_nodes.dir/src/bt_decorators/retry_until_successful_or_timeout.cpp.o[0m
[ 18%] [32mBuilding CXX object CMakeFiles/mercury_bt_decorators.dir/src/bt_decorators/example_decorator.cpp.o[0m
[ 19%] [32mBuilding CXX object CMakeFiles/test_transform_pose.dir/test/test_transform_pose.cpp.o[0m
[ 20%] [32mBuilding CXX object CMakeFiles/mercury_bt_decorators.dir/src/register_decorators.cpp.o[0m
[ 22%] [32mBuilding CXX object CMakeFiles/test_transform_pose.dir/src/bt_actions/transform_pose.cpp.o[0m
[ 23%] [32mBuilding CXX object CMakeFiles/test_topic_nodes.dir/test/test_topic_nodes.cpp.o[0m
[ 24%] [32mBuilding CXX object CMakeFiles/mercury_bt_decorators.dir/src/bt_decorators/retry_until_successful_or_timeout.cpp.o[0m
[ 25%] [32mBuilding CXX object CMakeFiles/test_topic_nodes.dir/src/bt_actions/get_bool_topic.cpp.o[0m
[ 28%] [32mBuilding CXX object CMakeFiles/test_service_nodes.dir/src/bt_actions/call_set_bool_service.cpp.o[0m
[ 28%] [32mBuilding CXX object CMakeFiles/test_topic_nodes.dir/src/bt_actions/get_float_topic.cpp.o[0m
[ 29%] [32mBuilding CXX object CMakeFiles/test_service_nodes.dir/test/test_service_nodes.cpp.o[0m
[ 30%] [32mBuilding CXX object CMakeFiles/test_sensor_nodes.dir/test/test_sensor_nodes.cpp.o[0m
[ 32%] [32mBuilding CXX object CMakeFiles/test_publish_nodes.dir/test/test_publish_nodes.cpp.o[0m
[ 33%] [32mBuilding CXX object CMakeFiles/test_condition_nodes.dir/test/test_condition_nodes.cpp.o[0m
[ 34%] [32mBuilding CXX object CMakeFiles/test_publish_nodes.dir/src/bt_actions/publish_twist.cpp.o[0m
[ 35%] [32mBuilding CXX object CMakeFiles/test_service_nodes.dir/src/bt_actions/call_trigger_service.cpp.o[0m
[ 37%] [32mBuilding CXX object CMakeFiles/mercury_bt_conditions.dir/src/bt_conditions/approx_equal_to.cpp.o[0m
[ 38%] [32mBuilding CXX object CMakeFiles/mercury_bt_actions.dir/src/bt_actions/call_set_bool_service.cpp.o[0m
In file included from [01m[K/home/bobdobchob/osu-uwrt/development/software/src/mercury_autonomy/mercury_autonomy/test/test_legacy_action_nodes.cpp:8[m[K:
[01m[K/home/bobdobchob/osu-uwrt/development/software/src/mercury_autonomy/mercury_autonomy/include/mercury_autonomy/bt_actions/compute_frame_alignment.hpp:[m[K In static member function ‘[01m[Kstatic BT::PortsList mercury_autonomy::ComputeFrameAlignment::providedPorts()[m[K’:
[01m[K/home/bobdobchob/osu-uwrt/development/software/src/mercury_autonomy/mercury_autonomy/include/mercury_autonomy/bt_actions/compute_frame_alignment.hpp:19:28:[m[K [01;31m[Kerror: [m[Kno matching function for call to ‘[01m[KInputPort<double>(const char [2], double)[m[K’
   19 |       [01;31m[KBT::InputPort<double>("x", 0.0)[m[K,
      |       [01;31m[K~~~~~~~~~~~~~~~~~~~~~^~~~~~~~~~[m[K
In file included from [01m[K/home/bobdobchob/osu-uwrt/development/software/install/behaviortree_cpp/include/behaviortree_cpp/tree_node.h:16[m[K,
                 from [01m[K/home/bobdobchob/osu-uwrt/development/software/install/behaviortree_cpp/include/behaviortree_cpp/leaf_node.h:17[m[K,
                 from [01m[K/home/bobdobchob/osu-uwrt/development/software/install/behaviortree_cpp/include/behaviortree_cpp/action_node.h:17[m[K,
                 from [01m[K/home/bobdobchob/osu-uwrt/development/software/install/behaviortree_cpp/include/behaviortree_cpp/behavior_tree.h:16[m[K,
                 from [01m[K/home/bobdobchob/osu-uwrt/development/software/src/mercury_autonomy/mercury_autonomy/test/test_legacy_action_nodes.cpp:5[m[K:
[01m[K/home/bobdobchob/osu-uwrt/development/software/install/behaviortree_cpp/include/behaviortree_cpp/basic_types.h:484:1:[m[K [01;36m[Knote: [m[Kcandidate: ‘[01m[Kstd::pair<std::__cxx11::basic_string<char>, BT::PortInfo> BT::InputPort(BT::StringView, BT::StringView) [with T = double; BT::StringView = std::basic_string_view<char>][m[K’
  484 | [01;36m[KInputPort[m[K(StringView name, StringView description = {})
      | [01;36m[K^~~~~~~~~[m[K
[01m[K/home/bobdobchob/osu-uwrt/development/software/install/behaviortree_cpp/include/behaviortree_cpp/basic_types.h:484:39:[m[K [01;36m[Knote: [m[K  no known conversion for argument 2 from ‘[01m[Kdouble[m[K’ to ‘[01m[KBT::StringView[m[K’ {aka ‘[01m[Kstd::basic_string_view<char>[m[K’}
  484 | InputPort(StringView name, [01;36m[KStringView description = {}[m[K)
      |                            [01;36m[K~~~~~~~~~~~^~~~~~~~~~~~~~~~[m[K
[01m[K/home/bobdobchob/osu-uwrt/development/software/install/behaviortree_cpp/include/behaviortree_cpp/basic_types.h:554:1:[m[K [01;36m[Knote: [m[Kcandidate: ‘[01m[Ktemplate<class T, class DefaultT> std::pair<std::__cxx11::basic_string<char>, BT::PortInfo> BT::InputPort(BT::StringView, const DefaultT&, BT::StringView)[m[K’
  554 | [01;36m[KInputPort[m[K(StringView name, const DefaultT& default_value, StringView description)
      | [01;36m[K^~~~~~~~~[m[K
[01m[K/home/bobdobchob/osu-uwrt/development/software/install/behaviortree_cpp/include/behaviortree_cpp/basic_types.h:554:1:[m[K [01;36m[Knote: [m[K  template argument deduction/substitution failed:
In file included from [01m[K/home/bobdobchob/osu-uwrt/development/software/src/mercury_autonomy/mercury_autonomy/test/test_legacy_action_nodes.cpp:8[m[K:
[01m[K/home/bobdobchob/osu-uwrt/development/software/src/mercury_autonomy/mercury_autonomy/include/mercury_autonomy/bt_actions/compute_frame_alignment.hpp:19:28:[m[K [01;36m[Knote: [m[K  candidate expects 3 arguments, 2 provided
   19 |       [01;36m[KBT::InputPort<double>("x", 0.0)[m[K,
      |       [01;36m[K~~~~~~~~~~~~~~~~~~~~~^~~~~~~~~~[m[K
[01m[K/home/bobdobchob/osu-uwrt/development/software/src/mercury_autonomy/mercury_autonomy/include/mercury_autonomy/bt_actions/compute_frame_alignment.hpp:20:28:[m[K [01;31m[Kerror: [m[Kno matching function for call to ‘[01m[KInputPort<double>(const char [2], double)[m[K’
   20 |       [01;31m[KBT::InputPort<double>("y", 0.0)[m[K,
      |       [01;31m[K~~~~~~~~~~~~~~~~~~~~~^~~~~~~~~~[m[K
In file included from [01m[K/home/bobdobchob/osu-uwrt/development/software/install/behaviortree_cpp/include/behaviortree_cpp/tree_node.h:16[m[K,
                 from [01m[K/home/bobdobchob/osu-uwrt/development/software/install/behaviortree_cpp/include/behaviortree_cpp/leaf_node.h:17[m[K,
                 from [01m[K/home/bobdobchob/osu-uwrt/development/software/install/behaviortree_cpp/include/behaviortree_cpp/action_node.h:17[m[K,
                 from [01m[K/home/bobdobchob/osu-uwrt/development/software/install/behaviortree_cpp/include/behaviortree_cpp/behavior_tree.h:16[m[K,
                 from [01m[K/home/bobdobchob/osu-uwrt/development/software/src/mercury_autonomy/mercury_autonomy/test/test_legacy_action_nodes.cpp:5[m[K:
[01m[K/home/bobdobchob/osu-uwrt/development/software/install/behaviortree_cpp/include/behaviortree_cpp/basic_types.h:484:1:[m[K [01;36m[Knote: [m[Kcandidate: ‘[01m[Kstd::pair<std::__cxx11::basic_string<char>, BT::PortInfo> BT::InputPort(BT::StringView, BT::StringView) [with T = double; BT::StringView = std::basic_string_view<char>][m[K’
  484 | [01;36m[KInputPort[m[K(StringView name, StringView description = {})
      | [01;36m[K^~~~~~~~~[m[K
[01m[K/home/bobdobchob/osu-uwrt/development/software/install/behaviortree_cpp/include/behaviortree_cpp/basic_types.h:484:39:[m[K [01;36m[Knote: [m[K  no known conversion for argument 2 from ‘[01m[Kdouble[m[K’ to ‘[01m[KBT::StringView[m[K’ {aka ‘[01m[Kstd::basic_string_view<char>[m[K’}
  484 | InputPort(StringView name, [01;36m[KStringView description = {}[m[K)
      |                            [01;36m[K~~~~~~~~~~~^~~~~~~~~~~~~~~~[m[K
[01m[K/home/bobdobchob/osu-uwrt/development/software/install/behaviortree_cpp/include/behaviortree_cpp/basic_types.h:554:1:[m[K [01;36m[Knote: [m[Kcandidate: ‘[01m[Ktemplate<class T, class DefaultT> std::pair<std::__cxx11::basic_string<char>, BT::PortInfo> BT::InputPort(BT::StringView, const DefaultT&, BT::StringView)[m[K’
  554 | [01;36m[KInputPort[m[K(StringView name, const DefaultT& default_value, StringView description)
      | [01;36m[K^~~~~~~~~[m[K
[01m[K/home/bobdobchob/osu-uwrt/development/software/install/behaviortree_cpp/include/behaviortree_cpp/basic_types.h:554:1:[m[K [01;36m[Knote: [m[K  template argument deduction/substitution failed:
In file included from [01m[K/home/bobdobchob/osu-uwrt/development/software/src/mercury_autonomy/mercury_autonomy/test/test_legacy_action_nodes.cpp:8[m[K:
[01m[K/home/bobdobchob/osu-uwrt/development/software/src/mercury_autonomy/mercury_autonomy/include/mercury_autonomy/bt_actions/compute_frame_alignment.hpp:20:28:[m[K [01;36m[Knote: [m[K  candidate expects 3 arguments, 2 provided
   20 |       [01;36m[KBT::InputPort<double>("y", 0.0)[m[K,
      |       [01;36m[K~~~~~~~~~~~~~~~~~~~~~^~~~~~~~~~[m[K
[01m[K/home/bobdobchob/osu-uwrt/development/software/src/mercury_autonomy/mercury_autonomy/include/mercury_autonomy/bt_actions/compute_frame_alignment.hpp:21:28:[m[K [01;31m[Kerror: [m[Kno matching function for call to ‘[01m[KInputPort<double>(const char [2], double)[m[K’
   21 |       [01;31m[KBT::InputPort<double>("z", 0.0)[m[K,
      |       [01;31m[K~~~~~~~~~~~~~~~~~~~~~^~~~~~~~~~[m[K
In file included from [01m[K/home/bobdobchob/osu-uwrt/development/software/install/behaviortree_cpp/include/behaviortree_cpp/tree_node.h:16[m[K,
                 from [01m[K/home/bobdobchob/osu-uwrt/development/software/install/behaviortree_cpp/include/behaviortree_cpp/leaf_node.h:17[m[K,
                 from [01m[K/home/bobdobchob/osu-uwrt/development/software/install/behaviortree_cpp/include/behaviortree_cpp/action_node.h:17[m[K,
                 from [01m[K/home/bobdobchob/osu-uwrt/development/software/install/behaviortree_cpp/include/behaviortree_cpp/behavior_tree.h:16[m[K,
                 from [01m[K/home/bobdobchob/osu-uwrt/development/software/src/mercury_autonomy/mercury_autonomy/test/test_legacy_action_nodes.cpp:5[m[K:
[01m[K/home/bobdobchob/osu-uwrt/development/software/install/behaviortree_cpp/include/behaviortree_cpp/basic_types.h:484:1:[m[K [01;36m[Knote: [m[Kcandidate: ‘[01m[Kstd::pair<std::__cxx11::basic_string<char>, BT::PortInfo> BT::InputPort(BT::StringView, BT::StringView) [with T = double; BT::StringView = std::basic_string_view<char>][m[K’
  484 | [01;36m[KInputPort[m[K(StringView name, StringView description = {})
      | [01;36m[K^~~~~~~~~[m[K
[01m[K/home/bobdobchob/osu-uwrt/development/software/install/behaviortree_cpp/include/behaviortree_cpp/basic_types.h:484:39:[m[K [01;36m[Knote: [m[K  no known conversion for argument 2 from ‘[01m[Kdouble[m[K’ to ‘[01m[KBT::StringView[m[K’ {aka ‘[01m[Kstd::basic_string_view<char>[m[K’}
  484 | InputPort(StringView name, [01;36m[KStringView description = {}[m[K)
      |                            [01;36m[K~~~~~~~~~~~^~~~~~~~~~~~~~~~[m[K
[01m[K/home/bobdobchob/osu-uwrt/development/software/install/behaviortree_cpp/include/behaviortree_cpp/basic_types.h:554:1:[m[K [01;36m[Knote: [m[Kcandidate: ‘[01m[Ktemplate<class T, class DefaultT> std::pair<std::__cxx11::basic_string<char>, BT::PortInfo> BT::InputPort(BT::StringView, const DefaultT&, BT::StringView)[m[K’
  554 | [01;36m[KInputPort[m[K(StringView name, const DefaultT& default_value, StringView description)
      | [01;36m[K^~~~~~~~~[m[K
[01m[K/home/bobdobchob/osu-uwrt/development/software/install/behaviortree_cpp/include/behaviortree_cpp/basic_types.h:554:1:[m[K [01;36m[Knote: [m[K  template argument deduction/substitution failed:
In file included from [01m[K/home/bobdobchob/osu-uwrt/development/software/src/mercury_autonomy/mercury_autonomy/test/test_legacy_action_nodes.cpp:8[m[K:
[01m[K/home/bobdobchob/osu-uwrt/development/software/src/mercury_autonomy/mercury_autonomy/include/mercury_autonomy/bt_actions/compute_frame_alignment.hpp:21:28:[m[K [01;36m[Knote: [m[K  candidate expects 3 arguments, 2 provided
   21 |       [01;36m[KBT::InputPort<double>("z", 0.0)[m[K,
      |       [01;36m[K~~~~~~~~~~~~~~~~~~~~~^~~~~~~~~~[m[K
[01m[K/home/bobdobchob/osu-uwrt/development/software/src/mercury_autonomy/mercury_autonomy/include/mercury_autonomy/bt_actions/compute_frame_alignment.hpp:22:28:[m[K [01;31m[Kerror: [m[Kno matching function for call to ‘[01m[KInputPort<double>(const char [3], double)[m[K’
   22 |       [01;31m[KBT::InputPort<double>("or", 0.0)[m[K,
      |       [01;31m[K~~~~~~~~~~~~~~~~~~~~~^~~~~~~~~~~[m[K
In file included from [01m[K/home/bobdobchob/osu-uwrt/development/software/install/behaviortree_cpp/include/behaviortree_cpp/tree_node.h:16[m[K,
                 from [01m[K/home/bobdobchob/osu-uwrt/development/software/install/behaviortree_cpp/include/behaviortree_cpp/leaf_node.h:17[m[K,
                 from [01m[K/home/bobdobchob/osu-uwrt/development/software/install/behaviortree_cpp/include/behaviortree_cpp/action_node.h:17[m[K,
                 from [01m[K/home/bobdobchob/osu-uwrt/development/software/install/behaviortree_cpp/include/behaviortree_cpp/behavior_tree.h:16[m[K,
                 from [01m[K/home/bobdobchob/osu-uwrt/development/software/src/mercury_autonomy/mercury_autonomy/test/test_legacy_action_nodes.cpp:5[m[K:
[01m[K/home/bobdobchob/osu-uwrt/development/software/install/behaviortree_cpp/include/behaviortree_cpp/basic_types.h:484:1:[m[K [01;36m[Knote: [m[Kcandidate: ‘[01m[Kstd::pair<std::__cxx11::basic_string<char>, BT::PortInfo> BT::InputPort(BT::StringView, BT::StringView) [with T = double; BT::StringView = std::basic_string_view<char>][m[K’
  484 | [01;36m[KInputPort[m[K(StringView name, StringView description = {})
      | [01;36m[K^~~~~~~~~[m[K
[01m[K/home/bobdobchob/osu-uwrt/development/software/install/behaviortree_cpp/include/behaviortree_cpp/basic_types.h:484:39:[m[K [01;36m[Knote: [m[K  no known conversion for argument 2 from ‘[01m[Kdouble[m[K’ to ‘[01m[KBT::StringView[m[K’ {aka ‘[01m[Kstd::basic_string_view<char>[m[K’}
  484 | InputPort(StringView name, [01;36m[KStringView description = {}[m[K)
      |                            [01;36m[K~~~~~~~~~~~^~~~~~~~~~~~~~~~[m[K
[01m[K/home/bobdobchob/osu-uwrt/development/software/install/behaviortree_cpp/include/behaviortree_cpp/basic_types.h:554:1:[m[K [01;36m[Knote: [m[Kcandidate: ‘[01m[Ktemplate<class T, class DefaultT> std::pair<std::__cxx11::basic_string<char>, BT::PortInfo> BT::InputPort(BT::StringView, const DefaultT&, BT::StringView)[m[K’
  554 | [01;36m[KInputPort[m[K(StringView name, const DefaultT& default_value, StringView description)
      | [01;36m[K^~~~~~~~~[m[K
[01m[K/home/bobdobchob/osu-uwrt/development/software/install/behaviortree_cpp/include/behaviortree_cpp/basic_types.h:554:1:[m[K [01;36m[Knote: [m[K  template argument deduction/substitution failed:
In file included from [01m[K/home/bobdobchob/osu-uwrt/development/software/src/mercury_autonomy/mercury_autonomy/test/test_legacy_action_nodes.cpp:8[m[K:
[01m[K/home/bobdobchob/osu-uwrt/development/software/src/mercury_autonomy/mercury_autonomy/include/mercury_autonomy/bt_actions/compute_frame_alignment.hpp:22:28:[m[K [01;36m[Knote: [m[K  candidate expects 3 arguments, 2 provided
   22 |       [01;36m[KBT::InputPort<double>("or", 0.0)[m[K,
      |       [01;36m[K~~~~~~~~~~~~~~~~~~~~~^~~~~~~~~~~[m[K
[01m[K/home/bobdobchob/osu-uwrt/development/software/src/mercury_autonomy/mercury_autonomy/include/mercury_autonomy/bt_actions/compute_frame_alignment.hpp:23:28:[m[K [01;31m[Kerror: [m[Kno matching function for call to ‘[01m[KInputPort<double>(const char [3], double)[m[K’
   23 |       [01;31m[KBT::InputPort<double>("op", 0.0)[m[K,
      |       [01;31m[K~~~~~~~~~~~~~~~~~~~~~^~~~~~~~~~~[m[K
In file included from [01m[K/home/bobdobchob/osu-uwrt/development/software/install/behaviortree_cpp/include/behaviortree_cpp/tree_node.h:16[m[K,
                 from [01m[K/home/bobdobchob/osu-uwrt/development/software/install/behaviortree_cpp/include/behaviortree_cpp/leaf_node.h:17[m[K,
                 from [01m[K/home/bobdobchob/osu-uwrt/development/software/install/behaviortree_cpp/include/behaviortree_cpp/action_node.h:17[m[K,
                 from [01m[K/home/bobdobchob/osu-uwrt/development/software/install/behaviortree_cpp/include/behaviortree_cpp/behavior_tree.h:16[m[K,
                 from [01m[K/home/bobdobchob/osu-uwrt/development/software/src/mercury_autonomy/mercury_autonomy/test/test_legacy_action_nodes.cpp:5[m[K:
[01m[K/home/bobdobchob/osu-uwrt/development/software/install/behaviortree_cpp/include/behaviortree_cpp/basic_types.h:484:1:[m[K [01;36m[Knote: [m[Kcandidate: ‘[01m[Kstd::pair<std::__cxx11::basic_string<char>, BT::PortInfo> BT::InputPort(BT::StringView, BT::StringView) [with T = double; BT::StringView = std::basic_string_view<char>][m[K’
  484 | [01;36m[KInputPort[m[K(StringView name, StringView description = {})
      | [01;36m[K^~~~~~~~~[m[K
[01m[K/home/bobdobchob/osu-uwrt/development/software/install/behaviortree_cpp/include/behaviortree_cpp/basic_types.h:484:39:[m[K [01;36m[Knote: [m[K  no known conversion for argument 2 from ‘[01m[Kdouble[m[K’ to ‘[01m[KBT::StringView[m[K’ {aka ‘[01m[Kstd::basic_string_view<char>[m[K’}
  484 | InputPort(StringView name, [01;36m[KStringView description = {}[m[K)
      |                            [01;36m[K~~~~~~~~~~~^~~~~~~~~~~~~~~~[m[K
[01m[K/home/bobdobchob/osu-uwrt/development/software/install/behaviortree_cpp/include/behaviortree_cpp/basic_types.h:554:1:[m[K [01;36m[Knote: [m[Kcandidate: ‘[01m[Ktemplate<class T, class DefaultT> std::pair<std::__cxx11::basic_string<char>, BT::PortInfo> BT::InputPort(BT::StringView, const DefaultT&, BT::StringView)[m[K’
  554 | [01;36m[KInputPort[m[K(StringView name, const DefaultT& default_value, StringView description)
      | [01;36m[K^~~~~~~~~[m[K
[01m[K/home/bobdobchob/osu-uwrt/development/software/install/behaviortree_cpp/include/behaviortree_cpp/basic_types.h:554:1:[m[K [01;36m[Knote: [m[K  template argument deduction/substitution failed:
In file included from [01m[K/home/bobdobchob/osu-uwrt/development/software/src/mercury_autonomy/mercury_autonomy/test/test_legacy_action_nodes.cpp:8[m[K:
[01m[K/home/bobdobchob/osu-uwrt/development/software/src/mercury_autonomy/mercury_autonomy/include/mercury_autonomy/bt_actions/compute_frame_alignment.hpp:23:28:[m[K [01;36m[Knote: [m[K  candidate expects 3 arguments, 2 provided
   23 |       [01;36m[KBT::InputPort<double>("op", 0.0)[m[K,
      |       [01;36m[K~~~~~~~~~~~~~~~~~~~~~^~~~~~~~~~~[m[K
[01m[K/home/bobdobchob/osu-uwrt/development/software/src/mercury_autonomy/mercury_autonomy/include/mercury_autonomy/bt_actions/compute_frame_alignment.hpp:24:28:[m[K [01;31m[Kerror: [m[Kno matching function for call to ‘[01m[KInputPort<double>(const char [3], double)[m[K’
   24 |       [01;31m[KBT::InputPort<double>("oy", 0.0)[m[K,
      |       [01;31m[K~~~~~~~~~~~~~~~~~~~~~^~~~~~~~~~~[m[K
In file included from [01m[K/home/bobdobchob/osu-uwrt/development/software/install/behaviortree_cpp/include/behaviortree_cpp/tree_node.h:16[m[K,
                 from [01m[K/home/bobdobchob/osu-uwrt/development/software/install/behaviortree_cpp/include/behaviortree_cpp/leaf_node.h:17[m[K,
                 from [01m[K/home/bobdobchob/osu-uwrt/development/software/install/behaviortree_cpp/include/behaviortree_cpp/action_node.h:17[m[K,
                 from [01m[K/home/bobdobchob/osu-uwrt/development/software/install/behaviortree_cpp/include/behaviortree_cpp/behavior_tree.h:16[m[K,
                 from [01m[K/home/bobdobchob/osu-uwrt/development/software/src/mercury_autonomy/mercury_autonomy/test/test_legacy_action_nodes.cpp:5[m[K:
[01m[K/home/bobdobchob/osu-uwrt/development/software/install/behaviortree_cpp/include/behaviortree_cpp/basic_types.h:484:1:[m[K [01;36m[Knote: [m[Kcandidate: ‘[01m[Kstd::pair<std::__cxx11::basic_string<char>, BT::PortInfo> BT::InputPort(BT::StringView, BT::StringView) [with T = double; BT::StringView = std::basic_string_view<char>][m[K’
  484 | [01;36m[KInputPort[m[K(StringView name, StringView description = {})
      | [01;36m[K^~~~~~~~~[m[K
[01m[K/home/bobdobchob/osu-uwrt/development/software/install/behaviortree_cpp/include/behaviortree_cpp/basic_types.h:484:39:[m[K [01;36m[Knote: [m[K  no known conversion for argument 2 from ‘[01m[Kdouble[m[K’ to ‘[01m[KBT::StringView[m[K’ {aka ‘[01m[Kstd::basic_string_view<char>[m[K’}
  484 | InputPort(StringView name, [01;36m[KStringView description = {}[m[K)
      |                            [01;36m[K~~~~~~~~~~~^~~~~~~~~~~~~~~~[m[K
[01m[K/home/bobdobchob/osu-uwrt/development/software/install/behaviortree_cpp/include/behaviortree_cpp/basic_types.h:554:1:[m[K [01;36m[Knote: [m[Kcandidate: ‘[01m[Ktemplate<class T, class DefaultT> std::pair<std::__cxx11::basic_string<char>, BT::PortInfo> BT::InputPort(BT::StringView, const DefaultT&, BT::StringView)[m[K’
  554 | [01;36m[KInputPort[m[K(StringView name, const DefaultT& default_value, StringView description)
      | [01;36m[K^~~~~~~~~[m[K
[01m[K/home/bobdobchob/osu-uwrt/development/software/install/behaviortree_cpp/include/behaviortree_cpp/basic_types.h:554:1:[m[K [01;36m[Knote: [m[K  template argument deduction/substitution failed:
In file included from [01m[K/home/bobdobchob/osu-uwrt/development/software/src/mercury_autonomy/mercury_autonomy/test/test_legacy_action_nodes.cpp:8[m[K:
[01m[K/home/bobdobchob/osu-uwrt/development/software/src/mercury_autonomy/mercury_autonomy/include/mercury_autonomy/bt_actions/compute_frame_alignment.hpp:24:28:[m[K [01;36m[Knote: [m[K  candidate expects 3 arguments, 2 provided
   24 |       [01;36m[KBT::InputPort<double>("oy", 0.0)[m[K,
      |       [01;36m[K~~~~~~~~~~~~~~~~~~~~~^~~~~~~~~~~[m[K
[01m[K/home/bobdobchob/osu-uwrt/development/software/src/mercury_autonomy/mercury_autonomy/include/mercury_autonomy/bt_actions/compute_frame_alignment.hpp:34:5:[m[K [01;31m[Kerror: [m[Kcould not convert ‘[01m[K{<expression error>, <expression error>, <expression error>, <expression error>, <expression error>, <expression error>, BT::InputPort(BT::StringView, BT::StringView) [with T = std::__cxx11::basic_string<char>; BT::StringView = std::basic_string_view<char>](std::basic_string_view<char>(((const char*)"Reference TF frame"))), BT::InputPort(BT::StringView, BT::StringView) [with T = std::__cxx11::basic_string<char>; BT::StringView = std::basic_string_view<char>](std::basic_string_view<char>(((const char*)"Link TF frame"))), BT::InputPort(BT::StringView, BT::StringView) [with T = std::__cxx11::basic_string<char>; BT::StringView = std::basic_string_view<char>](std::basic_string_view<char>(((const char*)"Base TF frame"))), BT::OutputPort(BT::StringView, BT::StringView) [with T = double; BT::StringView = std::basic_string_view<char>](std::basic_string_view<char>(((const char*)"Aligned X"))), BT::OutputPort(BT::StringView, BT::StringView) [with T = double; BT::StringView = std::basic_string_view<char>](std::basic_string_view<char>(((const char*)"Aligned Y"))), BT::OutputPort(BT::StringView, BT::StringView) [with T = double; BT::StringView = std::basic_string_view<char>](std::basic_string_view<char>(((const char*)"Aligned Z"))), BT::OutputPort(BT::StringView, BT::StringView) [with T = double; BT::StringView = std::basic_string_view<char>](std::basic_string_view<char>(((const char*)"Aligned roll"))), BT::OutputPort(BT::StringView, BT::StringView) [with T = double; BT::StringView = std::basic_string_view<char>](std::basic_string_view<char>(((const char*)"Aligned pitch"))), BT::OutputPort(BT::StringView, BT::StringView) [with T = double; BT::StringView = std::basic_string_view<char>](std::basic_string_view<char>(((const char*)"Aligned yaw")))}[m[K’ from ‘[01m[K<brace-enclosed initializer list>[m[K’ to ‘[01m[KBT::PortsList[m[K’ {aka ‘[01m[Kstd::unordered_map<std::__cxx11::basic_string<char>, BT::PortInfo>[m[K’}
   34 |     [01;31m[K}[m[K;
      |     [01;31m[K^[m[K
      |     [01;31m[K|[m[K
      |     [01;31m[K<brace-enclosed initializer list>[m[K
In file included from [01m[K/home/bobdobchob/osu-uwrt/development/software/src/mercury_autonomy/mercury_autonomy/test/test_legacy_action_nodes.cpp:10[m[K:
[01m[K/home/bobdobchob/osu-uwrt/development/software/src/mercury_autonomy/mercury_autonomy/include/mercury_autonomy/bt_actions/get_float64_topic.hpp:[m[K At global scope:
[01m[K/home/bobdobchob/osu-uwrt/development/software/src/mercury_autonomy/mercury_autonomy/include/mercury_autonomy/bt_actions/get_float64_topic.hpp:33:39:[m[K [01;31m[Kerror: [m[K‘[01m[KFloat64[m[K’ is not a member of ‘[01m[Kstd_msgs::msg[m[K’
   33 |   rclcpp::Subscription<std_msgs::msg::[01;31m[KFloat64[m[K>::SharedPtr sub_;
      |                                       [01;31m[K^~~~~~~[m[K
[01m[K/home/bobdobchob/osu-uwrt/development/software/src/mercury_autonomy/mercury_autonomy/include/mercury_autonomy/bt_actions/get_float64_topic.hpp:33:46:[m[K [01;31m[Kerror: [m[Ktemplate argument 1 is invalid
   33 |   rclcpp::Subscription<std_msgs::msg::Float64[01;31m[K>[m[K::SharedPtr sub_;
      |                                              [01;31m[K^[m[K
[01m[K/home/bobdobchob/osu-uwrt/development/software/src/mercury_autonomy/mercury_autonomy/include/mercury_autonomy/bt_actions/get_float64_topic.hpp:33:46:[m[K [01;31m[Kerror: [m[Ktemplate argument 3 is invalid
[01m[K/home/bobdobchob/osu-uwrt/development/software/src/mercury_autonomy/mercury_autonomy/include/mercury_autonomy/bt_actions/get_float64_topic.hpp:33:46:[m[K [01;31m[Kerror: [m[Ktemplate argument 4 is invalid
[01m[K/home/bobdobchob/osu-uwrt/development/software/src/mercury_autonomy/mercury_autonomy/include/mercury_autonomy/bt_actions/get_float64_topic.hpp:33:46:[m[K [01;31m[Kerror: [m[Ktemplate argument 5 is invalid
[01m[K/home/bobdobchob/osu-uwrt/development/software/src/mercury_autonomy/mercury_autonomy/include/mercury_autonomy/bt_actions/get_float64_topic.hpp:33:49:[m[K [01;31m[Kerror: [m[Kexpected ‘[01m[K;[m[K’ at end of member declaration
   33 |   rclcpp::Subscription<std_msgs::msg::Float64>::[01;31m[KSharedPtr[m[K sub_;
      |                                                 [01;31m[K^~~~~~~~~[m[K
      |                                                          [32m[K;[m[K
[01m[K/home/bobdobchob/osu-uwrt/development/software/src/mercury_autonomy/mercury_autonomy/include/mercury_autonomy/bt_actions/get_float64_topic.hpp:33:59:[m[K [01;31m[Kerror: [m[K‘[01m[Ksub_[m[K’ does not name a type
   33 |   rclcpp::Subscription<std_msgs::msg::Float64>::SharedPtr [01;31m[Ksub_[m[K;
      |                                                           [01;31m[K^~~~[m[K
In file included from [01m[K/home/bobdobchob/osu-uwrt/development/software/src/mercury_autonomy/mercury_autonomy/test/test_legacy_action_nodes.cpp:11[m[K:
[01m[K/home/bobdobchob/osu-uwrt/development/software/src/mercury_autonomy/mercury_autonomy/include/mercury_autonomy/bt_actions/get_mapping_state.hpp:32:24:[m[K [01;31m[Kerror: [m[K‘[01m[Kmercury_msgs[m[K’ was not declared in this scope
   32 |   rclcpp::Subscription<[01;31m[Kmercury_msgs[m[K::msg::MappingTargetInfo>::SharedPtr sub_;
      |                        [01;31m[K^~~~~~~~~~~~[m[K
[01m[K/home/bobdobchob/osu-uwrt/development/software/src/mercury_autonomy/mercury_autonomy/include/mercury_autonomy/bt_actions/get_mapping_state.hpp:32:60:[m[K [01;31m[Kerror: [m[Ktemplate argument 1 is invalid
   32 |   rclcpp::Subscription<mercury_msgs::msg::MappingTargetInfo[01;31m[K>[m[K::SharedPtr sub_;
      |                                                            [01;31m[K^[m[K
[01m[K/home/bobdobchob/osu-uwrt/development/software/src/mercury_autonomy/mercury_autonomy/include/mercury_autonomy/bt_actions/get_mapping_state.hpp:32:60:[m[K [01;31m[Kerror: [m[Ktemplate argument 3 is invalid
[01m[K/home/bobdobchob/osu-uwrt/development/software/src/mercury_autonomy/mercury_autonomy/include/mercury_autonomy/bt_actions/get_mapping_state.hpp:32:60:[m[K [01;31m[Kerror: [m[Ktemplate argument 4 is invalid
[01m[K/home/bobdobchob/osu-uwrt/development/software/src/mercury_autonomy/mercury_autonomy/include/mercury_autonomy/bt_actions/get_mapping_state.hpp:32:60:[m[K [01;31m[Kerror: [m[Ktemplate argument 5 is invalid
[01m[K/home/bobdobchob/osu-uwrt/development/software/src/mercury_autonomy/mercury_autonomy/include/mercury_autonomy/bt_actions/get_mapping_state.hpp:32:63:[m[K [01;31m[Kerror: [m[Kexpected ‘[01m[K;[m[K’ at end of member declaration
   32 |   rclcpp::Subscription<mercury_msgs::msg::MappingTargetInfo>::[01;31m[KSharedPtr[m[K sub_;
      |                                                               [01;31m[K^~~~~~~~~[m[K
      |                                                                        [32m[K;[m[K
[01m[K/home/bobdobchob/osu-uwrt/development/software/src/mercury_autonomy/mercury_autonomy/include/mercury_autonomy/bt_actions/get_mapping_state.hpp:32:73:[m[K [01;31m[Kerror: [m[K‘[01m[Ksub_[m[K’ does not name a type
   32 |   rclcpp::Subscription<mercury_msgs::msg::MappingTargetInfo>::SharedPtr [01;31m[Ksub_[m[K;
      |                                                                         [01;31m[K^~~~[m[K
[01m[K/home/bobdobchob/osu-uwrt/development/software/src/mercury_autonomy/mercury_autonomy/include/mercury_autonomy/bt_actions/get_mapping_state.hpp:34:3:[m[K [01;31m[Kerror: [m[K‘[01m[Kmercury_msgs[m[K’ does not name a type
   34 |   [01;31m[Kmercury_msgs[m[K::msg::MappingTargetInfo latest_msg_;
      |   [01;31m[K^~~~~~~~~~~~[m[K
In file included from [01m[K/home/bobdobchob/osu-uwrt/development/software/src/mercury_autonomy/mercury_autonomy/test/test_legacy_action_nodes.cpp:12[m[K:
[01m[K/home/bobdobchob/osu-uwrt/development/software/src/mercury_autonomy/mercury_autonomy/include/mercury_autonomy/bt_actions/publish_ekf_pose.hpp:42:18:[m[K [01;31m[Kerror: [m[K‘[01m[Krobot_localization[m[K’ was not declared in this scope
   42 |   rclcpp::Client<[01;31m[Krobot_localization[m[K::srv::SetPose>::SharedPtr pose_client_;
      |                  [01;31m[K^~~~~~~~~~~~~~~~~~[m[K
[01m[K/home/bobdobchob/osu-uwrt/development/software/src/mercury_autonomy/mercury_autonomy/include/mercury_autonomy/bt_actions/publish_ekf_pose.hpp:42:50:[m[K [01;31m[Kerror: [m[Ktemplate argument 1 is invalid
   42 |   rclcpp::Client<robot_localization::srv::SetPose[01;31m[K>[m[K::SharedPtr pose_client_;
      |                                                  [01;31m[K^[m[K
[01m[K/home/bobdobchob/osu-uwrt/development/software/src/mercury_autonomy/mercury_autonomy/include/mercury_autonomy/bt_actions/publish_ekf_pose.hpp:42:53:[m[K [01;31m[Kerror: [m[Kexpected ‘[01m[K;[m[K’ at end of member declaration
   42 |   rclcpp::Client<robot_localization::srv::SetPose>::[01;31m[KSharedPtr[m[K pose_client_;
      |                                                     [01;31m[K^~~~~~~~~[m[K
      |                                                              [32m[K;[m[K
[01m[K/home/bobdobchob/osu-uwrt/development/software/src/mercury_autonomy/mercury_autonomy/include/mercury_autonomy/bt_actions/publish_ekf_pose.hpp:42:63:[m[K [01;31m[Kerror: [m[K‘[01m[Kpose_client_[m[K’ does not name a type
   42 |   rclcpp::Client<robot_localization::srv::SetPose>::SharedPtr [01;31m[Kpose_client_[m[K;
      |                                                               [01;31m[K^~~~~~~~~~~~[m[K
[01m[K/home/bobdobchob/osu-uwrt/development/software/src/mercury_autonomy/mercury_autonomy/include/mercury_autonomy/bt_actions/publish_ekf_pose.hpp:[m[K In static member function ‘[01m[Kstatic BT::PortsList mercury_autonomy::PublishEKFPose::providedPorts()[m[K’:
[01m[K/home/bobdobchob/osu-uwrt/development/software/src/mercury_autonomy/mercury_autonomy/include/mercury_autonomy/bt_actions/publish_ekf_pose.hpp:19:28:[m[K [01;31m[Kerror: [m[Kno matching function for call to ‘[01m[KInputPort<double>(const char [2], double)[m[K’
   19 |       [01;31m[KBT::InputPort<double>("x", 0.0)[m[K,
      |       [01;31m[K~~~~~~~~~~~~~~~~~~~~~^~~~~~~~~~[m[K
In file included from [01m[K/home/bobdobchob/osu-uwrt/development/software/install/behaviortree_cpp/include/behaviortree_cpp/tree_node.h:16[m[K,
                 from [01m[K/home/bobdobchob/osu-uwrt/development/software/install/behaviortree_cpp/include/behaviortree_cpp/leaf_node.h:17[m[K,
                 from [01m[K/home/bobdobchob/osu-uwrt/development/software/install/behaviortree_cpp/include/behaviortree_cpp/action_node.h:17[m[K,
                 from [01m[K/home/bobdobchob/osu-uwrt/development/software/install/behaviortree_cpp/include/behaviortree_cpp/behavior_tree.h:16[m[K,
                 from [01m[K/home/bobdobchob/osu-uwrt/development/software/src/mercury_autonomy/mercury_autonomy/test/test_legacy_action_nodes.cpp:5[m[K:
[01m[K/home/bobdobchob/osu-uwrt/development/software/install/behaviortree_cpp/include/behaviortree_cpp/basic_types.h:484:1:[m[K [01;36m[Knote: [m[Kcandidate: ‘[01m[Kstd::pair<std::__cxx11::basic_string<char>, BT::PortInfo> BT::InputPort(BT::StringView, BT::StringView) [with T = double; BT::StringView = std::basic_string_view<char>][m[K’
  484 | [01;36m[KInputPort[m[K(StringView name, StringView description = {})
      | [01;36m[K^~~~~~~~~[m[K
[01m[K/home/bobdobchob/osu-uwrt/development/software/install/behaviortree_cpp/include/behaviortree_cpp/basic_types.h:484:39:[m[K [01;36m[Knote: [m[K  no known conversion for argument 2 from ‘[01m[Kdouble[m[K’ to ‘[01m[KBT::StringView[m[K’ {aka ‘[01m[Kstd::basic_string_view<char>[m[K’}
  484 | InputPort(StringView name, [01;36m[KStringView description = {}[m[K)
      |                            [01;36m[K~~~~~~~~~~~^~~~~~~~~~~~~~~~[m[K
[01m[K/home/bobdobchob/osu-uwrt/development/software/install/behaviortree_cpp/include/behaviortree_cpp/basic_types.h:554:1:[m[K [01;36m[Knote: [m[Kcandidate: ‘[01m[Ktemplate<class T, class DefaultT> std::pair<std::__cxx11::basic_string<char>, BT::PortInfo> BT::InputPort(BT::StringView, const DefaultT&, BT::StringView)[m[K’
  554 | [01;36m[KInputPort[m[K(StringView name, const DefaultT& default_value, StringView description)
      | [01;36m[K^~~~~~~~~[m[K
[01m[K/home/bobdobchob/osu-uwrt/development/software/install/behaviortree_cpp/include/behaviortree_cpp/basic_types.h:554:1:[m[K [01;36m[Knote: [m[K  template argument deduction/substitution failed:
In file included from [01m[K/home/bobdobchob/osu-uwrt/development/software/src/mercury_autonomy/mercury_autonomy/test/test_legacy_action_nodes.cpp:12[m[K:
[01m[K/home/bobdobchob/osu-uwrt/development/software/src/mercury_autonomy/mercury_autonomy/include/mercury_autonomy/bt_actions/publish_ekf_pose.hpp:19:28:[m[K [01;36m[Knote: [m[K  candidate expects 3 arguments, 2 provided
   19 |       [01;36m[KBT::InputPort<double>("x", 0.0)[m[K,
      |       [01;36m[K~~~~~~~~~~~~~~~~~~~~~^~~~~~~~~~[m[K
[01m[K/home/bobdobchob/osu-uwrt/development/software/src/mercury_autonomy/mercury_autonomy/include/mercury_autonomy/bt_actions/publish_ekf_pose.hpp:20:26:[m[K [01;31m[Kerror: [m[Kno matching function for call to ‘[01m[KInputPort<bool>(const char [5], bool)[m[K’
   20 |       [01;31m[KBT::InputPort<bool>("setX", false)[m[K,
      |       [01;31m[K~~~~~~~~~~~~~~~~~~~^~~~~~~~~~~~~~~[m[K
In file included from [01m[K/home/bobdobchob/osu-uwrt/development/software/install/behaviortree_cpp/include/behaviortree_cpp/tree_node.h:16[m[K,
                 from [01m[K/home/bobdobchob/osu-uwrt/development/software/install/behaviortree_cpp/include/behaviortree_cpp/leaf_node.h:17[m[K,
                 from [01m[K/home/bobdobchob/osu-uwrt/development/software/install/behaviortree_cpp/include/behaviortree_cpp/action_node.h:17[m[K,
                 from [01m[K/home/bobdobchob/osu-uwrt/development/software/install/behaviortree_cpp/include/behaviortree_cpp/behavior_tree.h:16[m[K,
                 from [01m[K/home/bobdobchob/osu-uwrt/development/software/src/mercury_autonomy/mercury_autonomy/test/test_legacy_action_nodes.cpp:5[m[K:
[01m[K/home/bobdobchob/osu-uwrt/development/software/install/behaviortree_cpp/include/behaviortree_cpp/basic_types.h:484:1:[m[K [01;36m[Knote: [m[Kcandidate: ‘[01m[Kstd::pair<std::__cxx11::basic_string<char>, BT::PortInfo> BT::InputPort(BT::StringView, BT::StringView) [with T = bool; BT::StringView = std::basic_string_view<char>][m[K’
  484 | [01;36m[KInputPort[m[K(StringView name, StringView description = {})
      | [01;36m[K^~~~~~~~~[m[K
[01m[K/home/bobdobchob/osu-uwrt/development/software/install/behaviortree_cpp/include/behaviortree_cpp/basic_types.h:484:39:[m[K [01;36m[Knote: [m[K  no known conversion for argument 2 from ‘[01m[Kbool[m[K’ to ‘[01m[KBT::StringView[m[K’ {aka ‘[01m[Kstd::basic_string_view<char>[m[K’}
  484 | InputPort(StringView name, [01;36m[KStringView description = {}[m[K)
      |                            [01;36m[K~~~~~~~~~~~^~~~~~~~~~~~~~~~[m[K
[01m[K/home/bobdobchob/osu-uwrt/development/software/install/behaviortree_cpp/include/behaviortree_cpp/basic_types.h:554:1:[m[K [01;36m[Knote: [m[Kcandidate: ‘[01m[Ktemplate<class T, class DefaultT> std::pair<std::__cxx11::basic_string<char>, BT::PortInfo> BT::InputPort(BT::StringView, const DefaultT&, BT::StringView)[m[K’
  554 | [01;36m[KInputPort[m[K(StringView name, const DefaultT& default_value, StringView description)
      | [01;36m[K^~~~~~~~~[m[K
[01m[K/home/bobdobchob/osu-uwrt/development/software/install/behaviortree_cpp/include/behaviortree_cpp/basic_types.h:554:1:[m[K [01;36m[Knote: [m[K  template argument deduction/substitution failed:
In file included from [01m[K/home/bobdobchob/osu-uwrt/development/software/src/mercury_autonomy/mercury_autonomy/test/test_legacy_action_nodes.cpp:12[m[K:
[01m[K/home/bobdobchob/osu-uwrt/development/software/src/mercury_autonomy/mercury_autonomy/include/mercury_autonomy/bt_actions/publish_ekf_pose.hpp:20:26:[m[K [01;36m[Knote: [m[K  candidate expects 3 arguments, 2 provided
   20 |       [01;36m[KBT::InputPort<bool>("setX", false)[m[K,
      |       [01;36m[K~~~~~~~~~~~~~~~~~~~^~~~~~~~~~~~~~~[m[K
[01m[K/home/bobdobchob/osu-uwrt/development/software/src/mercury_autonomy/mercury_autonomy/include/mercury_autonomy/bt_actions/publish_ekf_pose.hpp:21:28:[m[K [01;31m[Kerror: [m[Kno matching function for call to ‘[01m[KInputPort<double>(const char [2], double)[m[K’
   21 |       [01;31m[KBT::InputPort<double>("y", 0.0)[m[K,
      |       [01;31m[K~~~~~~~~~~~~~~~~~~~~~^~~~~~~~~~[m[K
In file included from [01m[K/home/bobdobchob/osu-uwrt/development/software/install/behaviortree_cpp/include/behaviortree_cpp/tree_node.h:16[m[K,
                 from [01m[K/home/bobdobchob/osu-uwrt/development/software/install/behaviortree_cpp/include/behaviortree_cpp/leaf_node.h:17[m[K,
                 from [01m[K/home/bobdobchob/osu-uwrt/development/software/install/behaviortree_cpp/include/behaviortree_cpp/action_node.h:17[m[K,
                 from [01m[K/home/bobdobchob/osu-uwrt/development/software/install/behaviortree_cpp/include/behaviortree_cpp/behavior_tree.h:16[m[K,
                 from [01m[K/home/bobdobchob/osu-uwrt/development/software/src/mercury_autonomy/mercury_autonomy/test/test_legacy_action_nodes.cpp:5[m[K:
[01m[K/home/bobdobchob/osu-uwrt/development/software/install/behaviortree_cpp/include/behaviortree_cpp/basic_types.h:484:1:[m[K [01;36m[Knote: [m[Kcandidate: ‘[01m[Kstd::pair<std::__cxx11::basic_string<char>, BT::PortInfo> BT::InputPort(BT::StringView, BT::StringView) [with T = double; BT::StringView = std::basic_string_view<char>][m[K’
  484 | [01;36m[KInputPort[m[K(StringView name, StringView description = {})
      | [01;36m[K^~~~~~~~~[m[K
[01m[K/home/bobdobchob/osu-uwrt/development/software/install/behaviortree_cpp/include/behaviortree_cpp/basic_types.h:484:39:[m[K [01;36m[Knote: [m[K  no known conversion for argument 2 from ‘[01m[Kdouble[m[K’ to ‘[01m[KBT::StringView[m[K’ {aka ‘[01m[Kstd::basic_string_view<char>[m[K’}
  484 | InputPort(StringView name, [01;36m[KStringView description = {}[m[K)
      |                            [01;36m[K~~~~~~~~~~~^~~~~~~~~~~~~~~~[m[K
[01m[K/home/bobdobchob/osu-uwrt/development/software/install/behaviortree_cpp/include/behaviortree_cpp/basic_types.h:554:1:[m[K [01;36m[Knote: [m[Kcandidate: ‘[01m[Ktemplate<class T, class DefaultT> std::pair<std::__cxx11::basic_string<char>, BT::PortInfo> BT::InputPort(BT::StringView, const DefaultT&, BT::StringView)[m[K’
  554 | [01;36m[KInputPort[m[K(StringView name, const DefaultT& default_value, StringView description)
      | [01;36m[K^~~~~~~~~[m[K
[01m[K/home/bobdobchob/osu-uwrt/development/software/install/behaviortree_cpp/include/behaviortree_cpp/basic_types.h:554:1:[m[K [01;36m[Knote: [m[K  template argument deduction/substitution failed:
In file included from [01m[K/home/bobdobchob/osu-uwrt/development/software/src/mercury_autonomy/mercury_autonomy/test/test_legacy_action_nodes.cpp:12[m[K:
[01m[K/home/bobdobchob/osu-uwrt/development/software/src/mercury_autonomy/mercury_autonomy/include/mercury_autonomy/bt_actions/publish_ekf_pose.hpp:21:28:[m[K [01;36m[Knote: [m[K  candidate expects 3 arguments, 2 provided
   21 |       [01;36m[KBT::InputPort<double>("y", 0.0)[m[K,
      |       [01;36m[K~~~~~~~~~~~~~~~~~~~~~^~~~~~~~~~[m[K
[01m[K/home/bobdobchob/osu-uwrt/development/software/src/mercury_autonomy/mercury_autonomy/include/mercury_autonomy/bt_actions/publish_ekf_pose.hpp:22:26:[m[K [01;31m[Kerror: [m[Kno matching function for call to ‘[01m[KInputPort<bool>(const char [5], bool)[m[K’
   22 |       [01;31m[KBT::InputPort<bool>("setY", false)[m[K,
      |       [01;31m[K~~~~~~~~~~~~~~~~~~~^~~~~~~~~~~~~~~[m[K
In file included from [01m[K/home/bobdobchob/osu-uwrt/development/software/install/behaviortree_cpp/include/behaviortree_cpp/tree_node.h:16[m[K,
                 from [01m[K/home/bobdobchob/osu-uwrt/development/software/install/behaviortree_cpp/include/behaviortree_cpp/leaf_node.h:17[m[K,
                 from [01m[K/home/bobdobchob/osu-uwrt/development/software/install/behaviortree_cpp/include/behaviortree_cpp/action_node.h:17[m[K,
                 from [01m[K/home/bobdobchob/osu-uwrt/development/software/install/behaviortree_cpp/include/behaviortree_cpp/behavior_tree.h:16[m[K,
                 from [01m[K/home/bobdobchob/osu-uwrt/development/software/src/mercury_autonomy/mercury_autonomy/test/test_legacy_action_nodes.cpp:5[m[K:
[01m[K/home/bobdobchob/osu-uwrt/development/software/install/behaviortree_cpp/include/behaviortree_cpp/basic_types.h:484:1:[m[K [01;36m[Knote: [m[Kcandidate: ‘[01m[Kstd::pair<std::__cxx11::basic_string<char>, BT::PortInfo> BT::InputPort(BT::StringView, BT::StringView) [with T = bool; BT::StringView = std::basic_string_view<char>][m[K’
  484 | [01;36m[KInputPort[m[K(StringView name, StringView description = {})
      | [01;36m[K^~~~~~~~~[m[K
[01m[K/home/bobdobchob/osu-uwrt/development/software/install/behaviortree_cpp/include/behaviortree_cpp/basic_types.h:484:39:[m[K [01;36m[Knote: [m[K  no known conversion for argument 2 from ‘[01m[Kbool[m[K’ to ‘[01m[KBT::StringView[m[K’ {aka ‘[01m[Kstd::basic_string_view<char>[m[K’}
  484 | InputPort(StringView name, [01;36m[KStringView description = {}[m[K)
      |                            [01;36m[K~~~~~~~~~~~^~~~~~~~~~~~~~~~[m[K
[01m[K/home/bobdobchob/osu-uwrt/development/software/install/behaviortree_cpp/include/behaviortree_cpp/basic_types.h:554:1:[m[K [01;36m[Knote: [m[Kcandidate: ‘[01m[Ktemplate<class T, class DefaultT> std::pair<std::__cxx11::basic_string<char>, BT::PortInfo> BT::InputPort(BT::StringView, const DefaultT&, BT::StringView)[m[K’
  554 | [01;36m[KInputPort[m[K(StringView name, const DefaultT& default_value, StringView description)
      | [01;36m[K^~~~~~~~~[m[K
[01m[K/home/bobdobchob/osu-uwrt/development/software/install/behaviortree_cpp/include/behaviortree_cpp/basic_types.h:554:1:[m[K [01;36m[Knote: [m[K  template argument deduction/substitution failed:
In file included from [01m[K/home/bobdobchob/osu-uwrt/development/software/src/mercury_autonomy/mercury_autonomy/test/test_legacy_action_nodes.cpp:12[m[K:
[01m[K/home/bobdobchob/osu-uwrt/development/software/src/mercury_autonomy/mercury_autonomy/include/mercury_autonomy/bt_actions/publish_ekf_pose.hpp:22:26:[m[K [01;36m[Knote: [m[K  candidate expects 3 arguments, 2 provided
   22 |       [01;36m[KBT::InputPort<bool>("setY", false)[m[K,
      |       [01;36m[K~~~~~~~~~~~~~~~~~~~^~~~~~~~~~~~~~~[m[K
[01m[K/home/bobdobchob/osu-uwrt/development/software/src/mercury_autonomy/mercury_autonomy/include/mercury_autonomy/bt_actions/publish_ekf_pose.hpp:23:28:[m[K [01;31m[Kerror: [m[Kno matching function for call to ‘[01m[KInputPort<double>(const char [2], double)[m[K’
   23 |       [01;31m[KBT::InputPort<double>("z", 0.0)[m[K,
      |       [01;31m[K~~~~~~~~~~~~~~~~~~~~~^~~~~~~~~~[m[K
In file included from [01m[K/home/bobdobchob/osu-uwrt/development/software/install/behaviortree_cpp/include/behaviortree_cpp/tree_node.h:16[m[K,
                 from [01m[K/home/bobdobchob/osu-uwrt/development/software/install/behaviortree_cpp/include/behaviortree_cpp/leaf_node.h:17[m[K,
                 from [01m[K/home/bobdobchob/osu-uwrt/development/software/install/behaviortree_cpp/include/behaviortree_cpp/action_node.h:17[m[K,
                 from [01m[K/home/bobdobchob/osu-uwrt/development/software/install/behaviortree_cpp/include/behaviortree_cpp/behavior_tree.h:16[m[K,
                 from [01m[K/home/bobdobchob/osu-uwrt/development/software/src/mercury_autonomy/mercury_autonomy/test/test_legacy_action_nodes.cpp:5[m[K:
[01m[K/home/bobdobchob/osu-uwrt/development/software/install/behaviortree_cpp/include/behaviortree_cpp/basic_types.h:484:1:[m[K [01;36m[Knote: [m[Kcandidate: ‘[01m[Kstd::pair<std::__cxx11::basic_string<char>, BT::PortInfo> BT::InputPort(BT::StringView, BT::StringView) [with T = double; BT::StringView = std::basic_string_view<char>][m[K’
  484 | [01;36m[KInputPort[m[K(StringView name, StringView description = {})
      | [01;36m[K^~~~~~~~~[m[K
[01m[K/home/bobdobchob/osu-uwrt/development/software/install/behaviortree_cpp/include/behaviortree_cpp/basic_types.h:484:39:[m[K [01;36m[Knote: [m[K  no known conversion for argument 2 from ‘[01m[Kdouble[m[K’ to ‘[01m[KBT::StringView[m[K’ {aka ‘[01m[Kstd::basic_string_view<char>[m[K’}
  484 | InputPort(StringView name, [01;36m[KStringView description = {}[m[K)
      |                            [01;36m[K~~~~~~~~~~~^~~~~~~~~~~~~~~~[m[K
[01m[K/home/bobdobchob/osu-uwrt/development/software/install/behaviortree_cpp/include/behaviortree_cpp/basic_types.h:554:1:[m[K [01;36m[Knote: [m[Kcandidate: ‘[01m[Ktemplate<class T, class DefaultT> std::pair<std::__cxx11::basic_string<char>, BT::PortInfo> BT::InputPort(BT::StringView, const DefaultT&, BT::StringView)[m[K’
  554 | [01;36m[KInputPort[m[K(StringView name, const DefaultT& default_value, StringView description)
      | [01;36m[K^~~~~~~~~[m[K
[01m[K/home/bobdobchob/osu-uwrt/development/software/install/behaviortree_cpp/include/behaviortree_cpp/basic_types.h:554:1:[m[K [01;36m[Knote: [m[K  template argument deduction/substitution failed:
In file included from [01m[K/home/bobdobchob/osu-uwrt/development/software/src/mercury_autonomy/mercury_autonomy/test/test_legacy_action_nodes.cpp:12[m[K:
[01m[K/home/bobdobchob/osu-uwrt/development/software/src/mercury_autonomy/mercury_autonomy/include/mercury_autonomy/bt_actions/publish_ekf_pose.hpp:23:28:[m[K [01;36m[Knote: [m[K  candidate expects 3 arguments, 2 provided
   23 |       [01;36m[KBT::InputPort<double>("z", 0.0)[m[K,
      |       [01;36m[K~~~~~~~~~~~~~~~~~~~~~^~~~~~~~~~[m[K
[01m[K/home/bobdobchob/osu-uwrt/development/software/src/mercury_autonomy/mercury_autonomy/include/mercury_autonomy/bt_actions/publish_ekf_pose.hpp:24:26:[m[K [01;31m[Kerror: [m[Kno matching function for call to ‘[01m[KInputPort<bool>(const char [5], bool)[m[K’
   24 |       [01;31m[KBT::InputPort<bool>("setZ", false)[m[K,
      |       [01;31m[K~~~~~~~~~~~~~~~~~~~^~~~~~~~~~~~~~~[m[K
In file included from [01m[K/home/bobdobchob/osu-uwrt/development/software/install/behaviortree_cpp/include/behaviortree_cpp/tree_node.h:16[m[K,
                 from [01m[K/home/bobdobchob/osu-uwrt/development/software/install/behaviortree_cpp/include/behaviortree_cpp/leaf_node.h:17[m[K,
                 from [01m[K/home/bobdobchob/osu-uwrt/development/software/install/behaviortree_cpp/include/behaviortree_cpp/action_node.h:17[m[K,
                 from [01m[K/home/bobdobchob/osu-uwrt/development/software/install/behaviortree_cpp/include/behaviortree_cpp/behavior_tree.h:16[m[K,
                 from [01m[K/home/bobdobchob/osu-uwrt/development/software/src/mercury_autonomy/mercury_autonomy/test/test_legacy_action_nodes.cpp:5[m[K:
[01m[K/home/bobdobchob/osu-uwrt/development/software/install/behaviortree_cpp/include/behaviortree_cpp/basic_types.h:484:1:[m[K [01;36m[Knote: [m[Kcandidate: ‘[01m[Kstd::pair<std::__cxx11::basic_string<char>, BT::PortInfo> BT::InputPort(BT::StringView, BT::StringView) [with T = bool; BT::StringView = std::basic_string_view<char>][m[K’
  484 | [01;36m[KInputPort[m[K(StringView name, StringView description = {})
      | [01;36m[K^~~~~~~~~[m[K
[01m[K/home/bobdobchob/osu-uwrt/development/software/install/behaviortree_cpp/include/behaviortree_cpp/basic_types.h:484:39:[m[K [01;36m[Knote: [m[K  no known conversion for argument 2 from ‘[01m[Kbool[m[K’ to ‘[01m[KBT::StringView[m[K’ {aka ‘[01m[Kstd::basic_string_view<char>[m[K’}
  484 | InputPort(StringView name, [01;36m[KStringView description = {}[m[K)
      |                            [01;36m[K~~~~~~~~~~~^~~~~~~~~~~~~~~~[m[K
[01m[K/home/bobdobchob/osu-uwrt/development/software/install/behaviortree_cpp/include/behaviortree_cpp/basic_types.h:554:1:[m[K [01;36m[Knote: [m[Kcandidate: ‘[01m[Ktemplate<class T, class DefaultT> std::pair<std::__cxx11::basic_string<char>, BT::PortInfo> BT::InputPort(BT::StringView, const DefaultT&, BT::StringView)[m[K’
  554 | [01;36m[KInputPort[m[K(StringView name, const DefaultT& default_value, StringView description)
      | [01;36m[K^~~~~~~~~[m[K
[01m[K/home/bobdobchob/osu-uwrt/development/software/install/behaviortree_cpp/include/behaviortree_cpp/basic_types.h:554:1:[m[K [01;36m[Knote: [m[K  template argument deduction/substitution failed:
In file included from [01m[K/home/bobdobchob/osu-uwrt/development/software/src/mercury_autonomy/mercury_autonomy/test/test_legacy_action_nodes.cpp:12[m[K:
[01m[K/home/bobdobchob/osu-uwrt/development/software/src/mercury_autonomy/mercury_autonomy/include/mercury_autonomy/bt_actions/publish_ekf_pose.hpp:24:26:[m[K [01;36m[Knote: [m[K  candidate expects 3 arguments, 2 provided
   24 |       [01;36m[KBT::InputPort<bool>("setZ", false)[m[K,
      |       [01;36m[K~~~~~~~~~~~~~~~~~~~^~~~~~~~~~~~~~~[m[K
[01m[K/home/bobdobchob/osu-uwrt/development/software/src/mercury_autonomy/mercury_autonomy/include/mercury_autonomy/bt_actions/publish_ekf_pose.hpp:25:28:[m[K [01;31m[Kerror: [m[Kno matching function for call to ‘[01m[KInputPort<double>(const char [5], double)[m[K’
   25 |       [01;31m[KBT::InputPort<double>("roll", 0.0)[m[K,
      |       [01;31m[K~~~~~~~~~~~~~~~~~~~~~^~~~~~~~~~~~~[m[K
In file included from [01m[K/home/bobdobchob/osu-uwrt/development/software/install/behaviortree_cpp/include/behaviortree_cpp/tree_node.h:16[m[K,
                 from [01m[K/home/bobdobchob/osu-uwrt/development/software/install/behaviortree_cpp/include/behaviortree_cpp/leaf_node.h:17[m[K,
                 from [01m[K/home/bobdobchob/osu-uwrt/development/software/install/behaviortree_cpp/include/behaviortree_cpp/action_node.h:17[m[K,
                 from [01m[K/home/bobdobchob/osu-uwrt/development/software/install/behaviortree_cpp/include/behaviortree_cpp/behavior_tree.h:16[m[K,
                 from [01m[K/home/bobdobchob/osu-uwrt/development/software/src/mercury_autonomy/mercury_autonomy/test/test_legacy_action_nodes.cpp:5[m[K:
[01m[K/home/bobdobchob/osu-uwrt/development/software/install/behaviortree_cpp/include/behaviortree_cpp/basic_types.h:484:1:[m[K [01;36m[Knote: [m[Kcandidate: ‘[01m[Kstd::pair<std::__cxx11::basic_string<char>, BT::PortInfo> BT::InputPort(BT::StringView, BT::StringView) [with T = double; BT::StringView = std::basic_string_view<char>][m[K’
  484 | [01;36m[KInputPort[m[K(StringView name, StringView description = {})
      | [01;36m[K^~~~~~~~~[m[K
[01m[K/home/bobdobchob/osu-uwrt/development/software/install/behaviortree_cpp/include/behaviortree_cpp/basic_types.h:484:39:[m[K [01;36m[Knote: [m[K  no known conversion for argument 2 from ‘[01m[Kdouble[m[K’ to ‘[01m[KBT::StringView[m[K’ {aka ‘[01m[Kstd::basic_string_view<char>[m[K’}
  484 | InputPort(StringView name, [01;36m[KStringView description = {}[m[K)
      |                            [01;36m[K~~~~~~~~~~~^~~~~~~~~~~~~~~~[m[K
[01m[K/home/bobdobchob/osu-uwrt/development/software/install/behaviortree_cpp/include/behaviortree_cpp/basic_types.h:554:1:[m[K [01;36m[Knote: [m[Kcandidate: ‘[01m[Ktemplate<class T, class DefaultT> std::pair<std::__cxx11::basic_string<char>, BT::PortInfo> BT::InputPort(BT::StringView, const DefaultT&, BT::StringView)[m[K’
  554 | [01;36m[KInputPort[m[K(StringView name, const DefaultT& default_value, StringView description)
      | [01;36m[K^~~~~~~~~[m[K
[01m[K/home/bobdobchob/osu-uwrt/development/software/install/behaviortree_cpp/include/behaviortree_cpp/basic_types.h:554:1:[m[K [01;36m[Knote: [m[K  template argument deduction/substitution failed:
In file included from [01m[K/home/bobdobchob/osu-uwrt/development/software/src/mercury_autonomy/mercury_autonomy/test/test_legacy_action_nodes.cpp:12[m[K:
[01m[K/home/bobdobchob/osu-uwrt/development/software/src/mercury_autonomy/mercury_autonomy/include/mercury_autonomy/bt_actions/publish_ekf_pose.hpp:25:28:[m[K [01;36m[Knote: [m[K  candidate expects 3 arguments, 2 provided
   25 |       [01;36m[KBT::InputPort<double>("roll", 0.0)[m[K,
      |       [01;36m[K~~~~~~~~~~~~~~~~~~~~~^~~~~~~~~~~~~[m[K
[01m[K/home/bobdobchob/osu-uwrt/development/software/src/mercury_autonomy/mercury_autonomy/include/mercury_autonomy/bt_actions/publish_ekf_pose.hpp:26:28:[m[K [01;31m[Kerror: [m[Kno matching function for call to ‘[01m[KInputPort<double>(const char [6], double)[m[K’
   26 |       [01;31m[KBT::InputPort<double>("pitch", 0.0)[m[K,
      |       [01;31m[K~~~~~~~~~~~~~~~~~~~~~^~~~~~~~~~~~~~[m[K
In file included from [01m[K/home/bobdobchob/osu-uwrt/development/software/install/behaviortree_cpp/include/behaviortree_cpp/tree_node.h:16[m[K,
                 from [01m[K/home/bobdobchob/osu-uwrt/development/software/install/behaviortree_cpp/include/behaviortree_cpp/leaf_node.h:17[m[K,
                 from [01m[K/home/bobdobchob/osu-uwrt/development/software/install/behaviortree_cpp/include/behaviortree_cpp/action_node.h:17[m[K,
                 from [01m[K/home/bobdobchob/osu-uwrt/development/software/install/behaviortree_cpp/include/behaviortree_cpp/behavior_tree.h:16[m[K,
                 from [01m[K/home/bobdobchob/osu-uwrt/development/software/src/mercury_autonomy/mercury_autonomy/test/test_legacy_action_nodes.cpp:5[m[K:
[01m[K/home/bobdobchob/osu-uwrt/development/software/install/behaviortree_cpp/include/behaviortree_cpp/basic_types.h:484:1:[m[K [01;36m[Knote: [m[Kcandidate: ‘[01m[Kstd::pair<std::__cxx11::basic_string<char>, BT::PortInfo> BT::InputPort(BT::StringView, BT::StringView) [with T = double; BT::StringView = std::basic_string_view<char>][m[K’
  484 | [01;36m[KInputPort[m[K(StringView name, StringView description = {})
      | [01;36m[K^~~~~~~~~[m[K
[01m[K/home/bobdobchob/osu-uwrt/development/software/install/behaviortree_cpp/include/behaviortree_cpp/basic_types.h:484:39:[m[K [01;36m[Knote: [m[K  no known conversion for argument 2 from ‘[01m[Kdouble[m[K’ to ‘[01m[KBT::StringView[m[K’ {aka ‘[01m[Kstd::basic_string_view<char>[m[K’}
  484 | InputPort(StringView name, [01;36m[KStringView description = {}[m[K)
      |                            [01;36m[K~~~~~~~~~~~^~~~~~~~~~~~~~~~[m[K
[01m[K/home/bobdobchob/osu-uwrt/development/software/install/behaviortree_cpp/include/behaviortree_cpp/basic_types.h:554:1:[m[K [01;36m[Knote: [m[Kcandidate: ‘[01m[Ktemplate<class T, class DefaultT> std::pair<std::__cxx11::basic_string<char>, BT::PortInfo> BT::InputPort(BT::StringView, const DefaultT&, BT::StringView)[m[K’
  554 | [01;36m[KInputPort[m[K(StringView name, const DefaultT& default_value, StringView description)
      | [01;36m[K^~~~~~~~~[m[K
[01m[K/home/bobdobchob/osu-uwrt/development/software/install/behaviortree_cpp/include/behaviortree_cpp/basic_types.h:554:1:[m[K [01;36m[Knote: [m[K  template argument deduction/substitution failed:
In file included from [01m[K/home/bobdobchob/osu-uwrt/development/software/src/mercury_autonomy/mercury_autonomy/test/test_legacy_action_nodes.cpp:12[m[K:
[01m[K/home/bobdobchob/osu-uwrt/development/software/src/mercury_autonomy/mercury_autonomy/include/mercury_autonomy/bt_actions/publish_ekf_pose.hpp:26:28:[m[K [01;36m[Knote: [m[K  candidate expects 3 arguments, 2 provided
   26 |       [01;36m[KBT::InputPort<double>("pitch", 0.0)[m[K,
      |       [01;36m[K~~~~~~~~~~~~~~~~~~~~~^~~~~~~~~~~~~~[m[K
[01m[K/home/bobdobchob/osu-uwrt/development/software/src/mercury_autonomy/mercury_autonomy/include/mercury_autonomy/bt_actions/publish_ekf_pose.hpp:27:28:[m[K [01;31m[Kerror: [m[Kno matching function for call to ‘[01m[KInputPort<double>(const char [4], double)[m[K’
   27 |       [01;31m[KBT::InputPort<double>("yaw", 0.0)[m[K,
      |       [01;31m[K~~~~~~~~~~~~~~~~~~~~~^~~~~~~~~~~~[m[K
In file included from [01m[K/home/bobdobchob/osu-uwrt/development/software/install/behaviortree_cpp/include/behaviortree_cpp/tree_node.h:16[m[K,
                 from [01m[K/home/bobdobchob/osu-uwrt/development/software/install/behaviortree_cpp/include/behaviortree_cpp/leaf_node.h:17[m[K,
                 from [01m[K/home/bobdobchob/osu-uwrt/development/software/install/behaviortree_cpp/include/behaviortree_cpp/action_node.h:17[m[K,
                 from [01m[K/home/bobdobchob/osu-uwrt/development/software/install/behaviortree_cpp/include/behaviortree_cpp/behavior_tree.h:16[m[K,
                 from [01m[K/home/bobdobchob/osu-uwrt/development/software/src/mercury_autonomy/mercury_autonomy/test/test_legacy_action_nodes.cpp:5[m[K:
[01m[K/home/bobdobchob/osu-uwrt/development/software/install/behaviortree_cpp/include/behaviortree_cpp/basic_types.h:484:1:[m[K [01;36m[Knote: [m[Kcandidate: ‘[01m[Kstd::pair<std::__cxx11::basic_string<char>, BT::PortInfo> BT::InputPort(BT::StringView, BT::StringView) [with T = double; BT::StringView = std::basic_string_view<char>][m[K’
  484 | [01;36m[KInputPort[m[K(StringView name, StringView description = {})
      | [01;36m[K^~~~~~~~~[m[K
[01m[K/home/bobdobchob/osu-uwrt/development/software/install/behaviortree_cpp/include/behaviortree_cpp/basic_types.h:484:39:[m[K [01;36m[Knote: [m[K  no known conversion for argument 2 from ‘[01m[Kdouble[m[K’ to ‘[01m[KBT::StringView[m[K’ {aka ‘[01m[Kstd::basic_string_view<char>[m[K’}
  484 | InputPort(StringView name, [01;36m[KStringView description = {}[m[K)
      |                            [01;36m[K~~~~~~~~~~~^~~~~~~~~~~~~~~~[m[K
[01m[K/home/bobdobchob/osu-uwrt/development/software/install/behaviortree_cpp/include/behaviortree_cpp/basic_types.h:554:1:[m[K [01;36m[Knote: [m[Kcandidate: ‘[01m[Ktemplate<class T, class DefaultT> std::pair<std::__cxx11::basic_string<char>, BT::PortInfo> BT::InputPort(BT::StringView, const DefaultT&, BT::StringView)[m[K’
  554 | [01;36m[KInputPort[m[K(StringView name, const DefaultT& default_value, StringView description)
      | [01;36m[K^~~~~~~~~[m[K
[01m[K/home/bobdobchob/osu-uwrt/development/software/install/behaviortree_cpp/include/behaviortree_cpp/basic_types.h:554:1:[m[K [01;36m[Knote: [m[K  template argument deduction/substitution failed:
In file included from [01m[K/home/bobdobchob/osu-uwrt/development/software/src/mercury_autonomy/mercury_autonomy/test/test_legacy_action_nodes.cpp:12[m[K:
[01m[K/home/bobdobchob/osu-uwrt/development/software/src/mercury_autonomy/mercury_autonomy/include/mercury_autonomy/bt_actions/publish_ekf_pose.hpp:27:28:[m[K [01;36m[Knote: [m[K  candidate expects 3 arguments, 2 provided
   27 |       [01;36m[KBT::InputPort<double>("yaw", 0.0)[m[K,
      |       [01;36m[K~~~~~~~~~~~~~~~~~~~~~^~~~~~~~~~~~[m[K
[01m[K/home/bobdobchob/osu-uwrt/development/software/src/mercury_autonomy/mercury_autonomy/include/mercury_autonomy/bt_actions/publish_ekf_pose.hpp:28:26:[m[K [01;31m[Kerror: [m[Kno matching function for call to ‘[01m[KInputPort<bool>(const char [15], bool)[m[K’
   28 |       [01;31m[KBT::InputPort<bool>("setOrientation", false)[m[K,
      |       [01;31m[K~~~~~~~~~~~~~~~~~~~^~~~~~~~~~~~~~~~~~~~~~~~~[m[K
In file included from [01m[K/home/bobdobchob/osu-uwrt/development/software/install/behaviortree_cpp/include/behaviortree_cpp/tree_node.h:16[m[K,
                 from [01m[K/home/bobdobchob/osu-uwrt/development/software/install/behaviortree_cpp/include/behaviortree_cpp/leaf_node.h:17[m[K,
                 from [01m[K/home/bobdobchob/osu-uwrt/development/software/install/behaviortree_cpp/include/behaviortree_cpp/action_node.h:17[m[K,
                 from [01m[K/home/bobdobchob/osu-uwrt/development/software/install/behaviortree_cpp/include/behaviortree_cpp/behavior_tree.h:16[m[K,
                 from [01m[K/home/bobdobchob/osu-uwrt/development/software/src/mercury_autonomy/mercury_autonomy/test/test_legacy_action_nodes.cpp:5[m[K:
[01m[K/home/bobdobchob/osu-uwrt/development/software/install/behaviortree_cpp/include/behaviortree_cpp/basic_types.h:484:1:[m[K [01;36m[Knote: [m[Kcandidate: ‘[01m[Kstd::pair<std::__cxx11::basic_string<char>, BT::PortInfo> BT::InputPort(BT::StringView, BT::StringView) [with T = bool; BT::StringView = std::basic_string_view<char>][m[K’
  484 | [01;36m[KInputPort[m[K(StringView name, StringView description = {})
      | [01;36m[K^~~~~~~~~[m[K
[01m[K/home/bobdobchob/osu-uwrt/development/software/install/behaviortree_cpp/include/behaviortree_cpp/basic_types.h:484:39:[m[K [01;36m[Knote: [m[K  no known conversion for argument 2 from ‘[01m[Kbool[m[K’ to ‘[01m[KBT::StringView[m[K’ {aka ‘[01m[Kstd::basic_string_view<char>[m[K’}
  484 | InputPort(StringView name, [01;36m[KStringView description = {}[m[K)
      |                            [01;36m[K~~~~~~~~~~~^~~~~~~~~~~~~~~~[m[K
[01m[K/home/bobdobchob/osu-uwrt/development/software/install/behaviortree_cpp/include/behaviortree_cpp/basic_types.h:554:1:[m[K [01;36m[Knote: [m[Kcandidate: ‘[01m[Ktemplate<class T, class DefaultT> std::pair<std::__cxx11::basic_string<char>, BT::PortInfo> BT::InputPort(BT::StringView, const DefaultT&, BT::StringView)[m[K’
  554 | [01;36m[KInputPort[m[K(StringView name, const DefaultT& default_value, StringView description)
      | [01;36m[K^~~~~~~~~[m[K
[01m[K/home/bobdobchob/osu-uwrt/development/software/install/behaviortree_cpp/include/behaviortree_cpp/basic_types.h:554:1:[m[K [01;36m[Knote: [m[K  template argument deduction/substitution failed:
In file included from [01m[K/home/bobdobchob/osu-uwrt/development/software/src/mercury_autonomy/mercury_autonomy/test/test_legacy_action_nodes.cpp:12[m[K:
[01m[K/home/bobdobchob/osu-uwrt/development/software/src/mercury_autonomy/mercury_autonomy/include/mercury_autonomy/bt_actions/publish_ekf_pose.hpp:28:26:[m[K [01;36m[Knote: [m[K  candidate expects 3 arguments, 2 provided
   28 |       [01;36m[KBT::InputPort<bool>("setOrientation", false)[m[K,
      |       [01;36m[K~~~~~~~~~~~~~~~~~~~^~~~~~~~~~~~~~~~~~~~~~~~~[m[K
[01m[K/home/bobdobchob/osu-uwrt/development/software/src/mercury_autonomy/mercury_autonomy/include/mercury_autonomy/bt_actions/publish_ekf_pose.hpp:29:5:[m[K [01;31m[Kerror: [m[Kcould not convert ‘[01m[K{<expression error>, <expression error>, <expression error>, <expression error>, <expression error>, <expression error>, <expression error>, <expression error>, <expression error>, <expression error>}[m[K’ from ‘[01m[K<brace-enclosed initializer list>[m[K’ to ‘[01m[KBT::PortsList[m[K’ {aka ‘[01m[Kstd::unordered_map<std::__cxx11::basic_string<char>, BT::PortInfo>[m[K’}
   29 |     [01;31m[K}[m[K;
      |     [01;31m[K^[m[K
      |     [01;31m[K|[m[K
      |     [01;31m[K<brace-enclosed initializer list>[m[K
In file included from [01m[K/home/bobdobchob/osu-uwrt/development/software/src/mercury_autonomy/mercury_autonomy/test/test_legacy_action_nodes.cpp:13[m[K:
[01m[K/home/bobdobchob/osu-uwrt/development/software/src/mercury_autonomy/mercury_autonomy/include/mercury_autonomy/bt_actions/publish_int8.hpp:[m[K At global scope:
[01m[K/home/bobdobchob/osu-uwrt/development/software/src/mercury_autonomy/mercury_autonomy/include/mercury_autonomy/bt_actions/publish_int8.hpp:32:36:[m[K [01;31m[Kerror: [m[K‘[01m[KUInt16[m[K’ is not a member of ‘[01m[Kstd_msgs::msg[m[K’
   32 |   rclcpp::Publisher<std_msgs::msg::[01;31m[KUInt16[m[K>::SharedPtr pub_;
      |                                    [01;31m[K^~~~~~[m[K
[01m[K/home/bobdobchob/osu-uwrt/development/software/src/mercury_autonomy/mercury_autonomy/include/mercury_autonomy/bt_actions/publish_int8.hpp:32:42:[m[K [01;31m[Kerror: [m[Ktemplate argument 1 is invalid
   32 |   rclcpp::Publisher<std_msgs::msg::UInt16[01;31m[K>[m[K::SharedPtr pub_;
      |                                          [01;31m[K^[m[K
[01m[K/home/bobdobchob/osu-uwrt/development/software/src/mercury_autonomy/mercury_autonomy/include/mercury_autonomy/bt_actions/publish_int8.hpp:32:45:[m[K [01;31m[Kerror: [m[Kexpected ‘[01m[K;[m[K’ at end of member declaration
   32 |   rclcpp::Publisher<std_msgs::msg::UInt16>::[01;31m[KSharedPtr[m[K pub_;
      |                                             [01;31m[K^~~~~~~~~[m[K
      |                                                      [32m[K;[m[K
[01m[K/home/bobdobchob/osu-uwrt/development/software/src/mercury_autonomy/mercury_autonomy/include/mercury_autonomy/bt_actions/publish_int8.hpp:32:55:[m[K [01;31m[Kerror: [m[K‘[01m[Kpub_[m[K’ does not name a type
   32 |   rclcpp::Publisher<std_msgs::msg::UInt16>::SharedPtr [01;31m[Kpub_[m[K;
      |                                                       [01;31m[K^~~~[m[K
In file included from [01m[K/home/bobdobchob/osu-uwrt/development/software/src/mercury_autonomy/mercury_autonomy/test/test_legacy_action_nodes.cpp:14[m[K:
[01m[K/home/bobdobchob/osu-uwrt/development/software/src/mercury_autonomy/mercury_autonomy/include/mercury_autonomy/bt_actions/publish_to_controller.hpp:35:21:[m[K [01;31m[Kerror: [m[K‘[01m[Kmercury_msgs[m[K’ was not declared in this scope
   35 |   rclcpp::Publisher<[01;31m[Kmercury_msgs[m[K::msg::ControllerCommand>::SharedPtr position_pub_;
      |                     [01;31m[K^~~~~~~~~~~~[m[K
[01m[K/home/bobdobchob/osu-uwrt/development/software/src/mercury_autonomy/mercury_autonomy/include/mercury_autonomy/bt_actions/publish_to_controller.hpp:35:57:[m[K [01;31m[Kerror: [m[Ktemplate argument 1 is invalid
   35 |   rclcpp::Publisher<mercury_msgs::msg::ControllerCommand[01;31m[K>[m[K::SharedPtr position_pub_;
      |                                                         [01;31m[K^[m[K
[01m[K/home/bobdobchob/osu-uwrt/development/software/src/mercury_autonomy/mercury_autonomy/include/mercury_autonomy/bt_actions/publish_to_controller.hpp:35:60:[m[K [01;31m[Kerror: [m[Kexpected ‘[01m[K;[m[K’ at end of member declaration
   35 |   rclcpp::Publisher<mercury_msgs::msg::ControllerCommand>::[01;31m[KSharedPtr[m[K position_pub_;
      |                                                            [01;31m[K^~~~~~~~~[m[K
      |                                                                     [32m[K;[m[K
[01m[K/home/bobdobchob/osu-uwrt/development/software/src/mercury_autonomy/mercury_autonomy/include/mercury_autonomy/bt_actions/publish_to_controller.hpp:35:70:[m[K [01;31m[Kerror: [m[K‘[01m[Kposition_pub_[m[K’ does not name a type
   35 |   rclcpp::Publisher<mercury_msgs::msg::ControllerCommand>::SharedPtr [01;31m[Kposition_pub_[m[K;
      |                                                                      [01;31m[K^~~~~~~~~~~~~[m[K
[01m[K/home/bobdobchob/osu-uwrt/development/software/src/mercury_autonomy/mercury_autonomy/include/mercury_autonomy/bt_actions/publish_to_controller.hpp:36:21:[m[K [01;31m[Kerror: [m[K‘[01m[Kmercury_msgs[m[K’ was not declared in this scope
   36 |   rclcpp::Publisher<[01;31m[Kmercury_msgs[m[K::msg::ControllerCommand>::SharedPtr orientation_pub_;
      |                     [01;31m[K^~~~~~~~~~~~[m[K
[01m[K/home/bobdobchob/osu-uwrt/development/software/src/mercury_autonomy/mercury_autonomy/include/mercury_autonomy/bt_actions/publish_to_controller.hpp:36:57:[m[K [01;31m[Kerror: [m[Ktemplate argument 1 is invalid
   36 |   rclcpp::Publisher<mercury_msgs::msg::ControllerCommand[01;31m[K>[m[K::SharedPtr orientation_pub_;
      |                                                         [01;31m[K^[m[K
[01m[K/home/bobdobchob/osu-uwrt/development/software/src/mercury_autonomy/mercury_autonomy/include/mercury_autonomy/bt_actions/publish_to_controller.hpp:36:60:[m[K [01;31m[Kerror: [m[Kexpected ‘[01m[K;[m[K’ at end of member declaration
   36 |   rclcpp::Publisher<mercury_msgs::msg::ControllerCommand>::[01;31m[KSharedPtr[m[K orientation_pub_;
      |                                                            [01;31m[K^~~~~~~~~[m[K
      |                                                                     [32m[K;[m[K
[01m[K/home/bobdobchob/osu-uwrt/development/software/src/mercury_autonomy/mercury_autonomy/include/mercury_autonomy/bt_actions/publish_to_controller.hpp:36:60:[m[K [01;31m[Kerror: [m[Kredeclaration of ‘[01m[Kint mercury_autonomy::PublishToController::SharedPtr[m[K’
[01m[K/home/bobdobchob/osu-uwrt/development/software/src/mercury_autonomy/mercury_autonomy/include/mercury_autonomy/bt_actions/publish_to_controller.hpp:35:60:[m[K [01;36m[Knote: [m[Kprevious declaration ‘[01m[Kint mercury_autonomy::PublishToController::SharedPtr[m[K’
   35 |   rclcpp::Publisher<mercury_msgs::msg::ControllerCommand>::[01;36m[KSharedPtr[m[K position_pub_;
      |                                                            [01;36m[K^~~~~~~~~[m[K
[01m[K/home/bobdobchob/osu-uwrt/development/software/src/mercury_autonomy/mercury_autonomy/include/mercury_autonomy/bt_actions/publish_to_controller.hpp:36:70:[m[K [01;31m[Kerror: [m[K‘[01m[Korientation_pub_[m[K’ does not name a type
   36 |   rclcpp::Publisher<mercury_msgs::msg::ControllerCommand>::SharedPtr [01;31m[Korientation_pub_[m[K;
      |                                                                      [01;31m[K^~~~~~~~~~~~~~~~[m[K
[01m[K/home/bobdobchob/osu-uwrt/development/software/src/mercury_autonomy/mercury_autonomy/include/mercury_autonomy/bt_actions/publish_to_controller.hpp:[m[K In static member function ‘[01m[Kstatic BT::PortsList mercury_autonomy::PublishToController::providedPorts()[m[K’:
[01m[K/home/bobdobchob/osu-uwrt/development/software/src/mercury_autonomy/mercury_autonomy/include/mercury_autonomy/bt_actions/publish_to_controller.hpp:19:26:[m[K [01;31m[Kerror: [m[Kno matching function for call to ‘[01m[KInputPort<bool>(const char [14], bool)[m[K’
   19 |       [01;31m[KBT::InputPort<bool>("isOrientation", false)[m[K,
      |       [01;31m[K~~~~~~~~~~~~~~~~~~~^~~~~~~~~~~~~~~~~~~~~~~~[m[K
In file included from [01m[K/home/bobdobchob/osu-uwrt/development/software/install/behaviortree_cpp/include/behaviortree_cpp/tree_node.h:16[m[K,
                 from [01m[K/home/bobdobchob/osu-uwrt/development/software/install/behaviortree_cpp/include/behaviortree_cpp/leaf_node.h:17[m[K,
                 from [01m[K/home/bobdobchob/osu-uwrt/development/software/install/behaviortree_cpp/include/behaviortree_cpp/action_node.h:17[m[K,
                 from [01m[K/home/bobdobchob/osu-uwrt/development/software/install/behaviortree_cpp/include/behaviortree_cpp/behavior_tree.h:16[m[K,
                 from [01m[K/home/bobdobchob/osu-uwrt/development/software/src/mercury_autonomy/mercury_autonomy/test/test_legacy_action_nodes.cpp:5[m[K:
[01m[K/home/bobdobchob/osu-uwrt/development/software/install/behaviortree_cpp/include/behaviortree_cpp/basic_types.h:484:1:[m[K [01;36m[Knote: [m[Kcandidate: ‘[01m[Kstd::pair<std::__cxx11::basic_string<char>, BT::PortInfo> BT::InputPort(BT::StringView, BT::StringView) [with T = bool; BT::StringView = std::basic_string_view<char>][m[K’
  484 | [01;36m[KInputPort[m[K(StringView name, StringView description = {})
      | [01;36m[K^~~~~~~~~[m[K
[01m[K/home/bobdobchob/osu-uwrt/development/software/install/behaviortree_cpp/include/behaviortree_cpp/basic_types.h:484:39:[m[K [01;36m[Knote: [m[K  no known conversion for argument 2 from ‘[01m[Kbool[m[K’ to ‘[01m[KBT::StringView[m[K’ {aka ‘[01m[Kstd::basic_string_view<char>[m[K’}
  484 | InputPort(StringView name, [01;36m[KStringView description = {}[m[K)
      |                            [01;36m[K~~~~~~~~~~~^~~~~~~~~~~~~~~~[m[K
[01m[K/home/bobdobchob/osu-uwrt/development/software/install/behaviortree_cpp/include/behaviortree_cpp/basic_types.h:554:1:[m[K [01;36m[Knote: [m[Kcandidate: ‘[01m[Ktemplate<class T, class DefaultT> std::pair<std::__cxx11::basic_string<char>, BT::PortInfo> BT::InputPort(BT::StringView, const DefaultT&, BT::StringView)[m[K’
  554 | [01;36m[KInputPort[m[K(StringView name, const DefaultT& default_value, StringView description)
      | [01;36m[K^~~~~~~~~[m[K
[01m[K/home/bobdobchob/osu-uwrt/development/software/install/behaviortree_cpp/include/behaviortree_cpp/basic_types.h:554:1:[m[K [01;36m[Knote: [m[K  template argument deduction/substitution failed:
In file included from [01m[K/home/bobdobchob/osu-uwrt/development/software/src/mercury_autonomy/mercury_autonomy/test/test_legacy_action_nodes.cpp:14[m[K:
[01m[K/home/bobdobchob/osu-uwrt/development/software/src/mercury_autonomy/mercury_autonomy/include/mercury_autonomy/bt_actions/publish_to_controller.hpp:19:26:[m[K [01;36m[Knote: [m[K  candidate expects 3 arguments, 2 provided
   19 |       [01;36m[KBT::InputPort<bool>("isOrientation", false)[m[K,
      |       [01;36m[K~~~~~~~~~~~~~~~~~~~^~~~~~~~~~~~~~~~~~~~~~~~[m[K
[01m[K/home/bobdobchob/osu-uwrt/development/software/src/mercury_autonomy/mercury_autonomy/include/mercury_autonomy/bt_actions/publish_to_controller.hpp:20:25:[m[K [01;31m[Kerror: [m[Kno matching function for call to ‘[01m[KInputPort<int>(const char [5], int)[m[K’
   20 |       [01;31m[KBT::InputPort<int>("mode", 3)[m[K,
      |       [01;31m[K~~~~~~~~~~~~~~~~~~^~~~~~~~~~~[m[K
In file included from [01m[K/home/bobdobchob/osu-uwrt/development/software/install/behaviortree_cpp/include/behaviortree_cpp/tree_node.h:16[m[K,
                 from [01m[K/home/bobdobchob/osu-uwrt/development/software/install/behaviortree_cpp/include/behaviortree_cpp/leaf_node.h:17[m[K,
                 from [01m[K/home/bobdobchob/osu-uwrt/development/software/install/behaviortree_cpp/include/behaviortree_cpp/action_node.h:17[m[K,
                 from [01m[K/home/bobdobchob/osu-uwrt/development/software/install/behaviortree_cpp/include/behaviortree_cpp/behavior_tree.h:16[m[K,
                 from [01m[K/home/bobdobchob/osu-uwrt/development/software/src/mercury_autonomy/mercury_autonomy/test/test_legacy_action_nodes.cpp:5[m[K:
[01m[K/home/bobdobchob/osu-uwrt/development/software/install/behaviortree_cpp/include/behaviortree_cpp/basic_types.h:484:1:[m[K [01;36m[Knote: [m[Kcandidate: ‘[01m[Kstd::pair<std::__cxx11::basic_string<char>, BT::PortInfo> BT::InputPort(BT::StringView, BT::StringView) [with T = int; BT::StringView = std::basic_string_view<char>][m[K’ (near match)
  484 | [01;36m[KInputPort[m[K(StringView name, StringView description = {})
      | [01;36m[K^~~~~~~~~[m[K
[01m[K/home/bobdobchob/osu-uwrt/development/software/install/behaviortree_cpp/include/behaviortree_cpp/basic_types.h:484:1:[m[K [01;36m[Knote: [m[K  conversion of argument 2 would be ill-formed:
In file included from [01m[K/home/bobdobchob/osu-uwrt/development/software/src/mercury_autonomy/mercury_autonomy/test/test_legacy_action_nodes.cpp:14[m[K:
[01m[K/home/bobdobchob/osu-uwrt/development/software/src/mercury_autonomy/mercury_autonomy/include/mercury_autonomy/bt_actions/publish_to_controller.hpp:20:34:[m[K [01;31m[Kerror: [m[Kinvalid conversion from ‘[01m[Kint[m[K’ to ‘[01m[Kconst char*[m[K’ [[01;31m[K]8;;https://gcc.gnu.org/onlinedocs/gcc/Warning-Options.html#index-fpermissive-fpermissive]8;;[m[K]
   20 |       BT::InputPort<int>("mode", [01;31m[K3[m[K),
      |                                  [01;31m[K^[m[K
      |                                  [01;31m[K|[m[K
      |                                  [01;31m[Kint[m[K
In file included from [01m[K/usr/include/c++/11/bits/basic_string.h:48[m[K,
                 from [01m[K/usr/include/c++/11/string:55[m[K,
                 from [01m[K/usr/include/c++/11/bits/locale_classes.h:40[m[K,
                 from [01m[K/usr/include/c++/11/bits/ios_base.h:41[m[K,
                 from [01m[K/usr/include/c++/11/ios:42[m[K,
                 from [01m[K/usr/include/c++/11/ostream:38[m[K,
                 from [01m[K/opt/ros/humble/src/gtest_vendor/include/gtest/gtest.h:58[m[K,
                 from [01m[K/home/bobdobchob/osu-uwrt/development/software/src/mercury_autonomy/mercury_autonomy/test/test_legacy_action_nodes.cpp:3[m[K:
[01m[K/usr/include/c++/11/string_view:131:39:[m[K [01;36m[Knote: [m[K  initializing argument 1 of ‘[01m[Kconstexpr std::basic_string_view<_CharT, _Traits>::basic_string_view(const _CharT*) [with _CharT = char; _Traits = std::char_traits<char>][m[K’
  131 |       basic_string_view([01;36m[Kconst _CharT* __str[m[K) noexcept
      |                         [01;36m[K~~~~~~~~~~~~~~^~~~~[m[K
In file included from [01m[K/home/bobdobchob/osu-uwrt/development/software/install/behaviortree_cpp/include/behaviortree_cpp/tree_node.h:16[m[K,
                 from [01m[K/home/bobdobchob/osu-uwrt/development/software/install/behaviortree_cpp/include/behaviortree_cpp/leaf_node.h:17[m[K,
                 from [01m[K/home/bobdobchob/osu-uwrt/development/software/install/behaviortree_cpp/include/behaviortree_cpp/action_node.h:17[m[K,
                 from [01m[K/home/bobdobchob/osu-uwrt/development/software/install/behaviortree_cpp/include/behaviortree_cpp/behavior_tree.h:16[m[K,
                 from [01m[K/home/bobdobchob/osu-uwrt/development/software/src/mercury_autonomy/mercury_autonomy/test/test_legacy_action_nodes.cpp:5[m[K:
[01m[K/home/bobdobchob/osu-uwrt/development/software/install/behaviortree_cpp/include/behaviortree_cpp/basic_types.h:554:1:[m[K [01;36m[Knote: [m[Kcandidate: ‘[01m[Ktemplate<class T, class DefaultT> std::pair<std::__cxx11::basic_string<char>, BT::PortInfo> BT::InputPort(BT::StringView, const DefaultT&, BT::StringView)[m[K’
  554 | [01;36m[KInputPort[m[K(StringView name, const DefaultT& default_value, StringView description)
      | [01;36m[K^~~~~~~~~[m[K
[01m[K/home/bobdobchob/osu-uwrt/development/software/install/behaviortree_cpp/include/behaviortree_cpp/basic_types.h:554:1:[m[K [01;36m[Knote: [m[K  template argument deduction/substitution failed:
In file included from [01m[K/home/bobdobchob/osu-uwrt/development/software/src/mercury_autonomy/mercury_autonomy/test/test_legacy_action_nodes.cpp:14[m[K:
[01m[K/home/bobdobchob/osu-uwrt/development/software/src/mercury_autonomy/mercury_autonomy/include/mercury_autonomy/bt_actions/publish_to_controller.hpp:20:25:[m[K [01;36m[Knote: [m[K  candidate expects 3 arguments, 2 provided
   20 |       [01;36m[KBT::InputPort<int>("mode", 3)[m[K,
      |       [01;36m[K~~~~~~~~~~~~~~~~~~^~~~~~~~~~~[m[K
[01m[K/home/bobdobchob/osu-uwrt/development/software/src/mercury_autonomy/mercury_autonomy/include/mercury_autonomy/bt_actions/publish_to_controller.hpp:21:28:[m[K [01;31m[Kerror: [m[Kno matching function for call to ‘[01m[KInputPort<double>(const char [2], double)[m[K’
   21 |       [01;31m[KBT::InputPort<double>("x", 0.0)[m[K,
      |       [01;31m[K~~~~~~~~~~~~~~~~~~~~~^~~~~~~~~~[m[K
In file included from [01m[K/home/bobdobchob/osu-uwrt/development/software/install/behaviortree_cpp/include/behaviortree_cpp/tree_node.h:16[m[K,
                 from [01m[K/home/bobdobchob/osu-uwrt/development/software/install/behaviortree_cpp/include/behaviortree_cpp/leaf_node.h:17[m[K,
                 from [01m[K/home/bobdobchob/osu-uwrt/development/software/install/behaviortree_cpp/include/behaviortree_cpp/action_node.h:17[m[K,
                 from [01m[K/home/bobdobchob/osu-uwrt/development/software/install/behaviortree_cpp/include/behaviortree_cpp/behavior_tree.h:16[m[K,
                 from [01m[K/home/bobdobchob/osu-uwrt/development/software/src/mercury_autonomy/mercury_autonomy/test/test_legacy_action_nodes.cpp:5[m[K:
[01m[K/home/bobdobchob/osu-uwrt/development/software/install/behaviortree_cpp/include/behaviortree_cpp/basic_types.h:484:1:[m[K [01;36m[Knote: [m[Kcandidate: ‘[01m[Kstd::pair<std::__cxx11::basic_string<char>, BT::PortInfo> BT::InputPort(BT::StringView, BT::StringView) [with T = double; BT::StringView = std::basic_string_view<char>][m[K’
  484 | [01;36m[KInputPort[m[K(StringView name, StringView description = {})
      | [01;36m[K^~~~~~~~~[m[K
[01m[K/home/bobdobchob/osu-uwrt/development/software/install/behaviortree_cpp/include/behaviortree_cpp/basic_types.h:484:39:[m[K [01;36m[Knote: [m[K  no known conversion for argument 2 from ‘[01m[Kdouble[m[K’ to ‘[01m[KBT::StringView[m[K’ {aka ‘[01m[Kstd::basic_string_view<char>[m[K’}
  484 | InputPort(StringView name, [01;36m[KStringView description = {}[m[K)
      |                            [01;36m[K~~~~~~~~~~~^~~~~~~~~~~~~~~~[m[K
[01m[K/home/bobdobchob/osu-uwrt/development/software/install/behaviortree_cpp/include/behaviortree_cpp/basic_types.h:554:1:[m[K [01;36m[Knote: [m[Kcandidate: ‘[01m[Ktemplate<class T, class DefaultT> std::pair<std::__cxx11::basic_string<char>, BT::PortInfo> BT::InputPort(BT::StringView, const DefaultT&, BT::StringView)[m[K’
  554 | [01;36m[KInputPort[m[K(StringView name, const DefaultT& default_value, StringView description)
      | [01;36m[K^~~~~~~~~[m[K
[01m[K/home/bobdobchob/osu-uwrt/development/software/install/behaviortree_cpp/include/behaviortree_cpp/basic_types.h:554:1:[m[K [01;36m[Knote: [m[K  template argument deduction/substitution failed:
In file included from [01m[K/home/bobdobchob/osu-uwrt/development/software/src/mercury_autonomy/mercury_autonomy/test/test_legacy_action_nodes.cpp:14[m[K:
[01m[K/home/bobdobchob/osu-uwrt/development/software/src/mercury_autonomy/mercury_autonomy/include/mercury_autonomy/bt_actions/publish_to_controller.hpp:21:28:[m[K [01;36m[Knote: [m[K  candidate expects 3 arguments, 2 provided
   21 |       [01;36m[KBT::InputPort<double>("x", 0.0)[m[K,
      |       [01;36m[K~~~~~~~~~~~~~~~~~~~~~^~~~~~~~~~[m[K
[01m[K/home/bobdobchob/osu-uwrt/development/software/src/mercury_autonomy/mercury_autonomy/include/mercury_autonomy/bt_actions/publish_to_controller.hpp:22:28:[m[K [01;31m[Kerror: [m[Kno matching function for call to ‘[01m[KInputPort<double>(const char [2], double)[m[K’
   22 |       [01;31m[KBT::InputPort<double>("y", 0.0)[m[K,
      |       [01;31m[K~~~~~~~~~~~~~~~~~~~~~^~~~~~~~~~[m[K
In file included from [01m[K/home/bobdobchob/osu-uwrt/development/software/install/behaviortree_cpp/include/behaviortree_cpp/tree_node.h:16[m[K,
                 from [01m[K/home/bobdobchob/osu-uwrt/development/software/install/behaviortree_cpp/include/behaviortree_cpp/leaf_node.h:17[m[K,
                 from [01m[K/home/bobdobchob/osu-uwrt/development/software/install/behaviortree_cpp/include/behaviortree_cpp/action_node.h:17[m[K,
                 from [01m[K/home/bobdobchob/osu-uwrt/development/software/install/behaviortree_cpp/include/behaviortree_cpp/behavior_tree.h:16[m[K,
                 from [01m[K/home/bobdobchob/osu-uwrt/development/software/src/mercury_autonomy/mercury_autonomy/test/test_legacy_action_nodes.cpp:5[m[K:
[01m[K/home/bobdobchob/osu-uwrt/development/software/install/behaviortree_cpp/include/behaviortree_cpp/basic_types.h:484:1:[m[K [01;36m[Knote: [m[Kcandidate: ‘[01m[Kstd::pair<std::__cxx11::basic_string<char>, BT::PortInfo> BT::InputPort(BT::StringView, BT::StringView) [with T = double; BT::StringView = std::basic_string_view<char>][m[K’
  484 | [01;36m[KInputPort[m[K(StringView name, StringView description = {})
      | [01;36m[K^~~~~~~~~[m[K
[01m[K/home/bobdobchob/osu-uwrt/development/software/install/behaviortree_cpp/include/behaviortree_cpp/basic_types.h:484:39:[m[K [01;36m[Knote: [m[K  no known conversion for argument 2 from ‘[01m[Kdouble[m[K’ to ‘[01m[KBT::StringView[m[K’ {aka ‘[01m[Kstd::basic_string_view<char>[m[K’}
  484 | InputPort(StringView name, [01;36m[KStringView description = {}[m[K)
      |                            [01;36m[K~~~~~~~~~~~^~~~~~~~~~~~~~~~[m[K
[01m[K/home/bobdobchob/osu-uwrt/development/software/install/behaviortree_cpp/include/behaviortree_cpp/basic_types.h:554:1:[m[K [01;36m[Knote: [m[Kcandidate: ‘[01m[Ktemplate<class T, class DefaultT> std::pair<std::__cxx11::basic_string<char>, BT::PortInfo> BT::InputPort(BT::StringView, const DefaultT&, BT::StringView)[m[K’
  554 | [01;36m[KInputPort[m[K(StringView name, const DefaultT& default_value, StringView description)
      | [01;36m[K^~~~~~~~~[m[K
[01m[K/home/bobdobchob/osu-uwrt/development/software/install/behaviortree_cpp/include/behaviortree_cpp/basic_types.h:554:1:[m[K [01;36m[Knote: [m[K  template argument deduction/substitution failed:
In file included from [01m[K/home/bobdobchob/osu-uwrt/development/software/src/mercury_autonomy/mercury_autonomy/test/test_legacy_action_nodes.cpp:14[m[K:
[01m[K/home/bobdobchob/osu-uwrt/development/software/src/mercury_autonomy/mercury_autonomy/include/mercury_autonomy/bt_actions/publish_to_controller.hpp:22:28:[m[K [01;36m[Knote: [m[K  candidate expects 3 arguments, 2 provided
   22 |       [01;36m[KBT::InputPort<double>("y", 0.0)[m[K,
      |       [01;36m[K~~~~~~~~~~~~~~~~~~~~~^~~~~~~~~~[m[K
[01m[K/home/bobdobchob/osu-uwrt/development/software/src/mercury_autonomy/mercury_autonomy/include/mercury_autonomy/bt_actions/publish_to_controller.hpp:23:28:[m[K [01;31m[Kerror: [m[Kno matching function for call to ‘[01m[KInputPort<double>(const char [2], double)[m[K’
   23 |       [01;31m[KBT::InputPort<double>("z", 0.0)[m[K,
      |       [01;31m[K~~~~~~~~~~~~~~~~~~~~~^~~~~~~~~~[m[K
In file included from [01m[K/home/bobdobchob/osu-uwrt/development/software/install/behaviortree_cpp/include/behaviortree_cpp/tree_node.h:16[m[K,
                 from [01m[K/home/bobdobchob/osu-uwrt/development/software/install/behaviortree_cpp/include/behaviortree_cpp/leaf_node.h:17[m[K,
                 from [01m[K/home/bobdobchob/osu-uwrt/development/software/install/behaviortree_cpp/include/behaviortree_cpp/action_node.h:17[m[K,
                 from [01m[K/home/bobdobchob/osu-uwrt/development/software/install/behaviortree_cpp/include/behaviortree_cpp/behavior_tree.h:16[m[K,
                 from [01m[K/home/bobdobchob/osu-uwrt/development/software/src/mercury_autonomy/mercury_autonomy/test/test_legacy_action_nodes.cpp:5[m[K:
[01m[K/home/bobdobchob/osu-uwrt/development/software/install/behaviortree_cpp/include/behaviortree_cpp/basic_types.h:484:1:[m[K [01;36m[Knote: [m[Kcandidate: ‘[01m[Kstd::pair<std::__cxx11::basic_string<char>, BT::PortInfo> BT::InputPort(BT::StringView, BT::StringView) [with T = double; BT::StringView = std::basic_string_view<char>][m[K’
  484 | [01;36m[KInputPort[m[K(StringView name, StringView description = {})
      | [01;36m[K^~~~~~~~~[m[K
[01m[K/home/bobdobchob/osu-uwrt/development/software/install/behaviortree_cpp/include/behaviortree_cpp/basic_types.h:484:39:[m[K [01;36m[Knote: [m[K  no known conversion for argument 2 from ‘[01m[Kdouble[m[K’ to ‘[01m[KBT::StringView[m[K’ {aka ‘[01m[Kstd::basic_string_view<char>[m[K’}
  484 | InputPort(StringView name, [01;36m[KStringView description = {}[m[K)
      |                            [01;36m[K~~~~~~~~~~~^~~~~~~~~~~~~~~~[m[K
[01m[K/home/bobdobchob/osu-uwrt/development/software/install/behaviortree_cpp/include/behaviortree_cpp/basic_types.h:554:1:[m[K [01;36m[Knote: [m[Kcandidate: ‘[01m[Ktemplate<class T, class DefaultT> std::pair<std::__cxx11::basic_string<char>, BT::PortInfo> BT::InputPort(BT::StringView, const DefaultT&, BT::StringView)[m[K’
  554 | [01;36m[KInputPort[m[K(StringView name, const DefaultT& default_value, StringView description)
      | [01;36m[K^~~~~~~~~[m[K
[01m[K/home/bobdobchob/osu-uwrt/development/software/install/behaviortree_cpp/include/behaviortree_cpp/basic_types.h:554:1:[m[K [01;36m[Knote: [m[K  template argument deduction/substitution failed:
In file included from [01m[K/home/bobdobchob/osu-uwrt/development/software/src/mercury_autonomy/mercury_autonomy/test/test_legacy_action_nodes.cpp:14[m[K:
[01m[K/home/bobdobchob/osu-uwrt/development/software/src/mercury_autonomy/mercury_autonomy/include/mercury_autonomy/bt_actions/publish_to_controller.hpp:23:28:[m[K [01;36m[Knote: [m[K  candidate expects 3 arguments, 2 provided
   23 |       [01;36m[KBT::InputPort<double>("z", 0.0)[m[K,
      |       [01;36m[K~~~~~~~~~~~~~~~~~~~~~^~~~~~~~~~[m[K
[01m[K/home/bobdobchob/osu-uwrt/development/software/src/mercury_autonomy/mercury_autonomy/include/mercury_autonomy/bt_actions/publish_to_controller.hpp:24:5:[m[K [01;31m[Kerror: [m[Kcould not convert ‘[01m[K{<expression error>, <expression error>, <expression error>, <expression error>, <expression error>}[m[K’ from ‘[01m[K<brace-enclosed initializer list>[m[K’ to ‘[01m[KBT::PortsList[m[K’ {aka ‘[01m[Kstd::unordered_map<std::__cxx11::basic_string<char>, BT::PortInfo>[m[K’}
   24 |     [01;31m[K}[m[K;
      |     [01;31m[K^[m[K
      |     [01;31m[K|[m[K
      |     [01;31m[K<brace-enclosed initializer list>[m[K
In file included from [01m[K/home/bobdobchob/osu-uwrt/development/software/src/mercury_autonomy/mercury_autonomy/test/test_legacy_action_nodes.cpp:15[m[K:
[01m[K/home/bobdobchob/osu-uwrt/development/software/src/mercury_autonomy/mercury_autonomy/include/mercury_autonomy/bt_actions/set_controller_safe_mode.hpp:[m[K In static member function ‘[01m[Kstatic BT::PortsList mercury_autonomy::SetControllerSafeMode::providedPorts()[m[K’:
[01m[K/home/bobdobchob/osu-uwrt/development/software/src/mercury_autonomy/mercury_autonomy/include/mercury_autonomy/bt_actions/set_controller_safe_mode.hpp:20:26:[m[K [01;31m[Kerror: [m[Kno matching function for call to ‘[01m[KInputPort<bool>(const char [5], bool)[m[K’
   20 |       [01;31m[KBT::InputPort<bool>("safe", true)[m[K,
      |       [01;31m[K~~~~~~~~~~~~~~~~~~~^~~~~~~~~~~~~~[m[K
In file included from [01m[K/home/bobdobchob/osu-uwrt/development/software/install/behaviortree_cpp/include/behaviortree_cpp/tree_node.h:16[m[K,
                 from [01m[K/home/bobdobchob/osu-uwrt/development/software/install/behaviortree_cpp/include/behaviortree_cpp/leaf_node.h:17[m[K,
                 from [01m[K/home/bobdobchob/osu-uwrt/development/software/install/behaviortree_cpp/include/behaviortree_cpp/action_node.h:17[m[K,
                 from [01m[K/home/bobdobchob/osu-uwrt/development/software/install/behaviortree_cpp/include/behaviortree_cpp/behavior_tree.h:16[m[K,
                 from [01m[K/home/bobdobchob/osu-uwrt/development/software/src/mercury_autonomy/mercury_autonomy/test/test_legacy_action_nodes.cpp:5[m[K:
[01m[K/home/bobdobchob/osu-uwrt/development/software/install/behaviortree_cpp/include/behaviortree_cpp/basic_types.h:484:1:[m[K [01;36m[Knote: [m[Kcandidate: ‘[01m[Kstd::pair<std::__cxx11::basic_string<char>, BT::PortInfo> BT::InputPort(BT::StringView, BT::StringView) [with T = bool; BT::StringView = std::basic_string_view<char>][m[K’
  484 | [01;36m[KInputPort[m[K(StringView name, StringView description = {})
      | [01;36m[K^~~~~~~~~[m[K
[01m[K/home/bobdobchob/osu-uwrt/development/software/install/behaviortree_cpp/include/behaviortree_cpp/basic_types.h:484:39:[m[K [01;36m[Knote: [m[K  no known conversion for argument 2 from ‘[01m[Kbool[m[K’ to ‘[01m[KBT::StringView[m[K’ {aka ‘[01m[Kstd::basic_string_view<char>[m[K’}
  484 | InputPort(StringView name, [01;36m[KStringView description = {}[m[K)
      |                            [01;36m[K~~~~~~~~~~~^~~~~~~~~~~~~~~~[m[K
[01m[K/home/bobdobchob/osu-uwrt/development/software/install/behaviortree_cpp/include/behaviortree_cpp/basic_types.h:554:1:[m[K [01;36m[Knote: [m[Kcandidate: ‘[01m[Ktemplate<class T, class DefaultT> std::pair<std::__cxx11::basic_string<char>, BT::PortInfo> BT::InputPort(BT::StringView, const DefaultT&, BT::StringView)[m[K’
  554 | [01;36m[KInputPort[m[K(StringView name, const DefaultT& default_value, StringView description)
      | [01;36m[K^~~~~~~~~[m[K
[01m[K/home/bobdobchob/osu-uwrt/development/software/install/behaviortree_cpp/include/behaviortree_cpp/basic_types.h:554:1:[m[K [01;36m[Knote: [m[K  template argument deduction/substitution failed:
In file included from [01m[K/home/bobdobchob/osu-uwrt/development/software/src/mercury_autonomy/mercury_autonomy/test/test_legacy_action_nodes.cpp:15[m[K:
[01m[K/home/bobdobchob/osu-uwrt/development/software/src/mercury_autonomy/mercury_autonomy/include/mercury_autonomy/bt_actions/set_controller_safe_mode.hpp:20:26:[m[K [01;36m[Knote: [m[K  candidate expects 3 arguments, 2 provided
   20 |       [01;36m[KBT::InputPort<bool>("safe", true)[m[K,
      |       [01;36m[K~~~~~~~~~~~~~~~~~~~^~~~~~~~~~~~~~[m[K
[01m[K/home/bobdobchob/osu-uwrt/development/software/src/mercury_autonomy/mercury_autonomy/include/mercury_autonomy/bt_actions/set_controller_safe_mode.hpp:21:28:[m[K [01;31m[Kerror: [m[Kno matching function for call to ‘[01m[KInputPort<double>(const char [13], double)[m[K’
   21 |       [01;31m[KBT::InputPort<double>("timeout_secs", 0.0)[m[K,
      |       [01;31m[K~~~~~~~~~~~~~~~~~~~~~^~~~~~~~~~~~~~~~~~~~~[m[K
In file included from [01m[K/home/bobdobchob/osu-uwrt/development/software/install/behaviortree_cpp/include/behaviortree_cpp/tree_node.h:16[m[K,
                 from [01m[K/home/bobdobchob/osu-uwrt/development/software/install/behaviortree_cpp/include/behaviortree_cpp/leaf_node.h:17[m[K,
                 from [01m[K/home/bobdobchob/osu-uwrt/development/software/install/behaviortree_cpp/include/behaviortree_cpp/action_node.h:17[m[K,
                 from [01m[K/home/bobdobchob/osu-uwrt/development/software/install/behaviortree_cpp/include/behaviortree_cpp/behavior_tree.h:16[m[K,
                 from [01m[K/home/bobdobchob/osu-uwrt/development/software/src/mercury_autonomy/mercury_autonomy/test/test_legacy_action_nodes.cpp:5[m[K:
[01m[K/home/bobdobchob/osu-uwrt/development/software/install/behaviortree_cpp/include/behaviortree_cpp/basic_types.h:484:1:[m[K [01;36m[Knote: [m[Kcandidate: ‘[01m[Kstd::pair<std::__cxx11::basic_string<char>, BT::PortInfo> BT::InputPort(BT::StringView, BT::StringView) [with T = double; BT::StringView = std::basic_string_view<char>][m[K’
  484 | [01;36m[KInputPort[m[K(StringView name, StringView description = {})
      | [01;36m[K^~~~~~~~~[m[K
[01m[K/home/bobdobchob/osu-uwrt/development/software/install/behaviortree_cpp/include/behaviortree_cpp/basic_types.h:484:39:[m[K [01;36m[Knote: [m[K  no known conversion for argument 2 from ‘[01m[Kdouble[m[K’ to ‘[01m[KBT::StringView[m[K’ {aka ‘[01m[Kstd::basic_string_view<char>[m[K’}
  484 | InputPort(StringView name, [01;36m[KStringView description = {}[m[K)
      |                            [01;36m[K~~~~~~~~~~~^~~~~~~~~~~~~~~~[m[K
[01m[K/home/bobdobchob/osu-uwrt/development/software/install/behaviortree_cpp/include/behaviortree_cpp/basic_types.h:554:1:[m[K [01;36m[Knote: [m[Kcandidate: ‘[01m[Ktemplate<class T, class DefaultT> std::pair<std::__cxx11::basic_string<char>, BT::PortInfo> BT::InputPort(BT::StringView, const DefaultT&, BT::StringView)[m[K’
  554 | [01;36m[KInputPort[m[K(StringView name, const DefaultT& default_value, StringView description)
      | [01;36m[K^~~~~~~~~[m[K
[01m[K/home/bobdobchob/osu-uwrt/development/software/install/behaviortree_cpp/include/behaviortree_cpp/basic_types.h:554:1:[m[K [01;36m[Knote: [m[K  template argument deduction/substitution failed:
In file included from [01m[K/home/bobdobchob/osu-uwrt/development/software/src/mercury_autonomy/mercury_autonomy/test/test_legacy_action_nodes.cpp:15[m[K:
[01m[K/home/bobdobchob/osu-uwrt/development/software/src/mercury_autonomy/mercury_autonomy/include/mercury_autonomy/bt_actions/set_controller_safe_mode.hpp:21:28:[m[K [01;36m[Knote: [m[K  candidate expects 3 arguments, 2 provided
   21 |       [01;36m[KBT::InputPort<double>("timeout_secs", 0.0)[m[K,
      |       [01;36m[K~~~~~~~~~~~~~~~~~~~~~^~~~~~~~~~~~~~~~~~~~~[m[K
[01m[K/home/bobdobchob/osu-uwrt/development/software/src/mercury_autonomy/mercury_autonomy/include/mercury_autonomy/bt_actions/set_controller_safe_mode.hpp:22:5:[m[K [01;31m[Kerror: [m[Kcould not convert ‘[01m[K{<expression error>, <expression error>}[m[K’ from ‘[01m[K<brace-enclosed initializer list>[m[K’ to ‘[01m[KBT::PortsList[m[K’ {aka ‘[01m[Kstd::unordered_map<std::__cxx11::basic_string<char>, BT::PortInfo>[m[K’}
   22 |     [01;31m[K}[m[K;
      |     [01;31m[K^[m[K
      |     [01;31m[K|[m[K
      |     [01;31m[K<brace-enclosed initializer list>[m[K
In file included from [01m[K/home/bobdobchob/osu-uwrt/development/software/src/mercury_autonomy/mercury_autonomy/test/test_legacy_action_nodes.cpp:16[m[K:
[01m[K/home/bobdobchob/osu-uwrt/development/software/src/mercury_autonomy/mercury_autonomy/include/mercury_autonomy/bt_actions/set_mapping_target.hpp:[m[K At global scope:
[01m[K/home/bobdobchob/osu-uwrt/development/software/src/mercury_autonomy/mercury_autonomy/include/mercury_autonomy/bt_actions/set_mapping_target.hpp:33:18:[m[K [01;31m[Kerror: [m[K‘[01m[Kmercury_msgs[m[K’ was not declared in this scope
   33 |   rclcpp::Client<[01;31m[Kmercury_msgs[m[K::srv::MappingTarget>::SharedPtr client_;
      |                  [01;31m[K^~~~~~~~~~~~[m[K
[01m[K/home/bobdobchob/osu-uwrt/development/software/src/mercury_autonomy/mercury_autonomy/include/mercury_autonomy/bt_actions/set_mapping_target.hpp:33:50:[m[K [01;31m[Kerror: [m[Ktemplate argument 1 is invalid
   33 |   rclcpp::Client<mercury_msgs::srv::MappingTarget[01;31m[K>[m[K::SharedPtr client_;
      |                                                  [01;31m[K^[m[K
[01m[K/home/bobdobchob/osu-uwrt/development/software/src/mercury_autonomy/mercury_autonomy/include/mercury_autonomy/bt_actions/set_mapping_target.hpp:33:53:[m[K [01;31m[Kerror: [m[Kexpected ‘[01m[K;[m[K’ at end of member declaration
   33 |   rclcpp::Client<mercury_msgs::srv::MappingTarget>::[01;31m[KSharedPtr[m[K client_;
      |                                                     [01;31m[K^~~~~~~~~[m[K
      |                                                              [32m[K;[m[K
[01m[K/home/bobdobchob/osu-uwrt/development/software/src/mercury_autonomy/mercury_autonomy/include/mercury_autonomy/bt_actions/set_mapping_target.hpp:33:63:[m[K [01;31m[Kerror: [m[K‘[01m[Kclient_[m[K’ does not name a type
   33 |   rclcpp::Client<mercury_msgs::srv::MappingTarget>::SharedPtr [01;31m[Kclient_[m[K;
      |                                                               [01;31m[K^~~~~~~[m[K
[01m[K/home/bobdobchob/osu-uwrt/development/software/src/mercury_autonomy/mercury_autonomy/include/mercury_autonomy/bt_actions/set_mapping_target.hpp:34:18:[m[K [01;31m[Kerror: [m[K‘[01m[Kmercury_msgs[m[K’ was not declared in this scope
   34 |   rclcpp::Client<[01;31m[Kmercury_msgs[m[K::srv::MappingTarget>::SharedFuture future_;
      |                  [01;31m[K^~~~~~~~~~~~[m[K
[01m[K/home/bobdobchob/osu-uwrt/development/software/src/mercury_autonomy/mercury_autonomy/include/mercury_autonomy/bt_actions/set_mapping_target.hpp:34:50:[m[K [01;31m[Kerror: [m[Ktemplate argument 1 is invalid
   34 |   rclcpp::Client<mercury_msgs::srv::MappingTarget[01;31m[K>[m[K::SharedFuture future_;
      |                                                  [01;31m[K^[m[K
[01m[K/home/bobdobchob/osu-uwrt/development/software/src/mercury_autonomy/mercury_autonomy/include/mercury_autonomy/bt_actions/set_mapping_target.hpp:34:53:[m[K [01;31m[Kerror: [m[Kexpected ‘[01m[K;[m[K’ at end of member declaration
   34 |   rclcpp::Client<mercury_msgs::srv::MappingTarget>::[01;31m[KSharedFuture[m[K future_;
      |                                                     [01;31m[K^~~~~~~~~~~~[m[K
      |                                                                 [32m[K;[m[K
[01m[K/home/bobdobchob/osu-uwrt/development/software/src/mercury_autonomy/mercury_autonomy/include/mercury_autonomy/bt_actions/set_mapping_target.hpp:34:66:[m[K [01;31m[Kerror: [m[K‘[01m[Kfuture_[m[K’ does not name a type
   34 |   rclcpp::Client<mercury_msgs::srv::MappingTarget>::SharedFuture [01;31m[Kfuture_[m[K;
      |                                                                  [01;31m[K^~~~~~~[m[K
In file included from [01m[K/home/bobdobchob/osu-uwrt/development/software/src/mercury_autonomy/mercury_autonomy/test/test_legacy_action_nodes.cpp:17[m[K:
[01m[K/home/bobdobchob/osu-uwrt/development/software/src/mercury_autonomy/mercury_autonomy/include/mercury_autonomy/bt_actions/set_status.hpp:29:21:[m[K [01;31m[Kerror: [m[K‘[01m[Kmercury_msgs[m[K’ was not declared in this scope
   29 |   rclcpp::Publisher<[01;31m[Kmercury_msgs[m[K::msg::LedCommand>::SharedPtr pub_;
      |                     [01;31m[K^~~~~~~~~~~~[m[K
[01m[K/home/bobdobchob/osu-uwrt/development/software/src/mercury_autonomy/mercury_autonomy/include/mercury_autonomy/bt_actions/set_status.hpp:29:50:[m[K [01;31m[Kerror: [m[Ktemplate argument 1 is invalid
   29 |   rclcpp::Publisher<mercury_msgs::msg::LedCommand[01;31m[K>[m[K::SharedPtr pub_;
      |                                                  [01;31m[K^[m[K
[01m[K/home/bobdobchob/osu-uwrt/development/software/src/mercury_autonomy/mercury_autonomy/include/mercury_autonomy/bt_actions/set_status.hpp:29:53:[m[K [01;31m[Kerror: [m[Kexpected ‘[01m[K;[m[K’ at end of member declaration
   29 |   rclcpp::Publisher<mercury_msgs::msg::LedCommand>::[01;31m[KSharedPtr[m[K pub_;
      |                                                     [01;31m[K^~~~~~~~~[m[K
      |                                                              [32m[K;[m[K
[01m[K/home/bobdobchob/osu-uwrt/development/software/src/mercury_autonomy/mercury_autonomy/include/mercury_autonomy/bt_actions/set_status.hpp:29:63:[m[K [01;31m[Kerror: [m[K‘[01m[Kpub_[m[K’ does not name a type
   29 |   rclcpp::Publisher<mercury_msgs::msg::LedCommand>::SharedPtr [01;31m[Kpub_[m[K;
      |                                                               [01;31m[K^~~~[m[K
In file included from [01m[K/home/bobdobchob/osu-uwrt/development/software/src/mercury_autonomy/mercury_autonomy/test/test_legacy_action_nodes.cpp:18[m[K:
[01m[K/home/bobdobchob/osu-uwrt/development/software/src/mercury_autonomy/mercury_autonomy/include/mercury_autonomy/bt_actions/trigger_controller_stunt.hpp:29:48:[m[K [01;31m[Kerror: [m[K‘[01m[KUInt16[m[K’ in namespace ‘[01m[Kstd_msgs::msg[m[K’ does not name a type
   29 |   void stuntStateCallback(const std_msgs::msg::[01;31m[KUInt16[m[K::SharedPtr msg);
      |                                                [01;31m[K^~~~~~[m[K
[01m[K/home/bobdobchob/osu-uwrt/development/software/src/mercury_autonomy/mercury_autonomy/include/mercury_autonomy/bt_actions/trigger_controller_stunt.hpp:29:66:[m[K [01;31m[Kerror: [m[Kexpected unqualified-id before ‘[01m[Kmsg[m[K’
   29 |   void stuntStateCallback(const std_msgs::msg::UInt16::SharedPtr [01;31m[Kmsg[m[K);
      |                                                                  [01;31m[K^~~[m[K
[01m[K/home/bobdobchob/osu-uwrt/development/software/src/mercury_autonomy/mercury_autonomy/include/mercury_autonomy/bt_actions/trigger_controller_stunt.hpp:29:65:[m[K [01;31m[Kerror: [m[Kexpected ‘[01m[K)[m[K’ before ‘[01m[Kmsg[m[K’
   29 |   void stuntStateCallback[34m[K([m[Kconst std_msgs::msg::UInt16::SharedPtr[01;31m[K [m[K[32m[Kmsg[m[K);
      |                          [34m[K~[m[K                                      [01;31m[K^[m[K[32m[K~~~[m[K
      |                                                                 [32m[K)[m[K
[01m[K/home/bobdobchob/osu-uwrt/development/software/src/mercury_autonomy/mercury_autonomy/include/mercury_autonomy/bt_actions/trigger_controller_stunt.hpp:29:56:[m[K [01;31m[Kerror: [m[Kexpected ‘[01m[K;[m[K’ at end of member declaration
   29 |   void stuntStateCallback(const std_msgs::msg::UInt16::[01;31m[KSharedPtr[m[K msg);
      |                                                        [01;31m[K^~~~~~~~~[m[K
      |                                                                 [32m[K;[m[K
[01m[K/home/bobdobchob/osu-uwrt/development/software/src/mercury_autonomy/mercury_autonomy/include/mercury_autonomy/bt_actions/trigger_controller_stunt.hpp:29:66:[m[K [01;31m[Kerror: [m[K‘[01m[Kmsg[m[K’ does not name a type
   29 |   void stuntStateCallback(const std_msgs::msg::UInt16::SharedPtr [01;31m[Kmsg[m[K);
      |                                                                  [01;31m[K^~~[m[K
[01m[K/home/bobdobchob/osu-uwrt/development/software/src/mercury_autonomy/mercury_autonomy/include/mercury_autonomy/bt_actions/trigger_controller_stunt.hpp:31:39:[m[K [01;31m[Kerror: [m[K‘[01m[KUInt16[m[K’ is not a member of ‘[01m[Kstd_msgs::msg[m[K’
   31 |   rclcpp::Subscription<std_msgs::msg::[01;31m[KUInt16[m[K>::SharedPtr stunt_state_sub_;
      |                                       [01;31m[K^~~~~~[m[K
[01m[K/home/bobdobchob/osu-uwrt/development/software/src/mercury_autonomy/mercury_autonomy/include/mercury_autonomy/bt_actions/trigger_controller_stunt.hpp:31:45:[m[K [01;31m[Kerror: [m[Ktemplate argument 1 is invalid
   31 |   rclcpp::Subscription<std_msgs::msg::UInt16[01;31m[K>[m[K::SharedPtr stunt_state_sub_;
      |                                             [01;31m[K^[m[K
[01m[K/home/bobdobchob/osu-uwrt/development/software/src/mercury_autonomy/mercury_autonomy/include/mercury_autonomy/bt_actions/trigger_controller_stunt.hpp:31:45:[m[K [01;31m[Kerror: [m[Ktemplate argument 3 is invalid
[01m[K/home/bobdobchob/osu-uwrt/development/software/src/mercury_autonomy/mercury_autonomy/include/mercury_autonomy/bt_actions/trigger_controller_stunt.hpp:31:45:[m[K [01;31m[Kerror: [m[Ktemplate argument 4 is invalid
[01m[K/home/bobdobchob/osu-uwrt/development/software/src/mercury_autonomy/mercury_autonomy/include/mercury_autonomy/bt_actions/trigger_controller_stunt.hpp:31:45:[m[K [01;31m[Kerror: [m[Ktemplate argument 5 is invalid
[01m[K/home/bobdobchob/osu-uwrt/development/software/src/mercury_autonomy/mercury_autonomy/include/mercury_autonomy/bt_actions/trigger_controller_stunt.hpp:31:48:[m[K [01;31m[Kerror: [m[Kexpected ‘[01m[K;[m[K’ at end of member declaration
   31 |   rclcpp::Subscription<std_msgs::msg::UInt16>::[01;31m[KSharedPtr[m[K stunt_state_sub_;
      |                                                [01;31m[K^~~~~~~~~[m[K
      |                                                         [32m[K;[m[K
[01m[K/home/bobdobchob/osu-uwrt/development/software/src/mercury_autonomy/mercury_autonomy/include/mercury_autonomy/bt_actions/trigger_controller_stunt.hpp:31:58:[m[K [01;31m[Kerror: [m[K‘[01m[Kstunt_state_sub_[m[K’ does not name a type
   31 |   rclcpp::Subscription<std_msgs::msg::UInt16>::SharedPtr [01;31m[Kstunt_state_sub_[m[K;
      |                                                          [01;31m[K^~~~~~~~~~~~~~~~[m[K
[01m[K/home/bobdobchob/osu-uwrt/development/software/src/mercury_autonomy/mercury_autonomy/include/mercury_autonomy/bt_actions/trigger_controller_stunt.hpp:32:36:[m[K [01;31m[Kerror: [m[K‘[01m[KUInt16[m[K’ is not a member of ‘[01m[Kstd_msgs::msg[m[K’
   32 |   rclcpp::Publisher<std_msgs::msg::[01;31m[KUInt16[m[K>::SharedPtr stunt_state_pub_;
      |                                    [01;31m[K^~~~~~[m[K
[01m[K/home/bobdobchob/osu-uwrt/development/software/src/mercury_autonomy/mercury_autonomy/include/mercury_autonomy/bt_actions/trigger_controller_stunt.hpp:32:42:[m[K [01;31m[Kerror: [m[Ktemplate argument 1 is invalid
   32 |   rclcpp::Publisher<std_msgs::msg::UInt16[01;31m[K>[m[K::SharedPtr stunt_state_pub_;
      |                                          [01;31m[K^[m[K
[01m[K/home/bobdobchob/osu-uwrt/development/software/src/mercury_autonomy/mercury_autonomy/include/mercury_autonomy/bt_actions/trigger_controller_stunt.hpp:32:45:[m[K [01;31m[Kerror: [m[Kexpected ‘[01m[K;[m[K’ at end of member declaration
   32 |   rclcpp::Publisher<std_msgs::msg::UInt16>::[01;31m[KSharedPtr[m[K stunt_state_pub_;
      |                                             [01;31m[K^~~~~~~~~[m[K
      |                                                      [32m[K;[m[K
[01m[K/home/bobdobchob/osu-uwrt/development/software/src/mercury_autonomy/mercury_autonomy/include/mercury_autonomy/bt_actions/trigger_controller_stunt.hpp:32:45:[m[K [01;31m[Kerror: [m[Kredeclaration of ‘[01m[Kint mercury_autonomy::TriggerControllerStunt::SharedPtr[m[K’
[01m[K/home/bobdobchob/osu-uwrt/development/software/src/mercury_autonomy/mercury_autonomy/include/mercury_autonomy/bt_actions/trigger_controller_stunt.hpp:31:48:[m[K [01;36m[Knote: [m[Kprevious declaration ‘[01m[Kint mercury_autonomy::TriggerControllerStunt::SharedPtr[m[K’
   31 |   rclcpp::Subscription<std_msgs::msg::UInt16>::[01;36m[KSharedPtr[m[K stunt_state_sub_;
      |                                                [01;36m[K^~~~~~~~~[m[K
[01m[K/home/bobdobchob/osu-uwrt/development/software/src/mercury_autonomy/mercury_autonomy/include/mercury_autonomy/bt_actions/trigger_controller_stunt.hpp:32:55:[m[K [01;31m[Kerror: [m[K‘[01m[Kstunt_state_pub_[m[K’ does not name a type
   32 |   rclcpp::Publisher<std_msgs::msg::UInt16>::SharedPtr [01;31m[Kstunt_state_pub_[m[K;
      |                                                       [01;31m[K^~~~~~~~~~~~~~~~[m[K
[ 39%] [32mBuilding CXX object CMakeFiles/mercury_bt_actions.dir/src/bt_actions/call_trigger_service.cpp.o[0m
[ 40%] [32mBuilding CXX object CMakeFiles/mercury_bt_actions.dir/src/bt_actions/compute_frame_alignment.cpp.o[0m
[ 41%] [32mBuilding CXX object CMakeFiles/mercury_bt_conditions.dir/src/bt_conditions/approx_equal_to_angle.cpp.o[0m
[ 43%] [32mBuilding CXX object CMakeFiles/mercury_bt_conditions.dir/src/bt_conditions/compare_nums.cpp.o[0m
[ 44%] [32m[1mLinking CXX shared library libmercury_bt_decorators.so[0m
[ 45%] [32mBuilding CXX object CMakeFiles/mercury_bt_conditions.dir/src/bt_conditions/example_condition.cpp.o[0m
[ 48%] [32mBuilding CXX object CMakeFiles/mercury_bt_conditions.dir/src/bt_conditions/is_true.cpp.o[0m
[ 48%] [32mBuilding CXX object CMakeFiles/test_condition_nodes.dir/src/bt_conditions/approx_equal_to_angle.cpp.o[0m
[ 49%] [32mBuilding CXX object CMakeFiles/test_condition_nodes.dir/src/bt_conditions/compare_nums.cpp.o[0m
[ 49%] Built target mercury_bt_decorators
[ 50%] [32mBuilding CXX object CMakeFiles/test_condition_nodes.dir/src/bt_conditions/is_true.cpp.o[0m
[ 51%] [32m[1mLinking CXX executable test_decorator_nodes[0m
[ 53%] [32mBuilding CXX object CMakeFiles/test_publish_nodes.dir/src/bt_actions/publish_bool.cpp.o[0m
[ 54%] [32m[1mLinking CXX executable test_approx_equal_to[0m
gmake[2]: *** [CMakeFiles/test_legacy_action_nodes.dir/build.make:76: CMakeFiles/test_legacy_action_nodes.dir/test/test_legacy_action_nodes.cpp.o] Error 1
gmake[1]: *** [CMakeFiles/Makefile2:567: CMakeFiles/test_legacy_action_nodes.dir/all] Error 2
gmake[1]: *** Waiting for unfinished jobs....
[ 55%] [32mBuilding CXX object CMakeFiles/test_sensor_nodes.dir/src/bt_actions/get_odometry.cpp.o[0m
[ 55%] Built target test_decorator_nodes
[ 56%] [32mBuilding CXX object CMakeFiles/mercury_bt_conditions.dir/src/register_conditions.cpp.o[0m
[ 56%] Built target test_approx_equal_to
[ 58%] [32mBuilding CXX object CMakeFiles/mercury_bt_actions.dir/src/bt_actions/example_action.cpp.o[0m
[ 59%] [32m[1mLinking CXX executable test_transform_pose[0m
[ 60%] [32mBuilding CXX object CMakeFiles/test_sensor_nodes.dir/src/bt_actions/get_imu_orientation.cpp.o[0m
[ 61%] [32mBuilding CXX object CMakeFiles/test_sensor_nodes.dir/src/bt_actions/get_twist_topic.cpp.o[0m
[ 62%] [32mBuilding CXX object CMakeFiles/mercury_bt_actions.dir/src/bt_actions/get_bool_topic.cpp.o[0m
[ 64%] [32m[1mLinking CXX executable test_tree_executor[0m
[ 65%] [32mBuilding CXX object CMakeFiles/mercury_bt_actions.dir/src/bt_actions/get_covariance.cpp.o[0m
[ 65%] Built target test_transform_pose
[ 66%] [32m[1mLinking CXX executable test_service_nodes[0m
[ 67%] [32mBuilding CXX object CMakeFiles/mercury_bt_actions.dir/src/bt_actions/get_float64_topic.cpp.o[0m
[ 67%] Built target test_tree_executor
[ 69%] [32mBuilding CXX object CMakeFiles/mercury_bt_actions.dir/src/bt_actions/get_float_topic.cpp.o[0m
[ 69%] Built target test_service_nodes
[ 70%] [32mBuilding CXX object CMakeFiles/mercury_bt_actions.dir/src/bt_actions/get_imu_orientation.cpp.o[0m
[ 71%] [32mBuilding CXX object CMakeFiles/mercury_bt_actions.dir/src/bt_actions/get_mapping_state.cpp.o[0m
In file included from [01m[K/home/bobdobchob/osu-uwrt/development/software/src/mercury_autonomy/mercury_autonomy/src/bt_actions/compute_frame_alignment.cpp:3[m[K:
[01m[K/home/bobdobchob/osu-uwrt/development/software/src/mercury_autonomy/mercury_autonomy/include/mercury_autonomy/bt_actions/compute_frame_alignment.hpp:[m[K In static member function ‘[01m[Kstatic BT::PortsList mercury_autonomy::ComputeFrameAlignment::providedPorts()[m[K’:
[01m[K/home/bobdobchob/osu-uwrt/development/software/src/mercury_autonomy/mercury_autonomy/include/mercury_autonomy/bt_actions/compute_frame_alignment.hpp:19:28:[m[K [01;31m[Kerror: [m[Kno matching function for call to ‘[01m[KInputPort<double>(const char [2], double)[m[K’
   19 |       [01;31m[KBT::InputPort<double>("x", 0.0)[m[K,
      |       [01;31m[K~~~~~~~~~~~~~~~~~~~~~^~~~~~~~~~[m[K
In file included from [01m[K/home/bobdobchob/osu-uwrt/development/software/install/behaviortree_cpp/include/behaviortree_cpp/tree_node.h:16[m[K,
                 from [01m[K/home/bobdobchob/osu-uwrt/development/software/install/behaviortree_cpp/include/behaviortree_cpp/leaf_node.h:17[m[K,
                 from [01m[K/home/bobdobchob/osu-uwrt/development/software/install/behaviortree_cpp/include/behaviortree_cpp/action_node.h:17[m[K,
                 from [01m[K/home/bobdobchob/osu-uwrt/development/software/install/behaviortree_cpp/include/behaviortree_cpp/behavior_tree.h:16[m[K,
                 from [01m[K/home/bobdobchob/osu-uwrt/development/software/src/mercury_autonomy/mercury_autonomy/include/mercury_autonomy/autonomy_base.hpp:15[m[K,
                 from [01m[K/home/bobdobchob/osu-uwrt/development/software/src/mercury_autonomy/mercury_autonomy/include/mercury_autonomy/autonomy_lib.hpp:6[m[K,
                 from [01m[K/home/bobdobchob/osu-uwrt/development/software/src/mercury_autonomy/mercury_autonomy/include/mercury_autonomy/bt_actions/compute_frame_alignment.hpp:5[m[K,
                 from [01m[K/home/bobdobchob/osu-uwrt/development/software/src/mercury_autonomy/mercury_autonomy/src/bt_actions/compute_frame_alignment.cpp:3[m[K:
[01m[K/home/bobdobchob/osu-uwrt/development/software/install/behaviortree_cpp/include/behaviortree_cpp/basic_types.h:484:1:[m[K [01;36m[Knote: [m[Kcandidate: ‘[01m[Kstd::pair<std::__cxx11::basic_string<char>, BT::PortInfo> BT::InputPort(BT::StringView, BT::StringView) [with T = double; BT::StringView = std::basic_string_view<char>][m[K’
  484 | [01;36m[KInputPort[m[K(StringView name, StringView description = {})
      | [01;36m[K^~~~~~~~~[m[K
[01m[K/home/bobdobchob/osu-uwrt/development/software/install/behaviortree_cpp/include/behaviortree_cpp/basic_types.h:484:39:[m[K [01;36m[Knote: [m[K  no known conversion for argument 2 from ‘[01m[Kdouble[m[K’ to ‘[01m[KBT::StringView[m[K’ {aka ‘[01m[Kstd::basic_string_view<char>[m[K’}
  484 | InputPort(StringView name, [01;36m[KStringView description = {}[m[K)
      |                            [01;36m[K~~~~~~~~~~~^~~~~~~~~~~~~~~~[m[K
[01m[K/home/bobdobchob/osu-uwrt/development/software/install/behaviortree_cpp/include/behaviortree_cpp/basic_types.h:554:1:[m[K [01;36m[Knote: [m[Kcandidate: ‘[01m[Ktemplate<class T, class DefaultT> std::pair<std::__cxx11::basic_string<char>, BT::PortInfo> BT::InputPort(BT::StringView, const DefaultT&, BT::StringView)[m[K’
  554 | [01;36m[KInputPort[m[K(StringView name, const DefaultT& default_value, StringView description)
      | [01;36m[K^~~~~~~~~[m[K
[01m[K/home/bobdobchob/osu-uwrt/development/software/install/behaviortree_cpp/include/behaviortree_cpp/basic_types.h:554:1:[m[K [01;36m[Knote: [m[K  template argument deduction/substitution failed:
In file included from [01m[K/home/bobdobchob/osu-uwrt/development/software/src/mercury_autonomy/mercury_autonomy/src/bt_actions/compute_frame_alignment.cpp:3[m[K:
[01m[K/home/bobdobchob/osu-uwrt/development/software/src/mercury_autonomy/mercury_autonomy/include/mercury_autonomy/bt_actions/compute_frame_alignment.hpp:19:28:[m[K [01;36m[Knote: [m[K  candidate expects 3 arguments, 2 provided
   19 |       [01;36m[KBT::InputPort<double>("x", 0.0)[m[K,
      |       [01;36m[K~~~~~~~~~~~~~~~~~~~~~^~~~~~~~~~[m[K
[01m[K/home/bobdobchob/osu-uwrt/development/software/src/mercury_autonomy/mercury_autonomy/include/mercury_autonomy/bt_actions/compute_frame_alignment.hpp:20:28:[m[K [01;31m[Kerror: [m[Kno matching function for call to ‘[01m[KInputPort<double>(const char [2], double)[m[K’
   20 |       [01;31m[KBT::InputPort<double>("y", 0.0)[m[K,
      |       [01;31m[K~~~~~~~~~~~~~~~~~~~~~^~~~~~~~~~[m[K
In file included from [01m[K/home/bobdobchob/osu-uwrt/development/software/install/behaviortree_cpp/include/behaviortree_cpp/tree_node.h:16[m[K,
                 from [01m[K/home/bobdobchob/osu-uwrt/development/software/install/behaviortree_cpp/include/behaviortree_cpp/leaf_node.h:17[m[K,
                 from [01m[K/home/bobdobchob/osu-uwrt/development/software/install/behaviortree_cpp/include/behaviortree_cpp/action_node.h:17[m[K,
                 from [01m[K/home/bobdobchob/osu-uwrt/development/software/install/behaviortree_cpp/include/behaviortree_cpp/behavior_tree.h:16[m[K,
                 from [01m[K/home/bobdobchob/osu-uwrt/development/software/src/mercury_autonomy/mercury_autonomy/include/mercury_autonomy/autonomy_base.hpp:15[m[K,
                 from [01m[K/home/bobdobchob/osu-uwrt/development/software/src/mercury_autonomy/mercury_autonomy/include/mercury_autonomy/autonomy_lib.hpp:6[m[K,
                 from [01m[K/home/bobdobchob/osu-uwrt/development/software/src/mercury_autonomy/mercury_autonomy/include/mercury_autonomy/bt_actions/compute_frame_alignment.hpp:5[m[K,
                 from [01m[K/home/bobdobchob/osu-uwrt/development/software/src/mercury_autonomy/mercury_autonomy/src/bt_actions/compute_frame_alignment.cpp:3[m[K:
[01m[K/home/bobdobchob/osu-uwrt/development/software/install/behaviortree_cpp/include/behaviortree_cpp/basic_types.h:484:1:[m[K [01;36m[Knote: [m[Kcandidate: ‘[01m[Kstd::pair<std::__cxx11::basic_string<char>, BT::PortInfo> BT::InputPort(BT::StringView, BT::StringView) [with T = double; BT::StringView = std::basic_string_view<char>][m[K’
  484 | [01;36m[KInputPort[m[K(StringView name, StringView description = {})
      | [01;36m[K^~~~~~~~~[m[K
[01m[K/home/bobdobchob/osu-uwrt/development/software/install/behaviortree_cpp/include/behaviortree_cpp/basic_types.h:484:39:[m[K [01;36m[Knote: [m[K  no known conversion for argument 2 from ‘[01m[Kdouble[m[K’ to ‘[01m[KBT::StringView[m[K’ {aka ‘[01m[Kstd::basic_string_view<char>[m[K’}
  484 | InputPort(StringView name, [01;36m[KStringView description = {}[m[K)
      |                            [01;36m[K~~~~~~~~~~~^~~~~~~~~~~~~~~~[m[K
[01m[K/home/bobdobchob/osu-uwrt/development/software/install/behaviortree_cpp/include/behaviortree_cpp/basic_types.h:554:1:[m[K [01;36m[Knote: [m[Kcandidate: ‘[01m[Ktemplate<class T, class DefaultT> std::pair<std::__cxx11::basic_string<char>, BT::PortInfo> BT::InputPort(BT::StringView, const DefaultT&, BT::StringView)[m[K’
  554 | [01;36m[KInputPort[m[K(StringView name, const DefaultT& default_value, StringView description)
      | [01;36m[K^~~~~~~~~[m[K
[01m[K/home/bobdobchob/osu-uwrt/development/software/install/behaviortree_cpp/include/behaviortree_cpp/basic_types.h:554:1:[m[K [01;36m[Knote: [m[K  template argument deduction/substitution failed:
In file included from [01m[K/home/bobdobchob/osu-uwrt/development/software/src/mercury_autonomy/mercury_autonomy/src/bt_actions/compute_frame_alignment.cpp:3[m[K:
[01m[K/home/bobdobchob/osu-uwrt/development/software/src/mercury_autonomy/mercury_autonomy/include/mercury_autonomy/bt_actions/compute_frame_alignment.hpp:20:28:[m[K [01;36m[Knote: [m[K  candidate expects 3 arguments, 2 provided
   20 |       [01;36m[KBT::InputPort<double>("y", 0.0)[m[K,
      |       [01;36m[K~~~~~~~~~~~~~~~~~~~~~^~~~~~~~~~[m[K
[01m[K/home/bobdobchob/osu-uwrt/development/software/src/mercury_autonomy/mercury_autonomy/include/mercury_autonomy/bt_actions/compute_frame_alignment.hpp:21:28:[m[K [01;31m[Kerror: [m[Kno matching function for call to ‘[01m[KInputPort<double>(const char [2], double)[m[K’
   21 |       [01;31m[KBT::InputPort<double>("z", 0.0)[m[K,
      |       [01;31m[K~~~~~~~~~~~~~~~~~~~~~^~~~~~~~~~[m[K
In file included from [01m[K/home/bobdobchob/osu-uwrt/development/software/install/behaviortree_cpp/include/behaviortree_cpp/tree_node.h:16[m[K,
                 from [01m[K/home/bobdobchob/osu-uwrt/development/software/install/behaviortree_cpp/include/behaviortree_cpp/leaf_node.h:17[m[K,
                 from [01m[K/home/bobdobchob/osu-uwrt/development/software/install/behaviortree_cpp/include/behaviortree_cpp/action_node.h:17[m[K,
                 from [01m[K/home/bobdobchob/osu-uwrt/development/software/install/behaviortree_cpp/include/behaviortree_cpp/behavior_tree.h:16[m[K,
                 from [01m[K/home/bobdobchob/osu-uwrt/development/software/src/mercury_autonomy/mercury_autonomy/include/mercury_autonomy/autonomy_base.hpp:15[m[K,
                 from [01m[K/home/bobdobchob/osu-uwrt/development/software/src/mercury_autonomy/mercury_autonomy/include/mercury_autonomy/autonomy_lib.hpp:6[m[K,
                 from [01m[K/home/bobdobchob/osu-uwrt/development/software/src/mercury_autonomy/mercury_autonomy/include/mercury_autonomy/bt_actions/compute_frame_alignment.hpp:5[m[K,
                 from [01m[K/home/bobdobchob/osu-uwrt/development/software/src/mercury_autonomy/mercury_autonomy/src/bt_actions/compute_frame_alignment.cpp:3[m[K:
[01m[K/home/bobdobchob/osu-uwrt/development/software/install/behaviortree_cpp/include/behaviortree_cpp/basic_types.h:484:1:[m[K [01;36m[Knote: [m[Kcandidate: ‘[01m[Kstd::pair<std::__cxx11::basic_string<char>, BT::PortInfo> BT::InputPort(BT::StringView, BT::StringView) [with T = double; BT::StringView = std::basic_string_view<char>][m[K’
  484 | [01;36m[KInputPort[m[K(StringView name, StringView description = {})
      | [01;36m[K^~~~~~~~~[m[K
[01m[K/home/bobdobchob/osu-uwrt/development/software/install/behaviortree_cpp/include/behaviortree_cpp/basic_types.h:484:39:[m[K [01;36m[Knote: [m[K  no known conversion for argument 2 from ‘[01m[Kdouble[m[K’ to ‘[01m[KBT::StringView[m[K’ {aka ‘[01m[Kstd::basic_string_view<char>[m[K’}
  484 | InputPort(StringView name, [01;36m[KStringView description = {}[m[K)
      |                            [01;36m[K~~~~~~~~~~~^~~~~~~~~~~~~~~~[m[K
[01m[K/home/bobdobchob/osu-uwrt/development/software/install/behaviortree_cpp/include/behaviortree_cpp/basic_types.h:554:1:[m[K [01;36m[Knote: [m[Kcandidate: ‘[01m[Ktemplate<class T, class DefaultT> std::pair<std::__cxx11::basic_string<char>, BT::PortInfo> BT::InputPort(BT::StringView, const DefaultT&, BT::StringView)[m[K’
  554 | [01;36m[KInputPort[m[K(StringView name, const DefaultT& default_value, StringView description)
      | [01;36m[K^~~~~~~~~[m[K
[01m[K/home/bobdobchob/osu-uwrt/development/software/install/behaviortree_cpp/include/behaviortree_cpp/basic_types.h:554:1:[m[K [01;36m[Knote: [m[K  template argument deduction/substitution failed:
In file included from [01m[K/home/bobdobchob/osu-uwrt/development/software/src/mercury_autonomy/mercury_autonomy/src/bt_actions/compute_frame_alignment.cpp:3[m[K:
[01m[K/home/bobdobchob/osu-uwrt/development/software/src/mercury_autonomy/mercury_autonomy/include/mercury_autonomy/bt_actions/compute_frame_alignment.hpp:21:28:[m[K [01;36m[Knote: [m[K  candidate expects 3 arguments, 2 provided
   21 |       [01;36m[KBT::InputPort<double>("z", 0.0)[m[K,
      |       [01;36m[K~~~~~~~~~~~~~~~~~~~~~^~~~~~~~~~[m[K
[01m[K/home/bobdobchob/osu-uwrt/development/software/src/mercury_autonomy/mercury_autonomy/include/mercury_autonomy/bt_actions/compute_frame_alignment.hpp:22:28:[m[K [01;31m[Kerror: [m[Kno matching function for call to ‘[01m[KInputPort<double>(const char [3], double)[m[K’
   22 |       [01;31m[KBT::InputPort<double>("or", 0.0)[m[K,
      |       [01;31m[K~~~~~~~~~~~~~~~~~~~~~^~~~~~~~~~~[m[K
In file included from [01m[K/home/bobdobchob/osu-uwrt/development/software/install/behaviortree_cpp/include/behaviortree_cpp/tree_node.h:16[m[K,
                 from [01m[K/home/bobdobchob/osu-uwrt/development/software/install/behaviortree_cpp/include/behaviortree_cpp/leaf_node.h:17[m[K,
                 from [01m[K/home/bobdobchob/osu-uwrt/development/software/install/behaviortree_cpp/include/behaviortree_cpp/action_node.h:17[m[K,
                 from [01m[K/home/bobdobchob/osu-uwrt/development/software/install/behaviortree_cpp/include/behaviortree_cpp/behavior_tree.h:16[m[K,
                 from [01m[K/home/bobdobchob/osu-uwrt/development/software/src/mercury_autonomy/mercury_autonomy/include/mercury_autonomy/autonomy_base.hpp:15[m[K,
                 from [01m[K/home/bobdobchob/osu-uwrt/development/software/src/mercury_autonomy/mercury_autonomy/include/mercury_autonomy/autonomy_lib.hpp:6[m[K,
                 from [01m[K/home/bobdobchob/osu-uwrt/development/software/src/mercury_autonomy/mercury_autonomy/include/mercury_autonomy/bt_actions/compute_frame_alignment.hpp:5[m[K,
                 from [01m[K/home/bobdobchob/osu-uwrt/development/software/src/mercury_autonomy/mercury_autonomy/src/bt_actions/compute_frame_alignment.cpp:3[m[K:
[01m[K/home/bobdobchob/osu-uwrt/development/software/install/behaviortree_cpp/include/behaviortree_cpp/basic_types.h:484:1:[m[K [01;36m[Knote: [m[Kcandidate: ‘[01m[Kstd::pair<std::__cxx11::basic_string<char>, BT::PortInfo> BT::InputPort(BT::StringView, BT::StringView) [with T = double; BT::StringView = std::basic_string_view<char>][m[K’
  484 | [01;36m[KInputPort[m[K(StringView name, StringView description = {})
      | [01;36m[K^~~~~~~~~[m[K
[01m[K/home/bobdobchob/osu-uwrt/development/software/install/behaviortree_cpp/include/behaviortree_cpp/basic_types.h:484:39:[m[K [01;36m[Knote: [m[K  no known conversion for argument 2 from ‘[01m[Kdouble[m[K’ to ‘[01m[KBT::StringView[m[K’ {aka ‘[01m[Kstd::basic_string_view<char>[m[K’}
  484 | InputPort(StringView name, [01;36m[KStringView description = {}[m[K)
      |                            [01;36m[K~~~~~~~~~~~^~~~~~~~~~~~~~~~[m[K
[01m[K/home/bobdobchob/osu-uwrt/development/software/install/behaviortree_cpp/include/behaviortree_cpp/basic_types.h:554:1:[m[K [01;36m[Knote: [m[Kcandidate: ‘[01m[Ktemplate<class T, class DefaultT> std::pair<std::__cxx11::basic_string<char>, BT::PortInfo> BT::InputPort(BT::StringView, const DefaultT&, BT::StringView)[m[K’
  554 | [01;36m[KInputPort[m[K(StringView name, const DefaultT& default_value, StringView description)
      | [01;36m[K^~~~~~~~~[m[K
[01m[K/home/bobdobchob/osu-uwrt/development/software/install/behaviortree_cpp/include/behaviortree_cpp/basic_types.h:554:1:[m[K [01;36m[Knote: [m[K  template argument deduction/substitution failed:
In file included from [01m[K/home/bobdobchob/osu-uwrt/development/software/src/mercury_autonomy/mercury_autonomy/src/bt_actions/compute_frame_alignment.cpp:3[m[K:
[01m[K/home/bobdobchob/osu-uwrt/development/software/src/mercury_autonomy/mercury_autonomy/include/mercury_autonomy/bt_actions/compute_frame_alignment.hpp:22:28:[m[K [01;36m[Knote: [m[K  candidate expects 3 arguments, 2 provided
   22 |       [01;36m[KBT::InputPort<double>("or", 0.0)[m[K,
      |       [01;36m[K~~~~~~~~~~~~~~~~~~~~~^~~~~~~~~~~[m[K
[01m[K/home/bobdobchob/osu-uwrt/development/software/src/mercury_autonomy/mercury_autonomy/include/mercury_autonomy/bt_actions/compute_frame_alignment.hpp:23:28:[m[K [01;31m[Kerror: [m[Kno matching function for call to ‘[01m[KInputPort<double>(const char [3], double)[m[K’
   23 |       [01;31m[KBT::InputPort<double>("op", 0.0)[m[K,
      |       [01;31m[K~~~~~~~~~~~~~~~~~~~~~^~~~~~~~~~~[m[K
In file included from [01m[K/home/bobdobchob/osu-uwrt/development/software/install/behaviortree_cpp/include/behaviortree_cpp/tree_node.h:16[m[K,
                 from [01m[K/home/bobdobchob/osu-uwrt/development/software/install/behaviortree_cpp/include/behaviortree_cpp/leaf_node.h:17[m[K,
                 from [01m[K/home/bobdobchob/osu-uwrt/development/software/install/behaviortree_cpp/include/behaviortree_cpp/action_node.h:17[m[K,
                 from [01m[K/home/bobdobchob/osu-uwrt/development/software/install/behaviortree_cpp/include/behaviortree_cpp/behavior_tree.h:16[m[K,
                 from [01m[K/home/bobdobchob/osu-uwrt/development/software/src/mercury_autonomy/mercury_autonomy/include/mercury_autonomy/autonomy_base.hpp:15[m[K,
                 from [01m[K/home/bobdobchob/osu-uwrt/development/software/src/mercury_autonomy/mercury_autonomy/include/mercury_autonomy/autonomy_lib.hpp:6[m[K,
                 from [01m[K/home/bobdobchob/osu-uwrt/development/software/src/mercury_autonomy/mercury_autonomy/include/mercury_autonomy/bt_actions/compute_frame_alignment.hpp:5[m[K,
                 from [01m[K/home/bobdobchob/osu-uwrt/development/software/src/mercury_autonomy/mercury_autonomy/src/bt_actions/compute_frame_alignment.cpp:3[m[K:
[01m[K/home/bobdobchob/osu-uwrt/development/software/install/behaviortree_cpp/include/behaviortree_cpp/basic_types.h:484:1:[m[K [01;36m[Knote: [m[Kcandidate: ‘[01m[Kstd::pair<std::__cxx11::basic_string<char>, BT::PortInfo> BT::InputPort(BT::StringView, BT::StringView) [with T = double; BT::StringView = std::basic_string_view<char>][m[K’
  484 | [01;36m[KInputPort[m[K(StringView name, StringView description = {})
      | [01;36m[K^~~~~~~~~[m[K
[01m[K/home/bobdobchob/osu-uwrt/development/software/install/behaviortree_cpp/include/behaviortree_cpp/basic_types.h:484:39:[m[K [01;36m[Knote: [m[K  no known conversion for argument 2 from ‘[01m[Kdouble[m[K’ to ‘[01m[KBT::StringView[m[K’ {aka ‘[01m[Kstd::basic_string_view<char>[m[K’}
  484 | InputPort(StringView name, [01;36m[KStringView description = {}[m[K)
      |                            [01;36m[K~~~~~~~~~~~^~~~~~~~~~~~~~~~[m[K
[01m[K/home/bobdobchob/osu-uwrt/development/software/install/behaviortree_cpp/include/behaviortree_cpp/basic_types.h:554:1:[m[K [01;36m[Knote: [m[Kcandidate: ‘[01m[Ktemplate<class T, class DefaultT> std::pair<std::__cxx11::basic_string<char>, BT::PortInfo> BT::InputPort(BT::StringView, const DefaultT&, BT::StringView)[m[K’
  554 | [01;36m[KInputPort[m[K(StringView name, const DefaultT& default_value, StringView description)
      | [01;36m[K^~~~~~~~~[m[K
[01m[K/home/bobdobchob/osu-uwrt/development/software/install/behaviortree_cpp/include/behaviortree_cpp/basic_types.h:554:1:[m[K [01;36m[Knote: [m[K  template argument deduction/substitution failed:
In file included from [01m[K/home/bobdobchob/osu-uwrt/development/software/src/mercury_autonomy/mercury_autonomy/src/bt_actions/compute_frame_alignment.cpp:3[m[K:
[01m[K/home/bobdobchob/osu-uwrt/development/software/src/mercury_autonomy/mercury_autonomy/include/mercury_autonomy/bt_actions/compute_frame_alignment.hpp:23:28:[m[K [01;36m[Knote: [m[K  candidate expects 3 arguments, 2 provided
   23 |       [01;36m[KBT::InputPort<double>("op", 0.0)[m[K,
      |       [01;36m[K~~~~~~~~~~~~~~~~~~~~~^~~~~~~~~~~[m[K
[01m[K/home/bobdobchob/osu-uwrt/development/software/src/mercury_autonomy/mercury_autonomy/include/mercury_autonomy/bt_actions/compute_frame_alignment.hpp:24:28:[m[K [01;31m[Kerror: [m[Kno matching function for call to ‘[01m[KInputPort<double>(const char [3], double)[m[K’
   24 |       [01;31m[KBT::InputPort<double>("oy", 0.0)[m[K,
      |       [01;31m[K~~~~~~~~~~~~~~~~~~~~~^~~~~~~~~~~[m[K
In file included from [01m[K/home/bobdobchob/osu-uwrt/development/software/install/behaviortree_cpp/include/behaviortree_cpp/tree_node.h:16[m[K,
                 from [01m[K/home/bobdobchob/osu-uwrt/development/software/install/behaviortree_cpp/include/behaviortree_cpp/leaf_node.h:17[m[K,
                 from [01m[K/home/bobdobchob/osu-uwrt/development/software/install/behaviortree_cpp/include/behaviortree_cpp/action_node.h:17[m[K,
                 from [01m[K/home/bobdobchob/osu-uwrt/development/software/install/behaviortree_cpp/include/behaviortree_cpp/behavior_tree.h:16[m[K,
                 from [01m[K/home/bobdobchob/osu-uwrt/development/software/src/mercury_autonomy/mercury_autonomy/include/mercury_autonomy/autonomy_base.hpp:15[m[K,
                 from [01m[K/home/bobdobchob/osu-uwrt/development/software/src/mercury_autonomy/mercury_autonomy/include/mercury_autonomy/autonomy_lib.hpp:6[m[K,
                 from [01m[K/home/bobdobchob/osu-uwrt/development/software/src/mercury_autonomy/mercury_autonomy/include/mercury_autonomy/bt_actions/compute_frame_alignment.hpp:5[m[K,
                 from [01m[K/home/bobdobchob/osu-uwrt/development/software/src/mercury_autonomy/mercury_autonomy/src/bt_actions/compute_frame_alignment.cpp:3[m[K:
[01m[K/home/bobdobchob/osu-uwrt/development/software/install/behaviortree_cpp/include/behaviortree_cpp/basic_types.h:484:1:[m[K [01;36m[Knote: [m[Kcandidate: ‘[01m[Kstd::pair<std::__cxx11::basic_string<char>, BT::PortInfo> BT::InputPort(BT::StringView, BT::StringView) [with T = double; BT::StringView = std::basic_string_view<char>][m[K’
  484 | [01;36m[KInputPort[m[K(StringView name, StringView description = {})
      | [01;36m[K^~~~~~~~~[m[K
[01m[K/home/bobdobchob/osu-uwrt/development/software/install/behaviortree_cpp/include/behaviortree_cpp/basic_types.h:484:39:[m[K [01;36m[Knote: [m[K  no known conversion for argument 2 from ‘[01m[Kdouble[m[K’ to ‘[01m[KBT::StringView[m[K’ {aka ‘[01m[Kstd::basic_string_view<char>[m[K’}
  484 | InputPort(StringView name, [01;36m[KStringView description = {}[m[K)
      |                            [01;36m[K~~~~~~~~~~~^~~~~~~~~~~~~~~~[m[K
[01m[K/home/bobdobchob/osu-uwrt/development/software/install/behaviortree_cpp/include/behaviortree_cpp/basic_types.h:554:1:[m[K [01;36m[Knote: [m[Kcandidate: ‘[01m[Ktemplate<class T, class DefaultT> std::pair<std::__cxx11::basic_string<char>, BT::PortInfo> BT::InputPort(BT::StringView, const DefaultT&, BT::StringView)[m[K’
  554 | [01;36m[KInputPort[m[K(StringView name, const DefaultT& default_value, StringView description)
      | [01;36m[K^~~~~~~~~[m[K
[01m[K/home/bobdobchob/osu-uwrt/development/software/install/behaviortree_cpp/include/behaviortree_cpp/basic_types.h:554:1:[m[K [01;36m[Knote: [m[K  template argument deduction/substitution failed:
In file included from [01m[K/home/bobdobchob/osu-uwrt/development/software/src/mercury_autonomy/mercury_autonomy/src/bt_actions/compute_frame_alignment.cpp:3[m[K:
[01m[K/home/bobdobchob/osu-uwrt/development/software/src/mercury_autonomy/mercury_autonomy/include/mercury_autonomy/bt_actions/compute_frame_alignment.hpp:24:28:[m[K [01;36m[Knote: [m[K  candidate expects 3 arguments, 2 provided
   24 |       [01;36m[KBT::InputPort<double>("oy", 0.0)[m[K,
      |       [01;36m[K~~~~~~~~~~~~~~~~~~~~~^~~~~~~~~~~[m[K
[01m[K/home/bobdobchob/osu-uwrt/development/software/src/mercury_autonomy/mercury_autonomy/include/mercury_autonomy/bt_actions/compute_frame_alignment.hpp:34:5:[m[K [01;31m[Kerror: [m[Kcould not convert ‘[01m[K{<expression error>, <expression error>, <expression error>, <expression error>, <expression error>, <expression error>, BT::InputPort(BT::StringView, BT::StringView) [with T = std::__cxx11::basic_string<char>; BT::StringView = std::basic_string_view<char>](std::basic_string_view<char>(((const char*)"Reference TF frame"))), BT::InputPort(BT::StringView, BT::StringView) [with T = std::__cxx11::basic_string<char>; BT::StringView = std::basic_string_view<char>](std::basic_string_view<char>(((const char*)"Link TF frame"))), BT::InputPort(BT::StringView, BT::StringView) [with T = std::__cxx11::basic_string<char>; BT::StringView = std::basic_string_view<char>](std::basic_string_view<char>(((const char*)"Base TF frame"))), BT::OutputPort(BT::StringView, BT::StringView) [with T = double; BT::StringView = std::basic_string_view<char>](std::basic_string_view<char>(((const char*)"Aligned X"))), BT::OutputPort(BT::StringView, BT::StringView) [with T = double; BT::StringView = std::basic_string_view<char>](std::basic_string_view<char>(((const char*)"Aligned Y"))), BT::OutputPort(BT::StringView, BT::StringView) [with T = double; BT::StringView = std::basic_string_view<char>](std::basic_string_view<char>(((const char*)"Aligned Z"))), BT::OutputPort(BT::StringView, BT::StringView) [with T = double; BT::StringView = std::basic_string_view<char>](std::basic_string_view<char>(((const char*)"Aligned roll"))), BT::OutputPort(BT::StringView, BT::StringView) [with T = double; BT::StringView = std::basic_string_view<char>](std::basic_string_view<char>(((const char*)"Aligned pitch"))), BT::OutputPort(BT::StringView, BT::StringView) [with T = double; BT::StringView = std::basic_string_view<char>](std::basic_string_view<char>(((const char*)"Aligned yaw")))}[m[K’ from ‘[01m[K<brace-enclosed initializer list>[m[K’ to ‘[01m[KBT::PortsList[m[K’ {aka ‘[01m[Kstd::unordered_map<std::__cxx11::basic_string<char>, BT::PortInfo>[m[K’}
   34 |     [01;31m[K}[m[K;
      |     [01;31m[K^[m[K
      |     [01;31m[K|[m[K
      |     [01;31m[K<brace-enclosed initializer list>[m[K
[ 72%] [32m[1mLinking CXX executable tree_executor[0m
[01m[K/home/bobdobchob/osu-uwrt/development/software/src/mercury_autonomy/mercury_autonomy/src/bt_actions/compute_frame_alignment.cpp:[m[K In member function ‘[01m[Kvirtual BT::NodeStatus mercury_autonomy::ComputeFrameAlignment::onRunning()[m[K’:
[01m[K/home/bobdobchob/osu-uwrt/development/software/src/mercury_autonomy/mercury_autonomy/src/bt_actions/compute_frame_alignment.cpp:45:35:[m[K [01;31m[Kerror: [m[K‘[01m[KgeometryMsgsToTf2Transform[m[K’ was not declared in this scope
   45 |     const tf2::Transform tf_ttb = [01;31m[KgeometryMsgsToTf2Transform[m[K(geom_ttb_);
      |                                   [01;31m[K^~~~~~~~~~~~~~~~~~~~~~~~~~[m[K
[01m[K/home/bobdobchob/osu-uwrt/development/software/src/mercury_autonomy/mercury_autonomy/src/bt_actions/compute_frame_alignment.cpp:50:22:[m[K [01;31m[Kerror: [m[K‘[01m[Ktf2TransformToGeometryMsgs[m[K’ was not declared in this scope
   50 |     const auto out = [01;31m[Ktf2TransformToGeometryMsgs[m[K(tf_twb);
      |                      [01;31m[K^~~~~~~~~~~~~~~~~~~~~~~~~~[m[K
[ 72%] Built target tree_executor
[ 74%] [32mBuilding CXX object CMakeFiles/mercury_bt_actions.dir/src/bt_actions/get_odometry.cpp.o[0m
[ 75%] [32mBuilding CXX object CMakeFiles/mercury_bt_actions.dir/src/bt_actions/get_twist_topic.cpp.o[0m
In file included from [01m[K/home/bobdobchob/osu-uwrt/development/software/src/mercury_autonomy/mercury_autonomy/src/bt_actions/get_float64_topic.cpp:3[m[K:
[01m[K/home/bobdobchob/osu-uwrt/development/software/src/mercury_autonomy/mercury_autonomy/include/mercury_autonomy/bt_actions/get_float64_topic.hpp:33:39:[m[K [01;31m[Kerror: [m[K‘[01m[KFloat64[m[K’ is not a member of ‘[01m[Kstd_msgs::msg[m[K’
   33 |   rclcpp::Subscription<std_msgs::msg::[01;31m[KFloat64[m[K>::SharedPtr sub_;
      |                                       [01;31m[K^~~~~~~[m[K
[ 76%] [32mBuilding CXX object CMakeFiles/mercury_bt_actions.dir/src/bt_actions/publish_bool.cpp.o[0m
[01m[K/home/bobdobchob/osu-uwrt/development/software/src/mercury_autonomy/mercury_autonomy/include/mercury_autonomy/bt_actions/get_float64_topic.hpp:33:46:[m[K [01;31m[Kerror: [m[Ktemplate argument 1 is invalid
   33 |   rclcpp::Subscription<std_msgs::msg::Float64[01;31m[K>[m[K::SharedPtr sub_;
      |                                              [01;31m[K^[m[K
[01m[K/home/bobdobchob/osu-uwrt/development/software/src/mercury_autonomy/mercury_autonomy/include/mercury_autonomy/bt_actions/get_float64_topic.hpp:33:46:[m[K [01;31m[Kerror: [m[Ktemplate argument 3 is invalid
[01m[K/home/bobdobchob/osu-uwrt/development/software/src/mercury_autonomy/mercury_autonomy/include/mercury_autonomy/bt_actions/get_float64_topic.hpp:33:46:[m[K [01;31m[Kerror: [m[Ktemplate argument 4 is invalid
[01m[K/home/bobdobchob/osu-uwrt/development/software/src/mercury_autonomy/mercury_autonomy/include/mercury_autonomy/bt_actions/get_float64_topic.hpp:33:46:[m[K [01;31m[Kerror: [m[Ktemplate argument 5 is invalid
[01m[K/home/bobdobchob/osu-uwrt/development/software/src/mercury_autonomy/mercury_autonomy/include/mercury_autonomy/bt_actions/get_float64_topic.hpp:33:49:[m[K [01;31m[Kerror: [m[Kexpected ‘[01m[K;[m[K’ at end of member declaration
   33 |   rclcpp::Subscription<std_msgs::msg::Float64>::[01;31m[KSharedPtr[m[K sub_;
      |                                                 [01;31m[K^~~~~~~~~[m[K
      |                                                          [32m[K;[m[K
[01m[K/home/bobdobchob/osu-uwrt/development/software/src/mercury_autonomy/mercury_autonomy/include/mercury_autonomy/bt_actions/get_float64_topic.hpp:33:59:[m[K [01;31m[Kerror: [m[K‘[01m[Ksub_[m[K’ does not name a type
   33 |   rclcpp::Subscription<std_msgs::msg::Float64>::SharedPtr [01;31m[Ksub_[m[K;
      |                                                           [01;31m[K^~~~[m[K
[01m[K/home/bobdobchob/osu-uwrt/development/software/src/mercury_autonomy/mercury_autonomy/src/bt_actions/get_float64_topic.cpp:[m[K In member function ‘[01m[Kvirtual BT::NodeStatus mercury_autonomy::GetFloat64Topic::onStart()[m[K’:
[01m[K/home/bobdobchob/osu-uwrt/development/software/src/mercury_autonomy/mercury_autonomy/src/bt_actions/get_float64_topic.cpp:25:3:[m[K [01;31m[Kerror: [m[K‘[01m[Ksub_[m[K’ was not declared in this scope
   25 |   [01;31m[Ksub_[m[K = rosNode()->create_subscription<std_msgs::msg::Float64>(
      |   [01;31m[K^~~~[m[K
[01m[K/home/bobdobchob/osu-uwrt/development/software/src/mercury_autonomy/mercury_autonomy/src/bt_actions/get_float64_topic.cpp:25:56:[m[K [01;31m[Kerror: [m[K‘[01m[KFloat64[m[K’ is not a member of ‘[01m[Kstd_msgs::msg[m[K’
   25 |   sub_ = rosNode()->create_subscription<std_msgs::msg::[01;31m[KFloat64[m[K>(
      |                                                        [01;31m[K^~~~~~~[m[K
[01m[K/home/bobdobchob/osu-uwrt/development/software/src/mercury_autonomy/mercury_autonomy/src/bt_actions/get_float64_topic.cpp:27:27:[m[K [01;31m[Kerror: [m[K‘[01m[Kstd_msgs::msg::Float64[m[K’ has not been declared
   27 |     [this](std_msgs::msg::[01;31m[KFloat64[m[K::SharedPtr msg) {
      |                           [01;31m[K^~~~~~~[m[K
[01m[K/home/bobdobchob/osu-uwrt/development/software/src/mercury_autonomy/mercury_autonomy/src/bt_actions/get_float64_topic.cpp:27:46:[m[K [01;31m[Kerror: [m[Kexpected ‘[01m[K,[m[K’ or ‘[01m[K...[m[K’ before ‘[01m[Kmsg[m[K’
   27 |     [this](std_msgs::msg::Float64::SharedPtr [01;31m[Kmsg[m[K) {
      |                                              [01;31m[K^~~[m[K
[01m[K/home/bobdobchob/osu-uwrt/development/software/src/mercury_autonomy/mercury_autonomy/src/bt_actions/get_float64_topic.cpp:[m[K In lambda function:
[01m[K/home/bobdobchob/osu-uwrt/development/software/src/mercury_autonomy/mercury_autonomy/src/bt_actions/get_float64_topic.cpp:28:25:[m[K [01;31m[Kerror: [m[K‘[01m[Kmsg[m[K’ was not declared in this scope
   28 |       received_value_ = [01;31m[Kmsg[m[K->data;
      |                         [01;31m[K^~~[m[K
[01m[K/home/bobdobchob/osu-uwrt/development/software/src/mercury_autonomy/mercury_autonomy/src/bt_actions/get_float64_topic.cpp:28:25:[m[K [01;36m[Knote: [m[Ksuggested alternatives:
In file included from [01m[K/opt/ros/humble/include/builtin_interfaces/builtin_interfaces/msg/duration.hpp:7[m[K,
                 from [01m[K/opt/ros/humble/include/rclcpp/rclcpp/duration.hpp:20[m[K,
                 from [01m[K/opt/ros/humble/include/rclcpp/rclcpp/qos.hpp:20[m[K,
                 from [01m[K/opt/ros/humble/include/rclcpp/rclcpp/node_interfaces/node_graph_interface.hpp:32[m[K,
                 from [01m[K/opt/ros/humble/include/rclcpp/rclcpp/client.hpp:42[m[K,
                 from [01m[K/opt/ros/humble/include/rclcpp/rclcpp/callback_group.hpp:24[m[K,
                 from [01m[K/opt/ros/humble/include/rclcpp/rclcpp/any_executable.hpp:20[m[K,
                 from [01m[K/opt/ros/humble/include/rclcpp/rclcpp/memory_strategy.hpp:25[m[K,
                 from [01m[K/opt/ros/humble/include/rclcpp/rclcpp/memory_strategies.hpp:18[m[K,
                 from [01m[K/opt/ros/humble/include/rclcpp/rclcpp/executor_options.hpp:20[m[K,
                 from [01m[K/opt/ros/humble/include/rclcpp/rclcpp/executor.hpp:37[m[K,
                 from [01m[K/opt/ros/humble/include/rclcpp/rclcpp/executors/multi_threaded_executor.hpp:25[m[K,
                 from [01m[K/opt/ros/humble/include/rclcpp/rclcpp/executors.hpp:21[m[K,
                 from [01m[K/opt/ros/humble/include/rclcpp/rclcpp/rclcpp.hpp:155[m[K,
                 from [01m[K/home/bobdobchob/osu-uwrt/development/software/src/mercury_autonomy/mercury_autonomy/include/mercury_autonomy/autonomy_base.hpp:20[m[K,
                 from [01m[K/home/bobdobchob/osu-uwrt/development/software/src/mercury_autonomy/mercury_autonomy/include/mercury_autonomy/autonomy_lib.hpp:6[m[K,
                 from [01m[K/home/bobdobchob/osu-uwrt/development/software/src/mercury_autonomy/mercury_autonomy/include/mercury_autonomy/bt_actions/get_float64_topic.hpp:5[m[K,
                 from [01m[K/home/bobdobchob/osu-uwrt/development/software/src/mercury_autonomy/mercury_autonomy/src/bt_actions/get_float64_topic.cpp:3[m[K:
[01m[K/opt/ros/humble/include/builtin_interfaces/builtin_interfaces/msg/detail/duration__struct.hpp:27:11:[m[K [01;36m[Knote: [m[K  ‘[01m[Kbuiltin_interfaces::msg[m[K’
   27 | namespace [01;36m[Kmsg[m[K
      |           [01;36m[K^~~[m[K
In file included from [01m[K/opt/ros/humble/include/rcl_interfaces/rcl_interfaces/msg/set_parameters_result.hpp:7[m[K,
                 from [01m[K/opt/ros/humble/include/rclcpp/rclcpp/qos_overriding_options.hpp:28[m[K,
                 from [01m[K/opt/ros/humble/include/rclcpp/rclcpp/subscription_options.hpp:30[m[K,
                 from [01m[K/opt/ros/humble/include/rclcpp/rclcpp/subscription.hpp:45[m[K,
                 from [01m[K/opt/ros/humble/include/rclcpp/rclcpp/any_executable.hpp:25[m[K,
                 from [01m[K/opt/ros/humble/include/rclcpp/rclcpp/memory_strategy.hpp:25[m[K,
                 from [01m[K/opt/ros/humble/include/rclcpp/rclcpp/memory_strategies.hpp:18[m[K,
                 from [01m[K/opt/ros/humble/include/rclcpp/rclcpp/executor_options.hpp:20[m[K,
                 from [01m[K/opt/ros/humble/include/rclcpp/rclcpp/executor.hpp:37[m[K,
                 from [01m[K/opt/ros/humble/include/rclcpp/rclcpp/executors/multi_threaded_executor.hpp:25[m[K,
                 from [01m[K/opt/ros/humble/include/rclcpp/rclcpp/executors.hpp:21[m[K,
                 from [01m[K/opt/ros/humble/include/rclcpp/rclcpp/rclcpp.hpp:155[m[K,
                 from [01m[K/home/bobdobchob/osu-uwrt/development/software/src/mercury_autonomy/mercury_autonomy/include/mercury_autonomy/autonomy_base.hpp:20[m[K,
                 from [01m[K/home/bobdobchob/osu-uwrt/development/software/src/mercury_autonomy/mercury_autonomy/include/mercury_autonomy/autonomy_lib.hpp:6[m[K,
                 from [01m[K/home/bobdobchob/osu-uwrt/development/software/src/mercury_autonomy/mercury_autonomy/include/mercury_autonomy/bt_actions/get_float64_topic.hpp:5[m[K,
                 from [01m[K/home/bobdobchob/osu-uwrt/development/software/src/mercury_autonomy/mercury_autonomy/src/bt_actions/get_float64_topic.cpp:3[m[K:
[01m[K/opt/ros/humble/include/rcl_interfaces/rcl_interfaces/msg/detail/set_parameters_result__struct.hpp:27:11:[m[K [01;36m[Knote: [m[K  ‘[01m[Krcl_interfaces::msg[m[K’
   27 | namespace [01;36m[Kmsg[m[K
      |           [01;36m[K^~~[m[K
In file included from [01m[K/opt/ros/humble/include/statistics_msgs/statistics_msgs/msg/detail/metrics_message__struct.hpp:23[m[K,
                 from [01m[K/opt/ros/humble/include/statistics_msgs/statistics_msgs/msg/metrics_message.hpp:7[m[K,
                 from [01m[K/opt/ros/humble/include/libstatistics_collector/libstatistics_collector/collector/generate_statistics_message.hpp:21[m[K,
                 from [01m[K/opt/ros/humble/include/rclcpp/rclcpp/topic_statistics/subscription_topic_statistics.hpp:23[m[K,
                 from [01m[K/opt/ros/humble/include/rclcpp/rclcpp/subscription.hpp:50[m[K,
                 from [01m[K/opt/ros/humble/include/rclcpp/rclcpp/any_executable.hpp:25[m[K,
                 from [01m[K/opt/ros/humble/include/rclcpp/rclcpp/memory_strategy.hpp:25[m[K,
                 from [01m[K/opt/ros/humble/include/rclcpp/rclcpp/memory_strategies.hpp:18[m[K,
                 from [01m[K/opt/ros/humble/include/rclcpp/rclcpp/executor_options.hpp:20[m[K,
                 from [01m[K/opt/ros/humble/include/rclcpp/rclcpp/executor.hpp:37[m[K,
                 from [01m[K/opt/ros/humble/include/rclcpp/rclcpp/executors/multi_threaded_executor.hpp:25[m[K,
                 from [01m[K/opt/ros/humble/include/rclcpp/rclcpp/executors.hpp:21[m[K,
                 from [01m[K/opt/ros/humble/include/rclcpp/rclcpp/rclcpp.hpp:155[m[K,
                 from [01m[K/home/bobdobchob/osu-uwrt/development/software/src/mercury_autonomy/mercury_autonomy/include/mercury_autonomy/autonomy_base.hpp:20[m[K,
                 from [01m[K/home/bobdobchob/osu-uwrt/development/software/src/mercury_autonomy/mercury_autonomy/include/mercury_autonomy/autonomy_lib.hpp:6[m[K,
                 from [01m[K/home/bobdobchob/osu-uwrt/development/software/src/mercury_autonomy/mercury_autonomy/include/mercury_autonomy/bt_actions/get_float64_topic.hpp:5[m[K,
                 from [01m[K/home/bobdobchob/osu-uwrt/development/software/src/mercury_autonomy/mercury_autonomy/src/bt_actions/get_float64_topic.cpp:3[m[K:
[01m[K/opt/ros/humble/include/statistics_msgs/statistics_msgs/msg/detail/statistic_data_point__struct.hpp:27:11:[m[K [01;36m[Knote: [m[K  ‘[01m[Kstatistics_msgs::msg[m[K’
   27 | namespace [01;36m[Kmsg[m[K
      |           [01;36m[K^~~[m[K
In file included from [01m[K/opt/ros/humble/include/action_msgs/action_msgs/msg/detail/goal_info__struct.hpp:20[m[K,
                 from [01m[K/opt/ros/humble/include/action_msgs/action_msgs/msg/detail/goal_status__struct.hpp:20[m[K,
                 from [01m[K/opt/ros/humble/include/action_msgs/action_msgs/msg/goal_status.hpp:7[m[K,
                 from [01m[K/opt/ros/humble/include/rclcpp_action/rclcpp_action/client_goal_handle.hpp:25[m[K,
                 from [01m[K/opt/ros/humble/include/rclcpp_action/rclcpp_action/client.hpp:43[m[K,
                 from [01m[K/opt/ros/humble/include/rclcpp_action/rclcpp_action/rclcpp_action.hpp:36[m[K,
                 from [01m[K/home/bobdobchob/osu-uwrt/development/software/src/mercury_autonomy/mercury_autonomy/include/mercury_autonomy/autonomy_base.hpp:21[m[K,
                 from [01m[K/home/bobdobchob/osu-uwrt/development/software/src/mercury_autonomy/mercury_autonomy/include/mercury_autonomy/autonomy_lib.hpp:6[m[K,
                 from [01m[K/home/bobdobchob/osu-uwrt/development/software/src/mercury_autonomy/mercury_autonomy/include/mercury_autonomy/bt_actions/get_float64_topic.hpp:5[m[K,
                 from [01m[K/home/bobdobchob/osu-uwrt/development/software/src/mercury_autonomy/mercury_autonomy/src/bt_actions/get_float64_topic.cpp:3[m[K:
[01m[K/opt/ros/humble/include/unique_identifier_msgs/unique_identifier_msgs/msg/detail/uuid__struct.hpp:27:11:[m[K [01;36m[Knote: [m[K  ‘[01m[Kunique_identifier_msgs::msg[m[K’
   27 | namespace [01;36m[Kmsg[m[K
      |           [01;36m[K^~~[m[K
In file included from [01m[K/opt/ros/humble/include/action_msgs/action_msgs/msg/detail/goal_status__struct.hpp:20[m[K,
                 from [01m[K/opt/ros/humble/include/action_msgs/action_msgs/msg/goal_status.hpp:7[m[K,
                 from [01m[K/opt/ros/humble/include/rclcpp_action/rclcpp_action/client_goal_handle.hpp:25[m[K,
                 from [01m[K/opt/ros/humble/include/rclcpp_action/rclcpp_action/client.hpp:43[m[K,
                 from [01m[K/opt/ros/humble/include/rclcpp_action/rclcpp_action/rclcpp_action.hpp:36[m[K,
                 from [01m[K/home/bobdobchob/osu-uwrt/development/software/src/mercury_autonomy/mercury_autonomy/include/mercury_autonomy/autonomy_base.hpp:21[m[K,
                 from [01m[K/home/bobdobchob/osu-uwrt/development/software/src/mercury_autonomy/mercury_autonomy/include/mercury_autonomy/autonomy_lib.hpp:6[m[K,
                 from [01m[K/home/bobdobchob/osu-uwrt/development/software/src/mercury_autonomy/mercury_autonomy/include/mercury_autonomy/bt_actions/get_float64_topic.hpp:5[m[K,
                 from [01m[K/home/bobdobchob/osu-uwrt/development/software/src/mercury_autonomy/mercury_autonomy/src/bt_actions/get_float64_topic.cpp:3[m[K:
[01m[K/opt/ros/humble/include/action_msgs/action_msgs/msg/detail/goal_info__struct.hpp:33:11:[m[K [01;36m[Knote: [m[K  ‘[01m[Kaction_msgs::msg[m[K’
   33 | namespace [01;36m[Kmsg[m[K
      |           [01;36m[K^~~[m[K
In file included from [01m[K/opt/ros/humble/include/geometry_msgs/geometry_msgs/msg/detail/transform_stamped__struct.hpp:20[m[K,
                 from [01m[K/opt/ros/humble/include/geometry_msgs/geometry_msgs/msg/transform_stamped.hpp:7[m[K,
                 from [01m[K/opt/ros/humble/include/tf2/tf2/buffer_core.hpp:48[m[K,
                 from [01m[K/opt/ros/humble/include/tf2_ros/tf2_ros/async_buffer_interface.h:39[m[K,
                 from [01m[K/opt/ros/humble/include/tf2_ros/tf2_ros/buffer.h:41[m[K,
                 from [01m[K/home/bobdobchob/osu-uwrt/development/software/src/mercury_autonomy/mercury_autonomy/include/mercury_autonomy/autonomy_base.hpp:28[m[K,
                 from [01m[K/home/bobdobchob/osu-uwrt/development/software/src/mercury_autonomy/mercury_autonomy/include/mercury_autonomy/autonomy_lib.hpp:6[m[K,
                 from [01m[K/home/bobdobchob/osu-uwrt/development/software/src/mercury_autonomy/mercury_autonomy/include/mercury_autonomy/bt_actions/get_float64_topic.hpp:5[m[K,
                 from [01m[K/home/bobdobchob/osu-uwrt/development/software/src/mercury_autonomy/mercury_autonomy/src/bt_actions/get_float64_topic.cpp:3[m[K:
[01m[K/opt/ros/humble/include/std_msgs/std_msgs/msg/detail/header__struct.hpp:31:11:[m[K [01;36m[Knote: [m[K  ‘[01m[Kstd_msgs::msg[m[K’
   31 | namespace [01;36m[Kmsg[m[K
      |           [01;36m[K^~~[m[K
In file included from [01m[K/opt/ros/humble/include/geometry_msgs/geometry_msgs/msg/detail/transform__struct.hpp:20[m[K,
                 from [01m[K/opt/ros/humble/include/geometry_msgs/geometry_msgs/msg/detail/transform_stamped__struct.hpp:22[m[K,
                 from [01m[K/opt/ros/humble/include/geometry_msgs/geometry_msgs/msg/transform_stamped.hpp:7[m[K,
                 from [01m[K/opt/ros/humble/include/tf2/tf2/buffer_core.hpp:48[m[K,
                 from [01m[K/opt/ros/humble/include/tf2_ros/tf2_ros/async_buffer_interface.h:39[m[K,
                 from [01m[K/opt/ros/humble/include/tf2_ros/tf2_ros/buffer.h:41[m[K,
                 from [01m[K/home/bobdobchob/osu-uwrt/development/software/src/mercury_autonomy/mercury_autonomy/include/mercury_autonomy/autonomy_base.hpp:28[m[K,
                 from [01m[K/home/bobdobchob/osu-uwrt/development/software/src/mercury_autonomy/mercury_autonomy/include/mercury_autonomy/autonomy_lib.hpp:6[m[K,
                 from [01m[K/home/bobdobchob/osu-uwrt/development/software/src/mercury_autonomy/mercury_autonomy/include/mercury_autonomy/bt_actions/get_float64_topic.hpp:5[m[K,
                 from [01m[K/home/bobdobchob/osu-uwrt/development/software/src/mercury_autonomy/mercury_autonomy/src/bt_actions/get_float64_topic.cpp:3[m[K:
[01m[K/opt/ros/humble/include/geometry_msgs/geometry_msgs/msg/detail/vector3__struct.hpp:27:11:[m[K [01;36m[Knote: [m[K  ‘[01m[Kgeometry_msgs::msg[m[K’
   27 | namespace [01;36m[Kmsg[m[K
      |           [01;36m[K^~~[m[K
In file included from [01m[K/opt/ros/humble/include/tf2_msgs/tf2_msgs/msg/tf_message.hpp:7[m[K,
                 from [01m[K/opt/ros/humble/include/tf2_ros/tf2_ros/transform_listener.h:44[m[K,
                 from [01m[K/home/bobdobchob/osu-uwrt/development/software/src/mercury_autonomy/mercury_autonomy/include/mercury_autonomy/autonomy_base.hpp:29[m[K,
                 from [01m[K/home/bobdobchob/osu-uwrt/development/software/src/mercury_autonomy/mercury_autonomy/include/mercury_autonomy/autonomy_lib.hpp:6[m[K,
                 from [01m[K/home/bobdobchob/osu-uwrt/development/software/src/mercury_autonomy/mercury_autonomy/include/mercury_autonomy/bt_actions/get_float64_topic.hpp:5[m[K,
                 from [01m[K/home/bobdobchob/osu-uwrt/development/software/src/mercury_autonomy/mercury_autonomy/src/bt_actions/get_float64_topic.cpp:3[m[K:
[01m[K/opt/ros/humble/include/tf2_msgs/tf2_msgs/msg/detail/tf_message__struct.hpp:31:11:[m[K [01;36m[Knote: [m[K  ‘[01m[Ktf2_msgs::msg[m[K’
   31 | namespace [01;36m[Kmsg[m[K
      |           [01;36m[K^~~[m[K
In file included from [01m[K/opt/ros/humble/include/nav_msgs/nav_msgs/msg/odometry.hpp:7[m[K,
                 from [01m[K/home/bobdobchob/osu-uwrt/development/software/src/mercury_autonomy/mercury_autonomy/include/mercury_autonomy/autonomy_base.hpp:39[m[K,
                 from [01m[K/home/bobdobchob/osu-uwrt/development/software/src/mercury_autonomy/mercury_autonomy/include/mercury_autonomy/autonomy_lib.hpp:6[m[K,
                 from [01m[K/home/bobdobchob/osu-uwrt/development/software/src/mercury_autonomy/mercury_autonomy/include/mercury_autonomy/bt_actions/get_float64_topic.hpp:5[m[K,
                 from [01m[K/home/bobdobchob/osu-uwrt/development/software/src/mercury_autonomy/mercury_autonomy/src/bt_actions/get_float64_topic.cpp:3[m[K:
[01m[K/opt/ros/humble/include/nav_msgs/nav_msgs/msg/detail/odometry__struct.hpp:35:11:[m[K [01;36m[Knote: [m[K  ‘[01m[Knav_msgs::msg[m[K’
   35 | namespace [01;36m[Kmsg[m[K
      |           [01;36m[K^~~[m[K
In file included from [01m[K/opt/ros/humble/include/sensor_msgs/sensor_msgs/msg/imu.hpp:7[m[K,
                 from [01m[K/home/bobdobchob/osu-uwrt/development/software/src/mercury_autonomy/mercury_autonomy/include/mercury_autonomy/autonomy_base.hpp:40[m[K,
                 from [01m[K/home/bobdobchob/osu-uwrt/development/software/src/mercury_autonomy/mercury_autonomy/include/mercury_autonomy/autonomy_lib.hpp:6[m[K,
                 from [01m[K/home/bobdobchob/osu-uwrt/development/software/src/mercury_autonomy/mercury_autonomy/include/mercury_autonomy/bt_actions/get_float64_topic.hpp:5[m[K,
                 from [01m[K/home/bobdobchob/osu-uwrt/development/software/src/mercury_autonomy/mercury_autonomy/src/bt_actions/get_float64_topic.cpp:3[m[K:
[01m[K/opt/ros/humble/include/sensor_msgs/sensor_msgs/msg/detail/imu__struct.hpp:36:11:[m[K [01;36m[Knote: [m[K  ‘[01m[Ksensor_msgs::msg[m[K’
   36 | namespace [01;36m[Kmsg[m[K
      |           [01;36m[K^~~[m[K
[01m[K/home/bobdobchob/osu-uwrt/development/software/src/mercury_autonomy/mercury_autonomy/src/bt_actions/get_float64_topic.cpp:27:36:[m[K [01;35m[Kwarning: [m[Kunused parameter ‘[01m[KSharedPtr[m[K’ [[01;35m[K]8;;https://gcc.gnu.org/onlinedocs/gcc/Warning-Options.html#index-Wunused-parameter-Wunused-parameter]8;;[m[K]
   27 |     [this]([01;35m[Kstd_msgs::msg::Float64::SharedPtr[m[K msg) {
      |            [01;35m[K~~~~~~~~~~~~~~~~~~~~~~~~^~~~~~~~~[m[K
[01m[K/home/bobdobchob/osu-uwrt/development/software/src/mercury_autonomy/mercury_autonomy/src/bt_actions/get_float64_topic.cpp:[m[K In member function ‘[01m[Kvirtual BT::NodeStatus mercury_autonomy::GetFloat64Topic::onStart()[m[K’:
[01m[K/home/bobdobchob/osu-uwrt/development/software/src/mercury_autonomy/mercury_autonomy/src/bt_actions/get_float64_topic.cpp:25:64:[m[K [01;31m[Kerror: [m[Kno matching function for call to ‘[01m[Krclcpp::Node::create_subscription<<expression error> >(nonstd::expected_lite::expected<std::__cxx11::basic_string<char>, std::__cxx11::basic_string<char> >::value_type&, rclcpp::SensorDataQoS, mercury_autonomy::GetFloat64Topic::onStart()::<lambda(int)>)[m[K’
   25 |   sub_ = [01;31m[KrosNode()->create_subscription<std_msgs::msg::Float64>([m[K
      |          [01;31m[K~~~~~~~~~~~~~~~~~~~~~~~~~~~~~~~~~~~~~~~~~~~~~~~~~~~~~~^[m[K
   26 | [01;31m[K    topic.value(), rclcpp::SensorDataQoS(),[m[K
      |     [01;31m[K~~~~~~~~~~~~~~~~~~~~~~~~~~~~~~~~~~~~~~~[m[K                     
   27 | [01;31m[K    [this](std_msgs::msg::Float64::SharedPtr msg) {[m[K
      |     [01;31m[K~~~~~~~~~~~~~~~~~~~~~~~~~~~~~~~~~~~~~~~~~~~~~~~[m[K             
   28 | [01;31m[K      received_value_ = msg->data;[m[K
      |       [01;31m[K~~~~~~~~~~~~~~~~~~~~~~~~~~~~[m[K                              
   29 | [01;31m[K      data_received_ = true;[m[K
      |       [01;31m[K~~~~~~~~~~~~~~~~~~~~~~[m[K                                    
   30 | [01;31m[K    })[m[K;
      |     [01;31m[K~~[m[K                                                          
In file included from [01m[K/opt/ros/humble/include/rclcpp/rclcpp/executors/single_threaded_executor.hpp:28[m[K,
                 from [01m[K/opt/ros/humble/include/rclcpp/rclcpp/executors.hpp:22[m[K,
                 from [01m[K/opt/ros/humble/include/rclcpp/rclcpp/rclcpp.hpp:155[m[K,
                 from [01m[K/home/bobdobchob/osu-uwrt/development/software/src/mercury_autonomy/mercury_autonomy/include/mercury_autonomy/autonomy_base.hpp:20[m[K,
                 from [01m[K/home/bobdobchob/osu-uwrt/development/software/src/mercury_autonomy/mercury_autonomy/include/mercury_autonomy/autonomy_lib.hpp:6[m[K,
                 from [01m[K/home/bobdobchob/osu-uwrt/development/software/src/mercury_autonomy/mercury_autonomy/include/mercury_autonomy/bt_actions/get_float64_topic.hpp:5[m[K,
                 from [01m[K/home/bobdobchob/osu-uwrt/development/software/src/mercury_autonomy/mercury_autonomy/src/bt_actions/get_float64_topic.cpp:3[m[K:
[01m[K/opt/ros/humble/include/rclcpp/rclcpp/node.hpp:219:3:[m[K [01;36m[Knote: [m[Kcandidate: ‘[01m[Ktemplate<class MessageT, class CallbackT, class AllocatorT, class SubscriptionT, class MessageMemoryStrategyT> std::shared_ptr<ROSMessageT> rclcpp::Node::create_subscription(const string&, const rclcpp::QoS&, CallbackT&&, const rclcpp::SubscriptionOptionsWithAllocator<AllocatorT>&, typename MessageMemoryStrategyT::SharedPtr)[m[K’
  219 |   [01;36m[Kcreate_subscription[m[K(
      |   [01;36m[K^~~~~~~~~~~~~~~~~~~[m[K
[01m[K/opt/ros/humble/include/rclcpp/rclcpp/node.hpp:219:3:[m[K [01;36m[Knote: [m[K  template argument deduction/substitution failed:
[01m[K/home/bobdobchob/osu-uwrt/development/software/src/mercury_autonomy/mercury_autonomy/src/bt_actions/get_float64_topic.cpp:25:64:[m[K [01;31m[Kerror: [m[Ktemplate argument 1 is invalid
   25 |   sub_ = [01;31m[KrosNode()->create_subscription<std_msgs::msg::Float64>([m[K
      |          [01;31m[K~~~~~~~~~~~~~~~~~~~~~~~~~~~~~~~~~~~~~~~~~~~~~~~~~~~~~~^[m[K
   26 | [01;31m[K    topic.value(), rclcpp::SensorDataQoS(),[m[K
      |     [01;31m[K~~~~~~~~~~~~~~~~~~~~~~~~~~~~~~~~~~~~~~~[m[K                     
   27 | [01;31m[K    [this](std_msgs::msg::Float64::SharedPtr msg) {[m[K
      |     [01;31m[K~~~~~~~~~~~~~~~~~~~~~~~~~~~~~~~~~~~~~~~~~~~~~~~[m[K             
   28 | [01;31m[K      received_value_ = msg->data;[m[K
      |       [01;31m[K~~~~~~~~~~~~~~~~~~~~~~~~~~~~[m[K                              
   29 | [01;31m[K      data_received_ = true;[m[K
      |       [01;31m[K~~~~~~~~~~~~~~~~~~~~~~[m[K                                    
   30 | [01;31m[K    })[m[K;
      |     [01;31m[K~~[m[K                                                          
[01m[K/home/bobdobchob/osu-uwrt/development/software/src/mercury_autonomy/mercury_autonomy/src/bt_actions/get_float64_topic.cpp:[m[K In member function ‘[01m[Kvirtual BT::NodeStatus mercury_autonomy::GetFloat64Topic::onRunning()[m[K’:
[01m[K/home/bobdobchob/osu-uwrt/development/software/src/mercury_autonomy/mercury_autonomy/src/bt_actions/get_float64_topic.cpp:39:5:[m[K [01;31m[Kerror: [m[K‘[01m[Ksub_[m[K’ was not declared in this scope
   39 |     [01;31m[Ksub_[m[K.reset();
      |     [01;31m[K^~~~[m[K
[01m[K/home/bobdobchob/osu-uwrt/development/software/src/mercury_autonomy/mercury_autonomy/src/bt_actions/get_float64_topic.cpp:45:5:[m[K [01;31m[Kerror: [m[K‘[01m[Ksub_[m[K’ was not declared in this scope
   45 |     [01;31m[Ksub_[m[K.reset();
      |     [01;31m[K^~~~[m[K
[01m[K/home/bobdobchob/osu-uwrt/development/software/src/mercury_autonomy/mercury_autonomy/src/bt_actions/get_float64_topic.cpp:[m[K In member function ‘[01m[Kvirtual void mercury_autonomy::GetFloat64Topic::onHalted()[m[K’:
[01m[K/home/bobdobchob/osu-uwrt/development/software/src/mercury_autonomy/mercury_autonomy/src/bt_actions/get_float64_topic.cpp:54:3:[m[K [01;31m[Kerror: [m[K‘[01m[Ksub_[m[K’ was not declared in this scope
   54 |   [01;31m[Ksub_[m[K.reset();
      |   [01;31m[K^~~~[m[K
gmake[2]: *** [CMakeFiles/mercury_bt_actions.dir/build.make:104: CMakeFiles/mercury_bt_actions.dir/src/bt_actions/compute_frame_alignment.cpp.o] Error 1
gmake[2]: *** Waiting for unfinished jobs....
[ 77%] [32m[1mLinking CXX executable test_topic_nodes[0m
[ 79%] [32m[1mLinking CXX shared library libmercury_bt_conditions.so[0m
In file included from [01m[K/home/bobdobchob/osu-uwrt/development/software/src/mercury_autonomy/mercury_autonomy/src/bt_actions/get_mapping_state.cpp:3[m[K:
[01m[K/home/bobdobchob/osu-uwrt/development/software/src/mercury_autonomy/mercury_autonomy/include/mercury_autonomy/bt_actions/get_mapping_state.hpp:32:24:[m[K [01;31m[Kerror: [m[K‘[01m[Kmercury_msgs[m[K’ was not declared in this scope
   32 |   rclcpp::Subscription<[01;31m[Kmercury_msgs[m[K::msg::MappingTargetInfo>::SharedPtr sub_;
      |                        [01;31m[K^~~~~~~~~~~~[m[K
[01m[K/home/bobdobchob/osu-uwrt/development/software/src/mercury_autonomy/mercury_autonomy/include/mercury_autonomy/bt_actions/get_mapping_state.hpp:32:60:[m[K [01;31m[Kerror: [m[Ktemplate argument 1 is invalid
   32 |   rclcpp::Subscription<mercury_msgs::msg::MappingTargetInfo[01;31m[K>[m[K::SharedPtr sub_;
      |                                                            [01;31m[K^[m[K
[01m[K/home/bobdobchob/osu-uwrt/development/software/src/mercury_autonomy/mercury_autonomy/include/mercury_autonomy/bt_actions/get_mapping_state.hpp:32:60:[m[K [01;31m[Kerror: [m[Ktemplate argument 3 is invalid
[01m[K/home/bobdobchob/osu-uwrt/development/software/src/mercury_autonomy/mercury_autonomy/include/mercury_autonomy/bt_actions/get_mapping_state.hpp:32:60:[m[K [01;31m[Kerror: [m[Ktemplate argument 4 is invalid
[01m[K/home/bobdobchob/osu-uwrt/development/software/src/mercury_autonomy/mercury_autonomy/include/mercury_autonomy/bt_actions/get_mapping_state.hpp:32:60:[m[K [01;31m[Kerror: [m[Ktemplate argument 5 is invalid
[01m[K/home/bobdobchob/osu-uwrt/development/software/src/mercury_autonomy/mercury_autonomy/include/mercury_autonomy/bt_actions/get_mapping_state.hpp:32:63:[m[K [01;31m[Kerror: [m[Kexpected ‘[01m[K;[m[K’ at end of member declaration
   32 |   rclcpp::Subscription<mercury_msgs::msg::MappingTargetInfo>::[01;31m[KSharedPtr[m[K sub_;
      |                                                               [01;31m[K^~~~~~~~~[m[K
      |                                                                        [32m[K;[m[K
[01m[K/home/bobdobchob/osu-uwrt/development/software/src/mercury_autonomy/mercury_autonomy/include/mercury_autonomy/bt_actions/get_mapping_state.hpp:32:73:[m[K [01;31m[Kerror: [m[K‘[01m[Ksub_[m[K’ does not name a type
   32 |   rclcpp::Subscription<mercury_msgs::msg::MappingTargetInfo>::SharedPtr [01;31m[Ksub_[m[K;
      |                                                                         [01;31m[K^~~~[m[K
[01m[K/home/bobdobchob/osu-uwrt/development/software/src/mercury_autonomy/mercury_autonomy/include/mercury_autonomy/bt_actions/get_mapping_state.hpp:34:3:[m[K [01;31m[Kerror: [m[K‘[01m[Kmercury_msgs[m[K’ does not name a type
   34 |   [01;31m[Kmercury_msgs[m[K::msg::MappingTargetInfo latest_msg_;
      |   [01;31m[K^~~~~~~~~~~~[m[K
[01m[K/home/bobdobchob/osu-uwrt/development/software/src/mercury_autonomy/mercury_autonomy/src/bt_actions/get_mapping_state.cpp:[m[K In member function ‘[01m[Kvirtual void mercury_autonomy::GetMappingState::rosInit()[m[K’:
[01m[K/home/bobdobchob/osu-uwrt/development/software/src/mercury_autonomy/mercury_autonomy/src/bt_actions/get_mapping_state.cpp:15:3:[m[K [01;31m[Kerror: [m[K‘[01m[Ksub_[m[K’ was not declared in this scope
   15 |   [01;31m[Ksub_[m[K = rosNode()->create_subscription<mercury_msgs::msg::MappingTargetInfo>(
      |   [01;31m[K^~~~[m[K
[01m[K/home/bobdobchob/osu-uwrt/development/software/src/mercury_autonomy/mercury_autonomy/src/bt_actions/get_mapping_state.cpp:15:41:[m[K [01;31m[Kerror: [m[K‘[01m[Kmercury_msgs[m[K’ was not declared in this scope
   15 |   sub_ = rosNode()->create_subscription<[01;31m[Kmercury_msgs[m[K::msg::MappingTargetInfo>(
      |                                         [01;31m[K^~~~~~~~~~~~[m[K
[01m[K/home/bobdobchob/osu-uwrt/development/software/src/mercury_autonomy/mercury_autonomy/src/bt_actions/get_mapping_state.cpp:15:21:[m[K [01;31m[Kerror: [m[Kparse error in template argument list
   15 |   sub_ = rosNode()->[01;31m[Kcreate_subscription<mercury_msgs::msg::MappingTargetInfo>[m[K(
      |                     [01;31m[K^~~~~~~~~~~~~~~~~~~~~~~~~~~~~~~~~~~~~~~~~~~~~~~~~~~~~~~~~[m[K
[01m[K/home/bobdobchob/osu-uwrt/development/software/src/mercury_autonomy/mercury_autonomy/src/bt_actions/get_mapping_state.cpp:17:12:[m[K [01;31m[Kerror: [m[K‘[01m[Kmercury_msgs[m[K’ is not a class, namespace, or enumeration
   17 |     [this]([01;31m[Kmercury_msgs[m[K::msg::MappingTargetInfo::SharedPtr msg) {
      |            [01;31m[K^~~~~~~~~~~~[m[K
[01m[K/home/bobdobchob/osu-uwrt/development/software/src/mercury_autonomy/mercury_autonomy/src/bt_actions/get_mapping_state.cpp:17:60:[m[K [01;31m[Kerror: [m[Kexpected ‘[01m[K,[m[K’ or ‘[01m[K...[m[K’ before ‘[01m[Kmsg[m[K’
   17 |     [this](mercury_msgs::msg::MappingTargetInfo::SharedPtr [01;31m[Kmsg[m[K) {
      |                                                            [01;31m[K^~~[m[K
[01m[K/home/bobdobchob/osu-uwrt/development/software/src/mercury_autonomy/mercury_autonomy/src/bt_actions/get_mapping_state.cpp:[m[K In lambda function:
[01m[K/home/bobdobchob/osu-uwrt/development/software/src/mercury_autonomy/mercury_autonomy/src/bt_actions/get_mapping_state.cpp:18:7:[m[K [01;31m[Kerror: [m[K‘[01m[Klatest_msg_[m[K’ was not declared in this scope
   18 |       [01;31m[Klatest_msg_[m[K = *msg;
      |       [01;31m[K^~~~~~~~~~~[m[K
[01m[K/home/bobdobchob/osu-uwrt/development/software/src/mercury_autonomy/mercury_autonomy/src/bt_actions/get_mapping_state.cpp:18:22:[m[K [01;31m[Kerror: [m[K‘[01m[Kmsg[m[K’ was not declared in this scope
   18 |       latest_msg_ = *[01;31m[Kmsg[m[K;
      |                      [01;31m[K^~~[m[K
[01m[K/home/bobdobchob/osu-uwrt/development/software/src/mercury_autonomy/mercury_autonomy/src/bt_actions/get_mapping_state.cpp:18:22:[m[K [01;36m[Knote: [m[Ksuggested alternatives:
In file included from [01m[K/opt/ros/humble/include/builtin_interfaces/builtin_interfaces/msg/duration.hpp:7[m[K,
                 from [01m[K/opt/ros/humble/include/rclcpp/rclcpp/duration.hpp:20[m[K,
                 from [01m[K/opt/ros/humble/include/rclcpp/rclcpp/qos.hpp:20[m[K,
                 from [01m[K/opt/ros/humble/include/rclcpp/rclcpp/node_interfaces/node_graph_interface.hpp:32[m[K,
                 from [01m[K/opt/ros/humble/include/rclcpp/rclcpp/client.hpp:42[m[K,
                 from [01m[K/opt/ros/humble/include/rclcpp/rclcpp/callback_group.hpp:24[m[K,
                 from [01m[K/opt/ros/humble/include/rclcpp/rclcpp/any_executable.hpp:20[m[K,
                 from [01m[K/opt/ros/humble/include/rclcpp/rclcpp/memory_strategy.hpp:25[m[K,
                 from [01m[K/opt/ros/humble/include/rclcpp/rclcpp/memory_strategies.hpp:18[m[K,
                 from [01m[K/opt/ros/humble/include/rclcpp/rclcpp/executor_options.hpp:20[m[K,
                 from [01m[K/opt/ros/humble/include/rclcpp/rclcpp/executor.hpp:37[m[K,
                 from [01m[K/opt/ros/humble/include/rclcpp/rclcpp/executors/multi_threaded_executor.hpp:25[m[K,
                 from [01m[K/opt/ros/humble/include/rclcpp/rclcpp/executors.hpp:21[m[K,
                 from [01m[K/opt/ros/humble/include/rclcpp/rclcpp/rclcpp.hpp:155[m[K,
                 from [01m[K/home/bobdobchob/osu-uwrt/development/software/src/mercury_autonomy/mercury_autonomy/include/mercury_autonomy/autonomy_base.hpp:20[m[K,
                 from [01m[K/home/bobdobchob/osu-uwrt/development/software/src/mercury_autonomy/mercury_autonomy/include/mercury_autonomy/autonomy_lib.hpp:6[m[K,
                 from [01m[K/home/bobdobchob/osu-uwrt/development/software/src/mercury_autonomy/mercury_autonomy/include/mercury_autonomy/bt_actions/get_mapping_state.hpp:5[m[K,
                 from [01m[K/home/bobdobchob/osu-uwrt/development/software/src/mercury_autonomy/mercury_autonomy/src/bt_actions/get_mapping_state.cpp:3[m[K:
[01m[K/opt/ros/humble/include/builtin_interfaces/builtin_interfaces/msg/detail/duration__struct.hpp:27:11:[m[K [01;36m[Knote: [m[K  ‘[01m[Kbuiltin_interfaces::msg[m[K’
   27 | namespace [01;36m[Kmsg[m[K
      |           [01;36m[K^~~[m[K
In file included from [01m[K/opt/ros/humble/include/rcl_interfaces/rcl_interfaces/msg/set_parameters_result.hpp:7[m[K,
                 from [01m[K/opt/ros/humble/include/rclcpp/rclcpp/qos_overriding_options.hpp:28[m[K,
                 from [01m[K/opt/ros/humble/include/rclcpp/rclcpp/subscription_options.hpp:30[m[K,
                 from [01m[K/opt/ros/humble/include/rclcpp/rclcpp/subscription.hpp:45[m[K,
                 from [01m[K/opt/ros/humble/include/rclcpp/rclcpp/any_executable.hpp:25[m[K,
                 from [01m[K/opt/ros/humble/include/rclcpp/rclcpp/memory_strategy.hpp:25[m[K,
                 from [01m[K/opt/ros/humble/include/rclcpp/rclcpp/memory_strategies.hpp:18[m[K,
                 from [01m[K/opt/ros/humble/include/rclcpp/rclcpp/executor_options.hpp:20[m[K,
                 from [01m[K/opt/ros/humble/include/rclcpp/rclcpp/executor.hpp:37[m[K,
                 from [01m[K/opt/ros/humble/include/rclcpp/rclcpp/executors/multi_threaded_executor.hpp:25[m[K,
                 from [01m[K/opt/ros/humble/include/rclcpp/rclcpp/executors.hpp:21[m[K,
                 from [01m[K/opt/ros/humble/include/rclcpp/rclcpp/rclcpp.hpp:155[m[K,
                 from [01m[K/home/bobdobchob/osu-uwrt/development/software/src/mercury_autonomy/mercury_autonomy/include/mercury_autonomy/autonomy_base.hpp:20[m[K,
                 from [01m[K/home/bobdobchob/osu-uwrt/development/software/src/mercury_autonomy/mercury_autonomy/include/mercury_autonomy/autonomy_lib.hpp:6[m[K,
                 from [01m[K/home/bobdobchob/osu-uwrt/development/software/src/mercury_autonomy/mercury_autonomy/include/mercury_autonomy/bt_actions/get_mapping_state.hpp:5[m[K,
                 from [01m[K/home/bobdobchob/osu-uwrt/development/software/src/mercury_autonomy/mercury_autonomy/src/bt_actions/get_mapping_state.cpp:3[m[K:
[01m[K/opt/ros/humble/include/rcl_interfaces/rcl_interfaces/msg/detail/set_parameters_result__struct.hpp:27:11:[m[K [01;36m[Knote: [m[K  ‘[01m[Krcl_interfaces::msg[m[K’
   27 | namespace [01;36m[Kmsg[m[K
      |           [01;36m[K^~~[m[K
In file included from [01m[K/opt/ros/humble/include/statistics_msgs/statistics_msgs/msg/detail/metrics_message__struct.hpp:23[m[K,
                 from [01m[K/opt/ros/humble/include/statistics_msgs/statistics_msgs/msg/metrics_message.hpp:7[m[K,
                 from [01m[K/opt/ros/humble/include/libstatistics_collector/libstatistics_collector/collector/generate_statistics_message.hpp:21[m[K,
                 from [01m[K/opt/ros/humble/include/rclcpp/rclcpp/topic_statistics/subscription_topic_statistics.hpp:23[m[K,
                 from [01m[K/opt/ros/humble/include/rclcpp/rclcpp/subscription.hpp:50[m[K,
                 from [01m[K/opt/ros/humble/include/rclcpp/rclcpp/any_executable.hpp:25[m[K,
                 from [01m[K/opt/ros/humble/include/rclcpp/rclcpp/memory_strategy.hpp:25[m[K,
                 from [01m[K/opt/ros/humble/include/rclcpp/rclcpp/memory_strategies.hpp:18[m[K,
                 from [01m[K/opt/ros/humble/include/rclcpp/rclcpp/executor_options.hpp:20[m[K,
                 from [01m[K/opt/ros/humble/include/rclcpp/rclcpp/executor.hpp:37[m[K,
                 from [01m[K/opt/ros/humble/include/rclcpp/rclcpp/executors/multi_threaded_executor.hpp:25[m[K,
                 from [01m[K/opt/ros/humble/include/rclcpp/rclcpp/executors.hpp:21[m[K,
                 from [01m[K/opt/ros/humble/include/rclcpp/rclcpp/rclcpp.hpp:155[m[K,
                 from [01m[K/home/bobdobchob/osu-uwrt/development/software/src/mercury_autonomy/mercury_autonomy/include/mercury_autonomy/autonomy_base.hpp:20[m[K,
                 from [01m[K/home/bobdobchob/osu-uwrt/development/software/src/mercury_autonomy/mercury_autonomy/include/mercury_autonomy/autonomy_lib.hpp:6[m[K,
                 from [01m[K/home/bobdobchob/osu-uwrt/development/software/src/mercury_autonomy/mercury_autonomy/include/mercury_autonomy/bt_actions/get_mapping_state.hpp:5[m[K,
                 from [01m[K/home/bobdobchob/osu-uwrt/development/software/src/mercury_autonomy/mercury_autonomy/src/bt_actions/get_mapping_state.cpp:3[m[K:
[01m[K/opt/ros/humble/include/statistics_msgs/statistics_msgs/msg/detail/statistic_data_point__struct.hpp:27:11:[m[K [01;36m[Knote: [m[K  ‘[01m[Kstatistics_msgs::msg[m[K’
   27 | namespace [01;36m[Kmsg[m[K
      |           [01;36m[K^~~[m[K
In file included from [01m[K/opt/ros/humble/include/action_msgs/action_msgs/msg/detail/goal_info__struct.hpp:20[m[K,
                 from [01m[K/opt/ros/humble/include/action_msgs/action_msgs/msg/detail/goal_status__struct.hpp:20[m[K,
                 from [01m[K/opt/ros/humble/include/action_msgs/action_msgs/msg/goal_status.hpp:7[m[K,
                 from [01m[K/opt/ros/humble/include/rclcpp_action/rclcpp_action/client_goal_handle.hpp:25[m[K,
                 from [01m[K/opt/ros/humble/include/rclcpp_action/rclcpp_action/client.hpp:43[m[K,
                 from [01m[K/opt/ros/humble/include/rclcpp_action/rclcpp_action/rclcpp_action.hpp:36[m[K,
                 from [01m[K/home/bobdobchob/osu-uwrt/development/software/src/mercury_autonomy/mercury_autonomy/include/mercury_autonomy/autonomy_base.hpp:21[m[K,
                 from [01m[K/home/bobdobchob/osu-uwrt/development/software/src/mercury_autonomy/mercury_autonomy/include/mercury_autonomy/autonomy_lib.hpp:6[m[K,
                 from [01m[K/home/bobdobchob/osu-uwrt/development/software/src/mercury_autonomy/mercury_autonomy/include/mercury_autonomy/bt_actions/get_mapping_state.hpp:5[m[K,
                 from [01m[K/home/bobdobchob/osu-uwrt/development/software/src/mercury_autonomy/mercury_autonomy/src/bt_actions/get_mapping_state.cpp:3[m[K:
[01m[K/opt/ros/humble/include/unique_identifier_msgs/unique_identifier_msgs/msg/detail/uuid__struct.hpp:27:11:[m[K [01;36m[Knote: [m[K  ‘[01m[Kunique_identifier_msgs::msg[m[K’
   27 | namespace [01;36m[Kmsg[m[K
      |           [01;36m[K^~~[m[K
In file included from [01m[K/opt/ros/humble/include/action_msgs/action_msgs/msg/detail/goal_status__struct.hpp:20[m[K,
                 from [01m[K/opt/ros/humble/include/action_msgs/action_msgs/msg/goal_status.hpp:7[m[K,
                 from [01m[K/opt/ros/humble/include/rclcpp_action/rclcpp_action/client_goal_handle.hpp:25[m[K,
                 from [01m[K/opt/ros/humble/include/rclcpp_action/rclcpp_action/client.hpp:43[m[K,
                 from [01m[K/opt/ros/humble/include/rclcpp_action/rclcpp_action/rclcpp_action.hpp:36[m[K,
                 from [01m[K/home/bobdobchob/osu-uwrt/development/software/src/mercury_autonomy/mercury_autonomy/include/mercury_autonomy/autonomy_base.hpp:21[m[K,
                 from [01m[K/home/bobdobchob/osu-uwrt/development/software/src/mercury_autonomy/mercury_autonomy/include/mercury_autonomy/autonomy_lib.hpp:6[m[K,
                 from [01m[K/home/bobdobchob/osu-uwrt/development/software/src/mercury_autonomy/mercury_autonomy/include/mercury_autonomy/bt_actions/get_mapping_state.hpp:5[m[K,
                 from [01m[K/home/bobdobchob/osu-uwrt/development/software/src/mercury_autonomy/mercury_autonomy/src/bt_actions/get_mapping_state.cpp:3[m[K:
[01m[K/opt/ros/humble/include/action_msgs/action_msgs/msg/detail/goal_info__struct.hpp:33:11:[m[K [01;36m[Knote: [m[K  ‘[01m[Kaction_msgs::msg[m[K’
   33 | namespace [01;36m[Kmsg[m[K
      |           [01;36m[K^~~[m[K
In file included from [01m[K/opt/ros/humble/include/geometry_msgs/geometry_msgs/msg/detail/transform_stamped__struct.hpp:20[m[K,
                 from [01m[K/opt/ros/humble/include/geometry_msgs/geometry_msgs/msg/transform_stamped.hpp:7[m[K,
                 from [01m[K/opt/ros/humble/include/tf2/tf2/buffer_core.hpp:48[m[K,
                 from [01m[K/opt/ros/humble/include/tf2_ros/tf2_ros/async_buffer_interface.h:39[m[K,
                 from [01m[K/opt/ros/humble/include/tf2_ros/tf2_ros/buffer.h:41[m[K,
                 from [01m[K/home/bobdobchob/osu-uwrt/development/software/src/mercury_autonomy/mercury_autonomy/include/mercury_autonomy/autonomy_base.hpp:28[m[K,
                 from [01m[K/home/bobdobchob/osu-uwrt/development/software/src/mercury_autonomy/mercury_autonomy/include/mercury_autonomy/autonomy_lib.hpp:6[m[K,
                 from [01m[K/home/bobdobchob/osu-uwrt/development/software/src/mercury_autonomy/mercury_autonomy/include/mercury_autonomy/bt_actions/get_mapping_state.hpp:5[m[K,
                 from [01m[K/home/bobdobchob/osu-uwrt/development/software/src/mercury_autonomy/mercury_autonomy/src/bt_actions/get_mapping_state.cpp:3[m[K:
[01m[K/opt/ros/humble/include/std_msgs/std_msgs/msg/detail/header__struct.hpp:31:11:[m[K [01;36m[Knote: [m[K  ‘[01m[Kstd_msgs::msg[m[K’
   31 | namespace [01;36m[Kmsg[m[K
      |           [01;36m[K^~~[m[K
In file included from [01m[K/opt/ros/humble/include/geometry_msgs/geometry_msgs/msg/detail/transform__struct.hpp:20[m[K,
                 from [01m[K/opt/ros/humble/include/geometry_msgs/geometry_msgs/msg/detail/transform_stamped__struct.hpp:22[m[K,
                 from [01m[K/opt/ros/humble/include/geometry_msgs/geometry_msgs/msg/transform_stamped.hpp:7[m[K,
                 from [01m[K/opt/ros/humble/include/tf2/tf2/buffer_core.hpp:48[m[K,
                 from [01m[K/opt/ros/humble/include/tf2_ros/tf2_ros/async_buffer_interface.h:39[m[K,
                 from [01m[K/opt/ros/humble/include/tf2_ros/tf2_ros/buffer.h:41[m[K,
                 from [01m[K/home/bobdobchob/osu-uwrt/development/software/src/mercury_autonomy/mercury_autonomy/include/mercury_autonomy/autonomy_base.hpp:28[m[K,
                 from [01m[K/home/bobdobchob/osu-uwrt/development/software/src/mercury_autonomy/mercury_autonomy/include/mercury_autonomy/autonomy_lib.hpp:6[m[K,
                 from [01m[K/home/bobdobchob/osu-uwrt/development/software/src/mercury_autonomy/mercury_autonomy/include/mercury_autonomy/bt_actions/get_mapping_state.hpp:5[m[K,
                 from [01m[K/home/bobdobchob/osu-uwrt/development/software/src/mercury_autonomy/mercury_autonomy/src/bt_actions/get_mapping_state.cpp:3[m[K:
[01m[K/opt/ros/humble/include/geometry_msgs/geometry_msgs/msg/detail/vector3__struct.hpp:27:11:[m[K [01;36m[Knote: [m[K  ‘[01m[Kgeometry_msgs::msg[m[K’
   27 | namespace [01;36m[Kmsg[m[K
      |           [01;36m[K^~~[m[K
In file included from [01m[K/opt/ros/humble/include/tf2_msgs/tf2_msgs/msg/tf_message.hpp:7[m[K,
                 from [01m[K/opt/ros/humble/include/tf2_ros/tf2_ros/transform_listener.h:44[m[K,
                 from [01m[K/home/bobdobchob/osu-uwrt/development/software/src/mercury_autonomy/mercury_autonomy/include/mercury_autonomy/autonomy_base.hpp:29[m[K,
                 from [01m[K/home/bobdobchob/osu-uwrt/development/software/src/mercury_autonomy/mercury_autonomy/include/mercury_autonomy/autonomy_lib.hpp:6[m[K,
                 from [01m[K/home/bobdobchob/osu-uwrt/development/software/src/mercury_autonomy/mercury_autonomy/include/mercury_autonomy/bt_actions/get_mapping_state.hpp:5[m[K,
                 from [01m[K/home/bobdobchob/osu-uwrt/development/software/src/mercury_autonomy/mercury_autonomy/src/bt_actions/get_mapping_state.cpp:3[m[K:
[01m[K/opt/ros/humble/include/tf2_msgs/tf2_msgs/msg/detail/tf_message__struct.hpp:31:11:[m[K [01;36m[Knote: [m[K  ‘[01m[Ktf2_msgs::msg[m[K’
   31 | namespace [01;36m[Kmsg[m[K
      |           [01;36m[K^~~[m[K
In file included from [01m[K/opt/ros/humble/include/nav_msgs/nav_msgs/msg/odometry.hpp:7[m[K,
                 from [01m[K/home/bobdobchob/osu-uwrt/development/software/src/mercury_autonomy/mercury_autonomy/include/mercury_autonomy/autonomy_base.hpp:39[m[K,
                 from [01m[K/home/bobdobchob/osu-uwrt/development/software/src/mercury_autonomy/mercury_autonomy/include/mercury_autonomy/autonomy_lib.hpp:6[m[K,
                 from [01m[K/home/bobdobchob/osu-uwrt/development/software/src/mercury_autonomy/mercury_autonomy/include/mercury_autonomy/bt_actions/get_mapping_state.hpp:5[m[K,
                 from [01m[K/home/bobdobchob/osu-uwrt/development/software/src/mercury_autonomy/mercury_autonomy/src/bt_actions/get_mapping_state.cpp:3[m[K:
[01m[K/opt/ros/humble/include/nav_msgs/nav_msgs/msg/detail/odometry__struct.hpp:35:11:[m[K [01;36m[Knote: [m[K  ‘[01m[Knav_msgs::msg[m[K’
   35 | namespace [01;36m[Kmsg[m[K
      |           [01;36m[K^~~[m[K
In file included from [01m[K/opt/ros/humble/include/sensor_msgs/sensor_msgs/msg/imu.hpp:7[m[K,
                 from [01m[K/home/bobdobchob/osu-uwrt/development/software/src/mercury_autonomy/mercury_autonomy/include/mercury_autonomy/autonomy_base.hpp:40[m[K,
                 from [01m[K/home/bobdobchob/osu-uwrt/development/software/src/mercury_autonomy/mercury_autonomy/include/mercury_autonomy/autonomy_lib.hpp:6[m[K,
                 from [01m[K/home/bobdobchob/osu-uwrt/development/software/src/mercury_autonomy/mercury_autonomy/include/mercury_autonomy/bt_actions/get_mapping_state.hpp:5[m[K,
                 from [01m[K/home/bobdobchob/osu-uwrt/development/software/src/mercury_autonomy/mercury_autonomy/src/bt_actions/get_mapping_state.cpp:3[m[K:
[01m[K/opt/ros/humble/include/sensor_msgs/sensor_msgs/msg/detail/imu__struct.hpp:36:11:[m[K [01;36m[Knote: [m[K  ‘[01m[Ksensor_msgs::msg[m[K’
   36 | namespace [01;36m[Kmsg[m[K
      |           [01;36m[K^~~[m[K
[01m[K/home/bobdobchob/osu-uwrt/development/software/src/mercury_autonomy/mercury_autonomy/src/bt_actions/get_mapping_state.cpp:17:50:[m[K [01;35m[Kwarning: [m[Kunused parameter ‘[01m[KSharedPtr[m[K’ [[01;35m[K]8;;https://gcc.gnu.org/onlinedocs/gcc/Warning-Options.html#index-Wunused-parameter-Wunused-parameter]8;;[m[K]
   17 |     [this]([01;35m[Kmercury_msgs::msg::MappingTargetInfo::SharedPtr[m[K msg) {
      |            [01;35m[K~~~~~~~~~~~~~~~~~~~~~~~~~~~~~~~~~~~~~~^~~~~~~~~[m[K
[01m[K/home/bobdobchob/osu-uwrt/development/software/src/mercury_autonomy/mercury_autonomy/src/bt_actions/get_mapping_state.cpp:[m[K In member function ‘[01m[Kvirtual void mercury_autonomy::GetMappingState::rosInit()[m[K’:
[01m[K/home/bobdobchob/osu-uwrt/development/software/src/mercury_autonomy/mercury_autonomy/src/bt_actions/get_mapping_state.cpp:15:78:[m[K [01;31m[Kerror: [m[Kno matching function for call to ‘[01m[Krclcpp::Node::create_subscription<<expression error> >(const char [14], int, mercury_autonomy::GetMappingState::rosInit()::<lambda(int)>)[m[K’
   15 |   sub_ = [01;31m[KrosNode()->create_subscription<mercury_msgs::msg::MappingTargetInfo>([m[K
      |          [01;31m[K~~~~~~~~~~~~~~~~~~~~~~~~~~~~~~~~~~~~~~~~~~~~~~~~~~~~~~~~~~~~~~~~~~~~^[m[K
   16 | [01;31m[K    kMappingStateTopic, 10,[m[K
      |     [01;31m[K~~~~~~~~~~~~~~~~~~~~~~~[m[K                                                   
   17 | [01;31m[K    [this](mercury_msgs::msg::MappingTargetInfo::SharedPtr msg) {[m[K
      |     [01;31m[K~~~~~~~~~~~~~~~~~~~~~~~~~~~~~~~~~~~~~~~~~~~~~~~~~~~~~~~~~~~~~[m[K             
   18 | [01;31m[K      latest_msg_ = *msg;[m[K
      |       [01;31m[K~~~~~~~~~~~~~~~~~~~[m[K                                                     
   19 | [01;31m[K      msg_received_ = true;[m[K
      |       [01;31m[K~~~~~~~~~~~~~~~~~~~~~[m[K                                                   
   20 | [01;31m[K    })[m[K;
      |     [01;31m[K~~[m[K                                                                        
In file included from [01m[K/opt/ros/humble/include/rclcpp/rclcpp/executors/single_threaded_executor.hpp:28[m[K,
                 from [01m[K/opt/ros/humble/include/rclcpp/rclcpp/executors.hpp:22[m[K,
                 from [01m[K/opt/ros/humble/include/rclcpp/rclcpp/rclcpp.hpp:155[m[K,
                 from [01m[K/home/bobdobchob/osu-uwrt/development/software/src/mercury_autonomy/mercury_autonomy/include/mercury_autonomy/autonomy_base.hpp:20[m[K,
                 from [01m[K/home/bobdobchob/osu-uwrt/development/software/src/mercury_autonomy/mercury_autonomy/include/mercury_autonomy/autonomy_lib.hpp:6[m[K,
                 from [01m[K/home/bobdobchob/osu-uwrt/development/software/src/mercury_autonomy/mercury_autonomy/include/mercury_autonomy/bt_actions/get_mapping_state.hpp:5[m[K,
                 from [01m[K/home/bobdobchob/osu-uwrt/development/software/src/mercury_autonomy/mercury_autonomy/src/bt_actions/get_mapping_state.cpp:3[m[K:
[01m[K/opt/ros/humble/include/rclcpp/rclcpp/node.hpp:219:3:[m[K [01;36m[Knote: [m[Kcandidate: ‘[01m[Ktemplate<class MessageT, class CallbackT, class AllocatorT, class SubscriptionT, class MessageMemoryStrategyT> std::shared_ptr<ROSMessageT> rclcpp::Node::create_subscription(const string&, const rclcpp::QoS&, CallbackT&&, const rclcpp::SubscriptionOptionsWithAllocator<AllocatorT>&, typename MessageMemoryStrategyT::SharedPtr)[m[K’
  219 |   [01;36m[Kcreate_subscription[m[K(
      |   [01;36m[K^~~~~~~~~~~~~~~~~~~[m[K
[01m[K/opt/ros/humble/include/rclcpp/rclcpp/node.hpp:219:3:[m[K [01;36m[Knote: [m[K  template argument deduction/substitution failed:
[01m[K/home/bobdobchob/osu-uwrt/development/software/src/mercury_autonomy/mercury_autonomy/src/bt_actions/get_mapping_state.cpp:15:78:[m[K [01;31m[Kerror: [m[Ktemplate argument 1 is invalid
   15 |   sub_ = [01;31m[KrosNode()->create_subscription<mercury_msgs::msg::MappingTargetInfo>([m[K
      |          [01;31m[K~~~~~~~~~~~~~~~~~~~~~~~~~~~~~~~~~~~~~~~~~~~~~~~~~~~~~~~~~~~~~~~~~~~~^[m[K
   16 | [01;31m[K    kMappingStateTopic, 10,[m[K
      |     [01;31m[K~~~~~~~~~~~~~~~~~~~~~~~[m[K                                                   
   17 | [01;31m[K    [this](mercury_msgs::msg::MappingTargetInfo::SharedPtr msg) {[m[K
      |     [01;31m[K~~~~~~~~~~~~~~~~~~~~~~~~~~~~~~~~~~~~~~~~~~~~~~~~~~~~~~~~~~~~~[m[K             
   18 | [01;31m[K      latest_msg_ = *msg;[m[K
      |       [01;31m[K~~~~~~~~~~~~~~~~~~~[m[K                                                     
   19 | [01;31m[K      msg_received_ = true;[m[K
      |       [01;31m[K~~~~~~~~~~~~~~~~~~~~~[m[K                                                   
   20 | [01;31m[K    })[m[K;
      |     [01;31m[K~~[m[K                                                                        
[01m[K/home/bobdobchob/osu-uwrt/development/software/src/mercury_autonomy/mercury_autonomy/src/bt_actions/get_mapping_state.cpp:[m[K In member function ‘[01m[Kvirtual BT::NodeStatus mercury_autonomy::GetMappingState::onRunning()[m[K’:
[01m[K/home/bobdobchob/osu-uwrt/development/software/src/mercury_autonomy/mercury_autonomy/src/bt_actions/get_mapping_state.cpp:33:29:[m[K [01;31m[Kerror: [m[K‘[01m[Klatest_msg_[m[K’ was not declared in this scope
   33 |     setOutput("map_locked", [01;31m[Klatest_msg_[m[K.lock_map);
      |                             [01;31m[K^~~~~~~~~~~[m[K
[ 80%] [32m[1mLinking CXX executable test_condition_nodes[0m
[ 80%] Built target mercury_bt_conditions
gmake[2]: *** [CMakeFiles/mercury_bt_actions.dir/build.make:160: CMakeFiles/mercury_bt_actions.dir/src/bt_actions/get_float64_topic.cpp.o] Error 1
[ 80%] Built target test_topic_nodes
[ 80%] Built target test_condition_nodes
[ 81%] [32m[1mLinking CXX executable test_publish_nodes[0m
[ 81%] Built target test_publish_nodes
gmake[2]: *** [CMakeFiles/mercury_bt_actions.dir/build.make:202: CMakeFiles/mercury_bt_actions.dir/src/bt_actions/get_mapping_state.cpp.o] Error 1
[ 82%] [32m[1mLinking CXX executable test_sensor_nodes[0m
[ 82%] Built target test_sensor_nodes
gmake[1]: *** [CMakeFiles/Makefile2:209: CMakeFiles/mercury_bt_actions.dir/all] Error 2
gmake: *** [Makefile:146: all] Error 2
